snapshot_date,universe_id,game_name,genre,genre_l1,genre_l2,playing_ccu,total_visits,favorited_count,up_votes,down_votes,like_ratio,favorites_per_1k_visits,favorites_per_visit,engagement_score,created_date,age_days,tier,is_breakout,breakout_year,ccu_rank
2026-03-19,383310974,[🍭] Adopt Me!,RPG,Roleplay & Avatar Sim,Pet Care,396822,42684765966,28637753,8855406,1497604,0.8553,0.6709,0.00067091,0.0073978,2017-07-14,3169,top,True,2019,1
2026-03-19,1686885941,Brookhaven 🏡RP,Town and City,Roleplay & Avatar Sim,Life,374172,80119611633,26592103,7822409,1284146,0.859,0.3319,0.00033191,0.00365856,2020-04-21,2158,top,True,2020,2
2026-03-19,994732206,Blox Fruits,Adventure,RPG,Action RPG,249021,59889255685,18265812,11784106,1023013,0.9201,0.305,0.00030499,0.00348692,2019-01-16,2619,top,True,2021,3
2026-03-19,6035872082,[🍀] RIVALS,FPS,Shooter,Deathmatch Shooter,182252,12835176914,64780635,8757855,511475,0.9448,5.0471,0.00504712,0.05776302,2024-05-26,661,breakout,True,2025,4
2026-03-19,66654135,Murder Mystery 2,Horror,Survival,1 vs All,129216,24469383585,21385271,9346507,945601,0.9081,0.874,0.00087396,0.00934083,2014-01-18,4442,top,True,2017,5
2026-03-19,3808081382,The Strongest Battlegrounds,Fighting,Action,Battlegrounds & Fighting,75843,17198404054,6653404,4853644,937042,0.8382,0.3869,0.00038686,0.00364353,2022-08-02,1324,breakout,True,2024,6
2026-03-19,601130232,Bee Swarm Simulator,Adventure,Simulation,Incremental Simulator,73729,4249375116,6404540,2942434,136736,0.9556,1.5072,0.00150717,0.01614249,2018-03-21,2919,top,True,2018,7
2026-03-19,5361032378,Sol's RNG [ BOSS RAID 2🔥],All,Simulation,Incremental Simulator,41550,1707818232,897752,1262727,128674,0.9075,0.5257,0.00052567,0.00507337,2023-12-03,836,breakout,True,2025,8
2026-03-19,5750914919,Fisch 🍀 [ST. PATRICK'S],Adventure,Simulation,,33011,4315513159,3205761,2778486,298396,0.903,0.7428,0.00074285,0.00697947,2024-03-13,735,breakout,True,2025,9
2026-03-19,372226183,⛩️Flee the Facility💕,Horror,Survival,1 vs All,21702,5457282494,9388131,2616454,227512,0.92,1.7203,0.00172029,0.01580332,2017-07-01,3182,lower_mid,False,,10
2026-03-19,1831550657,🌷 Creatures of Sonaria ✨ Survive Kaiju Animals,All,Roleplay & Avatar Sim,Animal Sim,20356,1855988542,9399007,1272996,104750,0.924,5.0642,0.00506415,0.04642243,2020-06-25,2092,lower_mid,False,,11
2026-03-19,88070565,[🩰] Welcome to Bloxburg,Town and City,Roleplay & Avatar Sim,Life,17843,9845422471,13824789,5543363,733072,0.8832,1.4042,0.00140418,0.01214064,2014-11-04,4153,established,False,,12
2026-03-19,1720936166,All Star Tower Defense,All,Strategy,Tower Defense,17009,7634559318,2296417,1462588,129133,0.9189,0.3008,0.00030079,0.00269247,2020-05-07,2142,established,False,,13
2026-03-19,3317679266,PLS DONATE 💸,All,Social,,15074,4904459632,4117389,3499687,255478,0.932,0.8395,0.00083952,0.00752734,2022-02-05,1502,breakout,True,2024,14
2026-03-19,4777817887,Blade Ball,Fighting,Action,Battlegrounds & Fighting,13940,6027497359,12142536,8052171,554635,0.9356,2.0145,0.00201452,0.01798496,2023-06-17,1006,breakout,True,2024,15
2026-03-19,1235188606,[VEIDREKI] Dragon Adventures 🐉,Adventure,RPG,,11724,1526756905,12416927,1027337,74264,0.9326,8.1329,0.00813288,0.07106377,2019-07-15,2438,mid,False,,16
2026-03-19,210851291,Build A Boat For Treasure,Adventure,Simulation,Sandbox,11605,4931187662,8273922,3515832,252056,0.9331,1.6779,0.00167788,0.0146532,2016-11-02,3423,top,True,2017,17
2026-03-19,321778215,Royale🌼High,All,Roleplay & Avatar Sim,Dress Up,8950,10366101708,13263986,3230640,531232,0.8588,1.2796,0.00127955,0.00999912,2017-04-10,3264,top,True,2018,18
2026-03-19,65241,Natural Disaster Survival,All,Survival,,8796,4161131130,11472350,4261844,430959,0.9082,2.757,0.00275703,0.02274027,2008-03-28,6564,top,True,2014,19
2026-03-19,245662005,Jailbreak,Town and City,Action,Open World Action,8579,7831362510,18522688,5731899,804092,0.877,2.3652,0.00236519,0.01878656,2017-01-06,3358,top,True,2017,20
2026-03-19,5650396773,a dusty trip [🍀SHOP],Adventure,Adventure,,8163,2226806313,1962072,1926461,209976,0.9017,0.8811,0.00088111,0.00715659,2024-02-16,761,mid,False,,21
2026-03-19,73885730,Prison Life,Town and City,Action,Open World Action,7362,2825958957,5786381,1466138,254842,0.8519,2.0476,0.00204758,0.01553232,2014-05-02,4339,established,False,,22
2026-03-19,2440500124,DOORS [NEW BUNDLE 🍀],Adventure,Survival,Escape,7049,7262362734,7702548,4461707,341034,0.929,1.0606,0.00106061,0.00873053,2021-03-14,1831,breakout,True,2022,23
2026-03-19,47545,🍕Work at a Pizza Place,Town and City,Roleplay & Avatar Sim,Life,6303,5440531734,13230295,3359268,259594,0.9283,2.4318,0.0024318,0.01974951,2008-03-28,6564,established,False,,24
2026-03-19,1516533665,Piggy [MYSTERY SKIN QUEST],Horror,Survival,,6206,14112341278,12047603,3948842,429624,0.9019,0.8537,0.00085369,0.0067241,2020-01-23,2247,established,False,,25
2026-03-19,1176784616,🍀 Tower Defense Simulator 🍀,All,Strategy,Tower Defense,6133,4601761374,3359486,1954674,124394,0.9402,0.73,0.00073004,0.00598619,2019-06-05,2478,established,False,,26
2026-03-19,903807016,[👷] Emergency Response: Liberty County,Town and City,Roleplay & Avatar Sim,Life,5545,1448327503,2740153,1133787,112219,0.9099,1.8919,0.00189194,0.01484118,2018-11-01,2694,mid,False,,27
2026-03-19,371263894,Greenville,Town and City,Roleplay & Avatar Sim,Life,5033,1334904943,2555139,987697,140708,0.8753,1.9141,0.0019141,0.0142812,2017-06-28,3185,mid,False,,28
2026-03-19,1359573625,Deepwoken: Ironsworn,RPG,RPG,Action RPG,4829,1511411433,984551,395010,60311,0.8675,0.6514,0.00065141,0.00479375,2019-10-12,2349,mid,False,,29
2026-03-19,111958650,Arsenal,Fighting,Shooter,Deathmatch Shooter,4299,6162762242,11453780,5080844,655994,0.8857,1.8585,0.00185855,0.01377126,2015-08-18,3865,established,False,,30
2026-03-19,31970568,Theme Park Tycoon 2,Building,Simulation,Tycoon,3502,1546798354,5998868,2037049,254742,0.8888,3.8782,0.00387825,0.02813361,2012-01-02,5189,established,False,,31
2026-03-19,113491250,[SPRING UPDATE!] Phantom Forces,FPS,Shooter,Deathmatch Shooter,2290,1756781937,5943983,2448036,247415,0.9082,3.3834,0.00338345,0.02377411,2015-08-31,3852,established,False,,32
2026-03-19,1008451066,Da Hood ,Town and City,Action,Open World Action,2243,2886642564,2982315,1282842,536540,0.7051,1.0331,0.00103314,0.00562086,2019-01-27,2608,established,False,,33
2026-03-19,110181652,Epic Minigames ✨,All,Party & Casual,Minigame,2156,2304868805,8227911,2199783,232832,0.9043,3.5698,0.0035698,0.02478059,2015-07-29,3885,lower_mid,False,,34
2026-03-19,1511883870,Shindo Life [242],All,RPG,Action RPG,2040,2646645011,3004220,2175479,143990,0.9379,1.1351,0.00113511,0.00811382,2020-01-20,2249,established,False,,35
2026-03-19,2404080894,Funky Friday,All,Action,Music & Rhythm,1542,1963886144,4067560,1945026,211352,0.902,2.0712,0.00207118,0.0137152,2021-02-26,1846,lower_mid,False,,36
2026-03-19,848145103,Dungeon Quest! ⚔️ RPG Adventure,Fighting,RPG,Action RPG,1194,2315264909,5763742,1153341,101870,0.9188,2.4895,0.00248945,0.01620839,2018-09-25,2731,mid,False,,37
2026-03-19,2471084,🌳 Lumber Tycoon 2,Adventure,Simulation,Tycoon,1084,1288721149,4571670,2008272,282041,0.8769,3.5474,0.00354745,0.021741,2009-07-30,6075,lower_mid,False,,38
2026-03-19,2316994223,Pet Simulator X! 🐾,All,Simulation,Incremental Simulator,1047,8970012364,5961717,4206971,394609,0.9142,0.6646,0.00066463,0.00422586,2021-01-22,1881,breakout,True,2022,39
2026-03-19,1335695570,⚡Ninja Legends,Fighting,Simulation,Incremental Simulator,996,2138720717,4671119,1600331,130144,0.9248,2.1841,0.00218407,0.01394631,2019-09-22,2369,top,True,2020,40
2026-03-19,83858907,Speed Run 4,Adventure,Obby & Platformer,,816,1718887707,4511165,1024917,363069,0.7384,2.6245,0.00262447,0.01299526,2014-10-20,4167,mid,False,,41
2026-03-19,1424449565,Super Golf!,Sports,Sports & Racing,Sports,567,246000449,953773,308549,78455,0.7973,3.8771,0.00387712,0.01960435,2019-11-29,2302,mid,False,,42
2026-03-19,1434220026,My Restaurant! 👨‍🍳,All,Simulation,Tycoon,566,879319454,2671945,1076292,98824,0.9159,3.0387,0.00303865,0.01764591,2019-12-06,2295,established,False,,43
2026-03-19,1168263273,[🎃] Bad Business | FPS ,FPS,Shooter,Deathmatch Shooter,180,544709941,2179442,776063,131015,0.8556,4.0011,0.00400111,0.0177955,2019-05-29,2485,lower_mid,False,,44
2026-03-19,140239261,🏠 MeepCity 🏠,Town and City,Roleplay & Avatar Sim,,136,16269187391,14758175,2882677,514163,0.8486,0.9071,0.00090712,0.00378749,2016-02-23,3676,top,True,2016,45
2026-03-19,3183403065,[🤹APRIL FOOL'S🤡] AA,All,Strategy,Tower Defense,109,2507252196,1396910,720899,65142,0.9171,0.5571,0.00055715,0.00240183,2021-12-21,1549,established,False,,46
2026-03-19,1077961373,Giant Simulator,All,Simulation,Incremental Simulator,53,163499986,588321,175749,32878,0.8424,3.5983,0.00359829,0.01209153,2019-03-22,2554,lower_mid,False,,47
2026-03-19,81762198,[Sides] Vehicle Simulator,Town and City,Simulation,Vehicle Sim,23,665612729,3375988,1098832,133130,0.8919,5.072,0.005072,0.01437721,2014-08-08,4241,mid,False,,48
2026-03-19,1344222621,malymal91's Place,All,,,0,0,0,0,0,0.0,0.0,0.0,0.0,2019-09-29,2362,mid,False,,49
2026-03-19,67400893,efrenda's Place,All,,,0,0,0,0,0,0.0,0.0,0.0,0.0,2014-01-26,4434,lower_mid,False,,50
2026-03-19,1090335239,aleor3210's Place,All,,,0,0,0,0,0,0.0,0.0,0.0,0.0,2019-03-31,2544,lower_mid,False,,51
2026-03-19,2755335127,####'s Place,All,,,0,0,0,0,0,0.0,0.0,0.0,0.0,2021-07-19,1703,lower_mid,False,,52
2026-03-19,4494776745,chgcchfhcfvggjgvhc's Place,All,,,0,0,0,0,0,0.0,0.0,0.0,0.0,2023-03-19,1095,mid,False,,53
2026-03-19,4747349896,rgost1's Place,All,,,0,0,0,0,0,0.0,0.0,0.0,0.0,2023-06-07,1015,mid,False,,54
2026-03-19,1557606948,ProPro1052's Place,All,,,0,0,0,0,0,0.0,0.0,0.0,0.0,2020-02-17,2221,mid,False,,55
2026-03-19,498598030,puppyluver112232's Place,All,,,0,0,0,0,0,0.0,0.0,0.0,0.0,2017-12-05,3025,mid,False,,56
2026-03-20,383310974,[🍭] Adopt Me!,RPG,Roleplay & Avatar Sim,Pet Care,389579,42700977250,28645791,8860542,1497666,0.8554,0.6708,0.00067085,0.00738708,2017-07-14,3170,top,True,2019,1
2026-03-20,1686885941,Brookhaven 🏡RP,Town and City,Roleplay & Avatar Sim,Life,309684,80157540610,26610086,7826979,1284714,0.859,0.332,0.00033197,0.00360544,2020-04-21,2159,top,True,2020,2
2026-03-20,994732206,Blox Fruits,Adventure,RPG,Action RPG,300761,59914630763,18276379,11789493,1023271,0.9201,0.305,0.00030504,0.0035405,2019-01-16,2620,top,True,2021,3
2026-03-20,6035872082,[🍀] RIVALS,FPS,Shooter,Deathmatch Shooter,213309,12870263103,64951300,8770474,512755,0.9448,5.0466,0.00504662,0.05850416,2024-05-26,662,breakout,True,2025,4
2026-03-20,66654135,Murder Mystery 2,Horror,Survival,1 vs All,103015,24487844425,21394318,9350720,946096,0.9081,0.8737,0.00087367,0.00915788,2014-01-18,4443,top,True,2017,5
2026-03-20,3808081382,The Strongest Battlegrounds,Fighting,Action,Battlegrounds & Fighting,73987,17212296790,6658184,4856176,937600,0.8382,0.3868,0.00038683,0.00363513,2022-08-02,1325,breakout,True,2024,6
2026-03-20,601130232,Bee Swarm Simulator,Adventure,Simulation,Incremental Simulator,72683,4254197687,6405461,2943251,136775,0.9556,1.5057,0.00150568,0.01610594,2018-03-21,2920,top,True,2018,7
2026-03-20,5361032378,Sol's RNG [ BOSS RAID 2🔥],All,Simulation,Incremental Simulator,44115,1709667269,898164,1263361,128690,0.9076,0.5253,0.00052534,0.00509894,2023-12-03,837,breakout,True,2025,8
2026-03-20,5750914919,Fisch 🍀,Adventure,Simulation,,31361,4317658019,3208319,2779410,298414,0.903,0.7431,0.00074307,0.00694735,2024-03-13,736,breakout,True,2025,9
2026-03-20,1831550657,🌷 Creatures of Sonaria ✨ Survive Kaiju Animals,All,Roleplay & Avatar Sim,Animal Sim,18986,1857633541,9408764,1273838,104822,0.924,5.0649,0.00506492,0.04610334,2020-06-25,2093,lower_mid,False,,10
2026-03-20,1720936166,All Star Tower Defense,All,Strategy,Tower Defense,18974,7638716290,2296932,1463400,129114,0.9189,0.3007,0.0003007,0.00272196,2020-05-07,2143,established,False,,11
2026-03-20,3317679266,PLS DONATE 💸,All,Social,,15815,4907874451,4120374,3501576,255606,0.932,0.8395,0.00083954,0.00756512,2022-02-05,1503,breakout,True,2024,12
2026-03-20,88070565,[🚪] Welcome to Bloxburg,Town and City,Roleplay & Avatar Sim,Life,13639,9846730446,13825416,5543862,733071,0.8832,1.4041,0.00140406,0.01180654,2014-11-04,4154,established,False,,13
2026-03-20,4777817887,Blade Ball,Fighting,Action,Battlegrounds & Fighting,12675,6029698944,12147240,8054119,554819,0.9356,2.0146,0.00201457,0.01780598,2023-06-17,1007,breakout,True,2024,14
2026-03-20,372226183,⛩️Flee the Facility💕,Horror,Survival,1 vs All,11694,5460103079,9389371,2617300,227575,0.92,1.7196,0.00171963,0.01481913,2017-07-01,3183,lower_mid,False,,15
2026-03-20,210851291,Build A Boat For Treasure,Adventure,Simulation,Sandbox,11386,4932364185,8274875,3516438,252103,0.9331,1.6777,0.00167767,0.01462155,2016-11-02,3424,top,True,2017,16
2026-03-20,1235188606,[VEIDREKI] Dragon Adventures 🐉,Adventure,RPG,,11383,1528092895,12424587,1027821,74284,0.9326,8.1308,0.00813078,0.07082261,2019-07-15,2439,mid,False,,17
2026-03-20,321778215,Royale🌼High,All,Roleplay & Avatar Sim,Dress Up,8128,10366805619,13264231,3230920,531242,0.8588,1.2795,0.00127949,0.00989287,2017-04-10,3265,top,True,2018,18
2026-03-20,5650396773,a dusty trip [🍀SHOP],Adventure,Adventure,,7565,2228311439,1963398,1926937,210055,0.9017,0.8811,0.00088111,0.00709606,2024-02-16,762,mid,False,,19
2026-03-20,245662005,Jailbreak,Town and City,Action,Open World Action,7348,7832513164,18523311,5732212,804136,0.877,2.3649,0.00236493,0.01846323,2017-01-06,3359,top,True,2017,20
2026-03-20,2440500124,DOORS [NEW BUNDLE 🍀],Adventure,Survival,Escape,7150,7263931292,7703912,4462322,341073,0.929,1.0606,0.00106057,0.00874422,2021-03-14,1832,breakout,True,2022,21
2026-03-20,65241,Natural Disaster Survival,All,Survival,,6466,4162572703,11473939,4262548,431018,0.9082,2.7565,0.00275645,0.02196534,2008-03-28,6565,top,True,2014,22
2026-03-20,47545,🍕Work at a Pizza Place,Town and City,Roleplay & Avatar Sim,Life,5191,5441274158,13231773,3359763,259613,0.9283,2.4317,0.00243174,0.01931106,2008-03-28,6565,established,False,,23
2026-03-20,1516533665,Piggy [MYSTERY SKIN QUEST],Horror,Survival,,3753,14113254307,12048143,3949234,429645,0.9019,0.8537,0.00085368,0.00633685,2020-01-23,2248,established,False,,24
2026-03-20,1359573625,Deepwoken: Ironsworn,RPG,RPG,Action RPG,3603,1512004409,984754,395088,60310,0.8676,0.6513,0.00065129,0.00462755,2019-10-12,2350,mid,False,,25
2026-03-20,111958650,Arsenal,Fighting,Shooter,Deathmatch Shooter,3390,6163589441,11454030,5081101,656047,0.8856,1.8583,0.00185834,0.0133788,2015-08-18,3866,established,False,,26
2026-03-20,31970568,Theme Park Tycoon 2,Building,Simulation,Tycoon,3234,1547058068,5999217,2037249,254749,0.8889,3.8778,0.00387782,0.02785641,2012-01-02,5191,established,False,,27
2026-03-20,1008451066,Da Hood ,Town and City,Action,Open World Action,1994,2886945709,2982359,1282917,536569,0.7051,1.033,0.00103305,0.00553469,2019-01-27,2609,established,False,,28
2026-03-20,113491250,[SPRING UPDATE!] Phantom Forces,FPS,Shooter,Deathmatch Shooter,1817,1757020254,5944135,2448118,247431,0.9082,3.3831,0.00338308,0.0230609,2015-08-31,3854,established,False,,29
2026-03-20,1511883870,Shindo Life [242],All,RPG,Action RPG,1678,2646784363,3004294,2175603,143991,0.9379,1.1351,0.00113507,0.00790576,2020-01-20,2250,established,False,,30
2026-03-20,110181652,Epic Minigames ✨,All,Party & Casual,Minigame,1606,2305079238,8228835,2200088,232846,0.9043,3.5699,0.00356987,0.02383107,2015-07-29,3886,lower_mid,False,,31
2026-03-20,2316994223,Pet Simulator X! 🐾,All,Simulation,Incremental Simulator,1294,8970149784,5961736,4207085,394621,0.9142,0.6646,0.00066462,0.0043544,2021-01-22,1882,breakout,True,2022,32
2026-03-20,2471084,🌳 Lumber Tycoon 2,Adventure,Simulation,Tycoon,1129,1288831591,4571832,2008344,282045,0.8769,3.5473,0.00354727,0.02186637,2009-07-30,6076,lower_mid,False,,33
2026-03-20,2404080894,Funky Friday,All,Action,Music & Rhythm,1091,1964074509,4067620,1945120,211360,0.902,2.071,0.00207101,0.01306829,2021-02-26,1847,lower_mid,False,,34
2026-03-20,1335695570,⚡Ninja Legends,Fighting,Simulation,Incremental Simulator,1053,2138838594,4671283,1600452,130150,0.9248,2.184,0.00218403,0.01405836,2019-09-22,2370,top,True,2020,35
2026-03-20,1434220026,My Restaurant! 👨‍🍳,All,Simulation,Tycoon,581,879367637,2671962,1076348,98827,0.9159,3.0385,0.0030385,0.01771775,2019-12-06,2296,established,False,,36
2026-03-20,83858907,Speed Run 4,Adventure,Obby & Platformer,,502,1719013361,4511348,1024979,363100,0.7384,2.6244,0.00262438,0.01205478,2014-10-20,4168,mid,False,,37
2026-03-20,1424449565,Super Golf!,Sports,Sports & Racing,Sports,382,246058632,953979,308601,78471,0.7973,3.877,0.00387704,0.01838566,2019-11-29,2303,mid,False,,38
2026-03-20,3183403065,[🤹APRIL FOOL'S🤡] AA,All,Strategy,Tower Defense,115,2507266112,1396860,720911,65145,0.9171,0.5571,0.00055712,0.00242886,2021-12-21,1550,established,False,,39
2026-03-20,140239261,🏠 MeepCity 🏠,Town and City,Roleplay & Avatar Sim,,107,16269225703,14758109,2882713,514180,0.8486,0.9071,0.00090712,0.00360435,2016-02-23,3677,top,True,2016,40
2026-03-20,81762198,[Sides] Vehicle Simulator,Town and City,Simulation,Vehicle Sim,8,665615859,3375961,1098839,133128,0.8919,5.0719,0.00507194,0.00993993,2014-08-08,4242,mid,False,,41
2026-03-20,1344222621,malymal91's Place,All,,,0,0,0,0,0,0.0,0.0,0.0,0.0,2019-09-29,2363,mid,False,,42
2026-03-20,67400893,efrenda's Place,All,,,0,0,0,0,0,0.0,0.0,0.0,0.0,2014-01-26,4435,lower_mid,False,,43
2026-03-20,1090335239,aleor3210's Place,All,,,0,0,0,0,0,0.0,0.0,0.0,0.0,2019-03-31,2545,lower_mid,False,,44
2026-03-20,2755335127,####'s Place,All,,,0,0,0,0,0,0.0,0.0,0.0,0.0,2021-07-19,1705,lower_mid,False,,45
2026-03-20,4494776745,chgcchfhcfvggjgvhc's Place,All,,,0,0,0,0,0,0.0,0.0,0.0,0.0,2023-03-19,1096,mid,False,,46
2026-03-20,4747349896,rgost1's Place,All,,,0,0,0,0,0,0.0,0.0,0.0,0.0,2023-06-07,1016,mid,False,,47
2026-03-20,1557606948,ProPro1052's Place,All,,,0,0,0,0,0,0.0,0.0,0.0,0.0,2020-02-17,2222,mid,False,,48
2026-03-21,383310974,[🧇] Adopt Me!,RPG,Roleplay & Avatar Sim,Pet Care,435546,42723863065,28655062,8867509,1497739,0.8555,0.6707,0.0006707,0.00745029,2017-07-14,3171,top,True,2019,1
2026-03-21,1686885941,Brookhaven 🏡RP,Town and City,Roleplay & Avatar Sim,Life,429568,80205313806,26632627,7833093,1285763,0.859,0.3321,0.00033206,0.00369966,2020-04-21,2160,top,True,2020,2
2026-03-21,6035872082,[🍀] RIVALS,FPS,Shooter,Deathmatch Shooter,365060,12918032940,65177040,8786997,514743,0.9447,5.0454,0.00504543,0.06104495,2024-05-26,663,breakout,True,2025,3
2026-03-21,994732206,Blox Fruits,Adventure,RPG,Action RPG,356529,59944574731,18287487,11795506,1023699,0.9201,0.3051,0.00030507,0.00358866,2019-01-16,2621,top,True,2021,4
2026-03-21,66654135,Murder Mystery 2,Horror,Survival,1 vs All,130698,24508882006,21404695,9355404,946625,0.9081,0.8733,0.00087334,0.00934318,2014-01-18,4444,top,True,2017,5
2026-03-21,3808081382,The Strongest Battlegrounds,Fighting,Action,Battlegrounds & Fighting,90967,17229179429,6663845,4859222,938438,0.8381,0.3868,0.00038678,0.00370147,2022-08-02,1326,breakout,True,2024,6
2026-03-21,601130232,Bee Swarm Simulator,Adventure,Simulation,Incremental Simulator,76130,4259075113,6406406,2944096,136822,0.9556,1.5042,0.00150418,0.01615643,2018-03-21,2921,top,True,2018,7
2026-03-21,5361032378,Sol's RNG [ BOSS RAID 2🔥],All,Simulation,Incremental Simulator,47224,1711639850,898688,1264133,128706,0.9076,0.525,0.00052505,0.00512872,2023-12-03,839,breakout,True,2025,8
2026-03-21,5750914919,Fisch 🍀,Adventure,Simulation,,32791,4320109288,3210778,2780481,298500,0.9031,0.7432,0.00074322,0.00697872,2024-03-13,737,breakout,True,2025,9
2026-03-21,1831550657,🌷 Creatures of Sonaria ✨ Survive Kaiju Animals,All,Roleplay & Avatar Sim,Animal Sim,26800,1860023350,9421374,1274923,104917,0.924,5.0652,0.00506519,0.04771876,2020-06-25,2094,lower_mid,False,,10
2026-03-21,1720936166,All Star Tower Defense,All,Strategy,Tower Defense,21498,7643472905,2297515,1464360,129080,0.919,0.3006,0.00030059,0.00275566,2020-05-07,2144,established,False,,11
2026-03-21,3317679266,PLS DONATE 💸,All,Social,,19280,4911895412,4123885,3503769,255753,0.932,0.8396,0.00083957,0.0077204,2022-02-05,1504,breakout,True,2024,12
2026-03-21,1235188606,[🍀] Dragon Adventures 🐉,Adventure,RPG,,17272,1529824743,12432459,1028351,74302,0.9326,8.1267,0.00812672,0.07394856,2019-07-15,2440,mid,False,,13
2026-03-21,210851291,Build A Boat For Treasure,Adventure,Simulation,Sandbox,16081,4933813806,8276038,3517180,252155,0.9331,1.6774,0.00167741,0.01515967,2016-11-02,3425,top,True,2017,14
2026-03-21,4777817887,Blade Ball,Fighting,Action,Battlegrounds & Fighting,15300,6032244407,12152999,8056391,554995,0.9356,2.0147,0.00201467,0.0181616,2023-06-17,1008,breakout,True,2024,15
2026-03-21,2440500124,DOORS [NEW BUNDLE 🍀],Adventure,Survival,Escape,12387,7266034904,7705540,4463125,341125,0.929,1.0605,0.00106049,0.00928489,2021-03-14,1833,breakout,True,2022,16
2026-03-21,88070565,[🚪] Welcome to Bloxburg,Town and City,Roleplay & Avatar Sim,Life,12250,9848049335,13825981,5544369,733069,0.8832,1.4039,0.00140393,0.0116724,2014-11-04,4155,established,False,,17
2026-03-21,1176784616,🍀 Tower Defense Simulator 🍀,All,Strategy,Tower Defense,9899,4604131702,3360555,1955758,124423,0.9402,0.7299,0.0007299,0.00631362,2019-06-05,2481,established,False,,18
2026-03-21,5650396773,a dusty trip [🍀SHOP],Adventure,Adventure,,9795,2230028807,1964733,1927451,210130,0.9017,0.881,0.00088103,0.00730057,2024-02-16,763,mid,False,,19
2026-03-21,1516533665,Piggy [LOVE HEARTS ❤️ ],Horror,Survival,,9755,14115253656,12049086,3949999,429697,0.9019,0.8536,0.00085362,0.00707176,2020-01-23,2249,established,False,,20
2026-03-21,245662005,[UPD] Jailbreak,Town and City,Action,Open World Action,9743,7833940643,18524042,5732702,804177,0.877,2.3646,0.00236459,0.01904564,2017-01-06,3360,top,True,2017,21
2026-03-21,372226183,⛩️Flee the Facility💕,Horror,Survival,1 vs All,8166,5463047671,9390534,2618271,227617,0.92,1.7189,0.00171892,0.01424536,2017-07-01,3185,lower_mid,False,,22
2026-03-21,321778215,Royale🌼High,All,Roleplay & Avatar Sim,Dress Up,7333,10367505910,13264473,3231167,531281,0.8588,1.2794,0.00127943,0.00977931,2017-04-10,3266,top,True,2018,23
2026-03-21,65241,Natural Disaster Survival,All,Survival,,6107,4164235330,11475700,4263443,431095,0.9082,2.7558,0.00275578,0.02181706,2008-03-28,6566,top,True,2014,24
2026-03-21,47545,🍕Work at a Pizza Place,Town and City,Roleplay & Avatar Sim,Life,5931,5442082118,13233369,3360288,259632,0.9283,2.4317,0.00243167,0.0196114,2008-03-28,6566,established,False,,25
2026-03-21,903807016,[👷] Emergency Response: Liberty County,Town and City,Roleplay & Avatar Sim,Life,4419,1449663241,2741031,1134288,112281,0.9099,1.8908,0.00189081,0.01444167,2018-11-01,2696,mid,False,,26
2026-03-21,31970568,Theme Park Tycoon 2,Building,Simulation,Tycoon,4280,1547368765,5999599,2037455,254760,0.8889,3.8773,0.00387729,0.02881829,2012-01-02,5192,established,False,,27
2026-03-21,371263894,Greenville,Town and City,Roleplay & Avatar Sim,Life,3855,1335772877,2556034,988291,140749,0.8753,1.9135,0.00191352,0.01383095,2017-06-28,3187,mid,False,,28
2026-03-21,1359573625,Deepwoken: Ironsworn,RPG,RPG,Action RPG,3755,1512705704,984965,395145,60337,0.8675,0.6511,0.00065113,0.00464954,2019-10-12,2351,mid,False,,29
2026-03-21,111958650,Arsenal,Fighting,Shooter,Deathmatch Shooter,3161,6164516577,11454354,5081368,656100,0.8856,1.8581,0.00185811,0.01326206,2015-08-18,3868,established,False,,30
2026-03-21,113491250,Phantom Forces,FPS,Shooter,Deathmatch Shooter,1914,1757284603,5944297,2448205,247445,0.9082,3.3827,0.00338266,0.0232177,2015-08-31,3855,established,False,,31
2026-03-21,1008451066,Da Hood ,Town and City,Action,Open World Action,1886,2887295837,2982454,1283002,536604,0.7051,1.033,0.00103296,0.00549366,2019-01-27,2610,established,False,,32
2026-03-21,1511883870,Shindo Life [242],All,RPG,Action RPG,1878,2646945039,3004397,2175748,143996,0.9379,1.135,0.00113504,0.00802538,2020-01-20,2251,established,False,,33
2026-03-21,2316994223,Pet Simulator X! 🐾,All,Simulation,Incremental Simulator,1505,8970311336,5961767,4207188,394625,0.9142,0.6646,0.00066461,0.00444607,2021-01-22,1883,breakout,True,2022,34
2026-03-21,2471084,🌳 Lumber Tycoon 2,Adventure,Simulation,Tycoon,1470,1288956797,4571965,2008419,282049,0.8769,3.547,0.00354703,0.02268519,2009-07-30,6077,lower_mid,False,,35
2026-03-21,110181652,Epic Minigames ✨,All,Party & Casual,Minigame,1240,2305312790,8229990,2200415,232852,0.9043,3.57,0.00357001,0.0229979,2015-07-29,3888,lower_mid,False,,36
2026-03-21,1335695570,⚡Ninja Legends,Fighting,Simulation,Incremental Simulator,1224,2138975169,4671457,1600559,130156,0.9248,2.184,0.00218397,0.01436167,2019-09-22,2371,top,True,2020,37
2026-03-21,848145103,Dungeon Quest! ⚔️ RPG Adventure,Fighting,RPG,Action RPG,1181,2315669282,5767975,1153517,101892,0.9188,2.4908,0.00249085,0.01619235,2018-09-25,2733,mid,False,,38
2026-03-21,2404080894,Funky Friday,All,Action,Music & Rhythm,1132,1964307592,4067781,1945239,211380,0.902,2.0708,0.00207085,0.01313606,2021-02-26,1848,lower_mid,False,,39
2026-03-21,1434220026,My Restaurant! 👨‍🍳,All,Simulation,Tycoon,759,879424430,2671986,1076422,98830,0.9159,3.0383,0.00303833,0.01845942,2019-12-06,2297,established,False,,40
2026-03-21,83858907,Speed Run 4,Adventure,Obby & Platformer,,628,1719174789,4511557,1025056,363130,0.7384,2.6243,0.00262426,0.01248736,2014-10-20,4169,mid,False,,41
2026-03-21,1424449565,Super Golf!,Sports,Sports & Racing,Sports,340,246124315,954195,308641,78483,0.7973,3.8769,0.00387688,0.01802581,2019-11-29,2304,mid,False,,42
2026-03-21,1168263273,[🎃] Bad Business | FPS ,FPS,Shooter,Deathmatch Shooter,167,544772197,2179452,776098,131021,0.8556,4.0007,0.00400067,0.01753843,2019-05-29,2487,lower_mid,False,,43
2026-03-21,3183403065,[🤹APRIL FOOL'S🤡] AA,All,Strategy,Tower Defense,133,2507281886,1396802,720918,65147,0.9171,0.5571,0.0005571,0.00250244,2021-12-21,1551,established,False,,44
2026-03-21,140239261,🏠 MeepCity 🏠,Town and City,Roleplay & Avatar Sim,,107,16269267892,14758056,2882742,514208,0.8486,0.9071,0.00090711,0.0036043,2016-02-23,3678,top,True,2016,45
2026-03-21,1077961373,Giant Simulator,All,Simulation,Incremental Simulator,60,163503309,588308,175756,32878,0.8424,3.5981,0.00359814,0.01246056,2019-03-22,2556,lower_mid,False,,46
2026-03-21,81762198,[Sides] Vehicle Simulator,Town and City,Simulation,Vehicle Sim,11,665619226,3375947,1098849,133127,0.8919,5.0719,0.00507189,0.01124128,2014-08-08,4243,mid,False,,47
2026-03-21,1344222621,malymal91's Place,All,,,0,0,0,0,0,0.0,0.0,0.0,0.0,2019-09-29,2364,mid,False,,48
2026-03-21,67400893,efrenda's Place,All,,,0,0,0,0,0,0.0,0.0,0.0,0.0,2014-01-26,4436,lower_mid,False,,49
2026-03-21,1090335239,aleor3210's Place,All,,,0,0,0,0,0,0.0,0.0,0.0,0.0,2019-03-31,2546,lower_mid,False,,50
2026-03-21,2755335127,####'s Place,All,,,0,0,0,0,0,0.0,0.0,0.0,0.0,2021-07-19,1706,lower_mid,False,,51
2026-03-21,4494776745,chgcchfhcfvggjgvhc's Place,All,,,0,0,0,0,0,0.0,0.0,0.0,0.0,2023-03-19,1097,mid,False,,52
2026-03-21,4747349896,rgost1's Place,All,,,0,0,0,0,0,0.0,0.0,0.0,0.0,2023-06-07,1018,mid,False,,53
2026-03-21,1557606948,ProPro1052's Place,All,,,0,0,0,0,0,0.0,0.0,0.0,0.0,2020-02-17,2223,mid,False,,54
2026-03-21,498598030,puppyluver112232's Place,All,,,0,0,0,0,0,0.0,0.0,0.0,0.0,2017-12-05,3027,mid,False,,55
2026-03-22,383310974,[🧇] Adopt Me!,RPG,Roleplay & Avatar Sim,Pet Care,472610,42745909386,28664743,8874850,1497865,0.8556,0.6706,0.00067058,0.00749662,2017-07-14,3172,top,True,2019,1
2026-03-22,1686885941,Brookhaven 🏡RP,Town and City,Roleplay & Avatar Sim,Life,453290,80258200882,26656079,7839886,1286872,0.859,0.3321,0.00033213,0.00371582,2020-04-21,2161,top,True,2020,2
2026-03-22,7326934954,[🔨] 99 Nights in the Forest 🔦,All,Survival,,380908,25302542978,6696088,4628532,472749,0.9073,0.2646,0.00026464,0.00308557,2025-03-04,383,breakout,True,2026,3
2026-03-22,994732206,Blox Fruits,Adventure,RPG,Action RPG,352672,59974016860,18298362,11801837,1024118,0.9202,0.3051,0.0003051,0.00358601,2019-01-16,2622,top,True,2021,4
2026-03-22,6035872082,[🍀] RIVALS,FPS,Shooter,Deathmatch Shooter,352073,12965156402,65410193,8804771,516646,0.9446,5.0451,0.00504508,0.06086239,2024-05-26,664,breakout,True,2025,5
2026-03-22,66654135,Murder Mystery 2,Horror,Survival,1 vs All,139287,24531842296,21415904,9360663,947227,0.9081,0.873,0.00087298,0.00938972,2014-01-18,4445,top,True,2017,6
2026-03-22,3808081382,The Strongest Battlegrounds,Fighting,Action,Battlegrounds & Fighting,90833,17245988268,6669711,4862414,939219,0.8381,0.3867,0.00038674,0.00370054,2022-08-02,1327,breakout,True,2024,7
2026-03-22,601130232,Bee Swarm Simulator,Adventure,Simulation,Incremental Simulator,75812,4263230653,6407300,2944967,136855,0.9556,1.5029,0.00150292,0.01613696,2018-03-21,2922,top,True,2018,8
2026-03-22,7436755782,[👑] Grow a Garden 🌶️,All,Simulation,Tycoon,49468,34789503544,10521120,9072219,1037380,0.8974,0.3024,0.00030242,0.00293348,2025-03-25,361,breakout,True,2025,9
2026-03-22,5361032378,Sol's RNG [ BOSS RAID 2🔥],All,Simulation,Incremental Simulator,46391,1713464034,899279,1264951,128742,0.9076,0.5248,0.00052483,0.00511832,2023-12-03,840,breakout,True,2025,10
2026-03-22,5750914919,Fisch 🐟 [DREADFIN],Adventure,Simulation,,38246,4323871648,3213740,2782146,298636,0.9031,0.7433,0.00074326,0.00708246,2024-03-13,738,breakout,True,2025,11
2026-03-22,1720936166,[UPD] All Star Tower Defense,All,Strategy,Tower Defense,32972,7651491923,2298871,1467015,128956,0.9192,0.3004,0.00030045,0.00287313,2020-05-07,2145,established,False,,12
2026-03-22,1831550657,🌷 Creatures of Sonaria ✨ Survive Kaiju Animals,All,Roleplay & Avatar Sim,Animal Sim,27066,1862420581,9436378,1276037,105016,0.924,5.0667,0.00506673,0.04777922,2020-06-25,2095,lower_mid,False,,13
2026-03-22,7018190066,Dead Rails [Beta],All,Adventure,Exploration,26035,6104107241,5473024,3214100,249197,0.928,0.8966,0.00089661,0.00846014,2025-01-01,444,breakout,True,2025,14
2026-03-22,1235188606,[🍀] Dragon Adventures 🐉,Adventure,RPG,,19527,1531907812,12454984,1029477,74363,0.9326,8.1304,0.00813037,0.07491359,2019-07-15,2441,mid,False,,15
2026-03-22,3317679266,PLS DONATE 💸,All,Social,,19503,4916083227,4127494,3506151,255976,0.932,0.8396,0.00083959,0.00772947,2022-02-05,1505,breakout,True,2024,16
2026-03-22,4777817887,Blade Ball,Fighting,Action,Battlegrounds & Fighting,18494,6035242088,12159234,8059301,555195,0.9356,2.0147,0.00201471,0.01851923,2023-06-17,1009,breakout,True,2024,17
2026-03-22,210851291,Build A Boat For Treasure,Adventure,Simulation,Sandbox,17271,4935416879,8277333,3518061,252185,0.9331,1.6771,0.00167713,0.01526896,2016-11-02,3426,top,True,2017,18
2026-03-22,88070565,[🚪] Welcome to Bloxburg,Town and City,Roleplay & Avatar Sim,Life,13240,9849477798,13826682,5544902,733074,0.8832,1.4038,0.0014038,0.01176777,2014-11-04,4156,established,False,,19
2026-03-22,2440500124,DOORS [NEW BUNDLE 🍀],Adventure,Survival,Escape,12934,7268376156,7707371,4464091,341192,0.929,1.0604,0.0010604,0.00932668,2021-03-14,1834,breakout,True,2022,20
2026-03-22,5650396773,a dusty trip [🐺ANIMALS],Adventure,Adventure,,11611,2231853723,1966207,1928111,210211,0.9017,0.881,0.00088097,0.00743513,2024-02-16,764,mid,False,,21
2026-03-22,1176784616,🍀 Tower Defense Simulator 🍀,All,Strategy,Tower Defense,10621,4605535739,3361331,1956454,124452,0.9402,0.7298,0.00072985,0.00636151,2019-06-05,2482,established,False,,22
2026-03-22,1516533665,Piggy [LOVE HEARTS ❤️ ],Horror,Survival,,10401,14117614489,12050352,3951016,429775,0.9019,0.8536,0.00085357,0.00712073,2020-01-23,2250,established,False,,23
2026-03-22,245662005,[UPD] Jailbreak,Town and City,Action,Open World Action,10119,7835387903,18524810,5733197,804232,0.877,2.3642,0.00236425,0.01912145,2017-01-06,3361,top,True,2017,24
2026-03-22,372226183,⛩️Flee the Facility💕,Horror,Survival,1 vs All,8499,5466328965,9391937,2619363,227706,0.92,1.7181,0.00171814,0.01430214,2017-07-01,3186,lower_mid,False,,25
2026-03-22,321778215,Royale🌼High,All,Roleplay & Avatar Sim,Dress Up,8222,10368213889,13264785,3231442,531294,0.8588,1.2794,0.00127937,0.00990466,2017-04-10,3267,top,True,2018,26
2026-03-22,73885730,Prison Life,Town and City,Action,Open World Action,7100,2829448245,5789188,1467435,255102,0.8519,2.046,0.00204605,0.01545722,2014-05-02,4342,established,False,,27
2026-03-22,47545,🍕Work at a Pizza Place,Town and City,Roleplay & Avatar Sim,Life,6547,5442980219,13235138,3360864,259662,0.9283,2.4316,0.0024316,0.01983387,2008-03-28,6567,established,False,,28
2026-03-22,65241,Natural Disaster Survival,All,Survival,,6395,4166083486,11477800,4264349,431164,0.9082,2.7551,0.00275506,0.02192676,2008-03-28,6567,top,True,2014,29
2026-03-22,371263894,(🚘FIAT & ABARTH!) Greenville,Town and City,Roleplay & Avatar Sim,Life,5741,1336699747,2557007,988899,140838,0.8753,1.9129,0.00191293,0.01449332,2017-06-28,3188,mid,False,,30
2026-03-22,903807016,[👷] Emergency Response: Liberty County,Town and City,Roleplay & Avatar Sim,Life,4697,1450483922,2741580,1134612,112309,0.9099,1.8901,0.00189011,0.01454134,2018-11-01,2697,mid,False,,31
2026-03-22,31970568,Theme Park Tycoon 2,Building,Simulation,Tycoon,4546,1547701547,6000035,2037675,254773,0.8889,3.8767,0.00387674,0.02902209,2012-01-02,5193,established,False,,32
2026-03-22,1359573625,Deepwoken: Ironsworn,RPG,RPG,Action RPG,3975,1513519212,985177,395231,60339,0.8676,0.6509,0.00065092,0.0046803,2019-10-12,2352,mid,False,,33
2026-03-22,111958650,Arsenal,Fighting,Shooter,Deathmatch Shooter,3168,6165440875,11454651,5081649,656172,0.8856,1.8579,0.00185788,0.01326397,2015-08-18,3869,established,False,,34
2026-03-22,2324662457,[⛩️ JJK UPD] Anime Fighters Simulator ,Adventure,Simulation,Incremental Simulator,2399,1324783209,1569011,1146839,86677,0.9297,1.1844,0.00118435,0.00857035,2021-01-25,1881,mid,False,,35
2026-03-22,1511883870,Shindo Life [242],All,RPG,Action RPG,2132,2647132666,3004505,2175932,144000,0.9379,1.135,0.001135,0.0081601,2020-01-20,2252,established,False,,36
2026-03-22,1008451066,Da Hood ,Town and City,Action,Open World Action,2027,2887669791,2982527,1283099,536660,0.7051,1.0328,0.00103285,0.00554552,2019-01-27,2611,established,False,,37
2026-03-22,113491250,Phantom Forces,FPS,Shooter,Deathmatch Shooter,1983,1757545719,5944457,2448316,247465,0.9082,3.3822,0.00338225,0.02332354,2015-08-31,3856,established,False,,38
2026-03-22,2471084,🌳 Lumber Tycoon 2,Adventure,Simulation,Tycoon,1793,1289088078,4572124,2008528,282066,0.8769,3.5468,0.00354679,0.02330101,2009-07-30,6078,lower_mid,False,,39
2026-03-22,2316994223,Pet Simulator X! 🐾,All,Simulation,Incremental Simulator,1697,8970472147,5961808,4207317,394634,0.9142,0.6646,0.0006646,0.00451893,2021-01-22,1884,breakout,True,2022,40
2026-03-22,110181652,Epic Minigames ✨,All,Party & Casual,Minigame,1452,2305560286,8231356,2200817,232855,0.9043,3.5702,0.00357022,0.02350882,2015-07-29,3889,lower_mid,False,,41
2026-03-22,1335695570,⚡Ninja Legends,Fighting,Simulation,Incremental Simulator,1321,2139121120,4671630,1600699,130161,0.9248,2.1839,0.0021839,0.01451518,2019-09-22,2372,top,True,2020,42
2026-03-22,848145103,Dungeon Quest! ⚔️ RPG Adventure,Fighting,RPG,Action RPG,1243,2315874343,5769876,1153617,101900,0.9188,2.4914,0.00249145,0.01631329,2018-09-25,2734,mid,False,,43
2026-03-22,2404080894,Funky Friday,All,Action,Music & Rhythm,1133,1964551656,4067941,1945375,211407,0.902,2.0707,0.00207067,0.01313651,2021-02-26,1849,lower_mid,False,,44
2026-03-22,1434220026,My Restaurant! 👨‍🍳,All,Simulation,Tycoon,772,879483259,2672033,1076503,98834,0.9159,3.0382,0.00303819,0.01850576,2019-12-06,2298,established,False,,45
2026-03-22,83858907,Speed Run 4,Adventure,Obby & Platformer,,609,1719334526,4511753,1025137,363172,0.7384,2.6241,0.00262413,0.01242719,2014-10-20,4170,mid,False,,46
2026-03-22,1424449565,Super Golf!,Sports,Sports & Racing,Sports,316,246192910,954400,308702,78500,0.7973,3.8766,0.00387663,0.01779903,2019-11-29,2305,mid,False,,47
2026-03-22,1168263273,[🎃] Bad Business | FPS ,FPS,Shooter,Deathmatch Shooter,192,544807928,2179455,776111,131027,0.8556,4.0004,0.00400041,0.01801203,2019-05-29,2488,lower_mid,False,,48
2026-03-22,3183403065,[🤹APRIL FOOL'S🤡] AA,All,Strategy,Tower Defense,118,2507298540,1396731,720928,65149,0.9171,0.5571,0.00055707,0.00244164,2021-12-21,1552,established,False,,49
2026-03-22,140239261,🏠 MeepCity 🏠,Town and City,Roleplay & Avatar Sim,,99,16269316358,14757999,2882770,514250,0.8486,0.9071,0.00090711,0.003545,2016-02-23,3679,top,True,2016,50
2026-03-22,1077961373,Giant Simulator,All,Simulation,Incremental Simulator,57,163505202,588309,175758,32878,0.8424,3.5981,0.00359811,0.01230759,2019-03-22,2557,lower_mid,False,,51
2026-03-22,81762198,[Sides] Vehicle Simulator,Town and City,Simulation,Vehicle Sim,17,665622575,3375924,1098852,133129,0.8919,5.0718,0.00507183,0.01307536,2014-08-08,4244,mid,False,,52
2026-03-22,1344222621,malymal91's Place,All,,,0,0,0,0,0,0.0,0.0,0.0,0.0,2019-09-29,2365,mid,False,,53
2026-03-22,67400893,efrenda's Place,All,,,0,0,0,0,0,0.0,0.0,0.0,0.0,2014-01-26,4437,lower_mid,False,,54
2026-03-22,1090335239,aleor3210's Place,All,,,0,0,0,0,0,0.0,0.0,0.0,0.0,2019-03-31,2547,lower_mid,False,,55
2026-03-22,2755335127,####'s Place,All,,,0,0,0,0,0,0.0,0.0,0.0,0.0,2021-07-19,1707,lower_mid,False,,56
2026-03-22,4494776745,chgcchfhcfvggjgvhc's Place,All,,,0,0,0,0,0,0.0,0.0,0.0,0.0,2023-03-19,1098,mid,False,,57
2026-03-22,4747349896,rgost1's Place,All,,,0,0,0,0,0,0.0,0.0,0.0,0.0,2023-06-07,1019,mid,False,,58
2026-03-22,1557606948,ProPro1052's Place,All,,,0,0,0,0,0,0.0,0.0,0.0,0.0,2020-02-17,2224,mid,False,,59
2026-03-22,498598030,puppyluver112232's Place,All,,,0,0,0,0,0,0.0,0.0,0.0,0.0,2017-12-05,3028,mid,False,,60
2026-03-23,383310974,[🧇] Adopt Me!,RPG,Roleplay & Avatar Sim,Pet Care,409257,42765189891,28673038,8881026,1497911,0.8557,0.6705,0.00067048,0.00741356,2017-07-14,3173,top,True,2019,1
2026-03-23,1686885941,Brookhaven 🏡RP,Town and City,Roleplay & Avatar Sim,Life,297852,80307609420,26677899,7845811,1287846,0.859,0.3322,0.0003322,0.00359674,2020-04-21,2162,top,True,2020,2
2026-03-23,994732206,Blox Fruits,Adventure,RPG,Action RPG,293516,60000228113,18307982,11807418,1024417,0.9202,0.3051,0.00030513,0.00353483,2019-01-16,2623,top,True,2021,3
2026-03-23,7326934954,[🔨] 99 Nights in the Forest 🔦,All,Survival,,226594,25334873273,6714795,4634011,473639,0.9073,0.265,0.00026504,0.00296514,2025-03-04,384,breakout,True,2026,4
2026-03-23,6035872082,[🍀] RIVALS,FPS,Shooter,Deathmatch Shooter,208391,13003898732,65605513,8819384,518161,0.9445,5.0451,0.00504506,0.05835906,2024-05-26,665,breakout,True,2025,5
2026-03-23,66654135,Murder Mystery 2,Horror,Survival,1 vs All,112535,24554622031,21426954,9365692,947742,0.9081,0.8726,0.00087262,0.00921684,2014-01-18,4446,top,True,2017,6
2026-03-23,601130232,Bee Swarm Simulator,Adventure,Simulation,Incremental Simulator,69698,4267363567,6408091,2945726,136883,0.9556,1.5017,0.00150165,0.01600271,2018-03-21,2923,top,True,2018,7
2026-03-23,3808081382,The Strongest Battlegrounds,Fighting,Action,Battlegrounds & Fighting,66464,17260728294,6674941,4865226,939798,0.8381,0.3867,0.00038671,0.00359901,2022-08-02,1329,breakout,True,2024,8
2026-03-23,5361032378,Sol's RNG [ BOSS RAID 2🔥],All,Simulation,Incremental Simulator,43326,1715166984,899736,1265622,128753,0.9077,0.5246,0.00052458,0.00508351,2023-12-03,841,breakout,True,2025,9
2026-03-23,7436755782,[👑] Grow a Garden 🌶️,All,Simulation,Tycoon,37129,34794605457,10526870,9074952,1037675,0.8974,0.3025,0.00030254,0.00285676,2025-03-25,362,breakout,True,2025,10
2026-03-23,5750914919,Fisch 🐟 [DREADFIN],Adventure,Simulation,,27419,4326162275,3216262,2783311,298705,0.9031,0.7434,0.00074344,0.00686096,2024-03-13,739,breakout,True,2025,11
2026-03-23,1720936166,[UPD] All Star Tower Defense,All,Strategy,Tower Defense,24747,7658637925,2299691,1468395,128924,0.9193,0.3003,0.00030027,0.00279254,2020-05-07,2146,established,False,,12
2026-03-23,1831550657,🌷 Creatures of Sonaria ✨ Survive Kaiju Animals,All,Roleplay & Avatar Sim,Animal Sim,18343,1864495099,9448758,1277050,105086,0.924,5.0677,0.00506773,0.04596761,2020-06-25,2096,lower_mid,False,,13
2026-03-23,3317679266,PLS DONATE 💸,All,Social,,16495,4920072431,4131049,3508354,256182,0.9319,0.8396,0.00083963,0.0075987,2022-02-05,1506,breakout,True,2024,14
2026-03-23,7018190066,Dead Rails [Beta],All,Adventure,Exploration,16168,6106754240,5477241,3215069,249397,0.928,0.8969,0.00089692,0.00806617,2025-01-01,445,breakout,True,2025,15
2026-03-23,4777817887,Blade Ball,Fighting,Action,Battlegrounds & Fighting,13815,6037968988,12164762,8061943,555414,0.9355,2.0147,0.00201471,0.01796944,2023-06-17,1010,breakout,True,2024,16
2026-03-23,1235188606,[🍀] Dragon Adventures 🐉,Adventure,RPG,,11580,1533629709,12470371,1030413,74415,0.9326,8.1313,0.00813128,0.07096068,2019-07-15,2442,mid,False,,17
2026-03-23,210851291,Build A Boat For Treasure,Adventure,Simulation,Sandbox,11105,4936880703,8278596,3518922,252232,0.9331,1.6769,0.00167689,0.01457584,2016-11-02,3427,top,True,2017,18
2026-03-23,88070565,[🚪] Welcome to Bloxburg,Town and City,Roleplay & Avatar Sim,Life,8186,9850863805,13827593,5545431,733090,0.8832,1.4037,0.00140369,0.01117094,2014-11-04,4157,established,False,,19
2026-03-23,5650396773,a dusty trip [🐺ANIMALS],Adventure,Adventure,,7559,2233910634,1967941,1928832,210301,0.9017,0.8809,0.00088094,0.0070939,2024-02-16,765,mid,False,,20
2026-03-23,2440500124,DOORS [NEW BUNDLE 🍀],Adventure,Survival,Escape,7072,7270449376,7709090,4464987,341275,0.929,1.0603,0.00106033,0.00873145,2021-03-14,1835,breakout,True,2022,21
2026-03-23,1176784616,Tower Defense Simulator,All,Strategy,Tower Defense,6745,4606760429,3362100,1957115,124484,0.9402,0.7298,0.00072982,0.00604979,2019-06-05,2483,established,False,,22
2026-03-23,245662005,[UPD] Jailbreak,Town and City,Action,Open World Action,6290,7836721326,18525558,5733637,804272,0.877,2.3639,0.00236394,0.01813348,2017-01-06,3362,top,True,2017,23
2026-03-23,372226183,⛩️Flee the Facility💕,Horror,Survival,1 vs All,6149,5469448488,9393364,2620393,227787,0.92,1.7174,0.00171742,0.01378487,2017-07-01,3187,lower_mid,False,,24
2026-03-23,321778215,Royale🌼High,All,Roleplay & Avatar Sim,Dress Up,5476,10368881517,13264984,3231676,531298,0.8588,1.2793,0.00127931,0.00945779,2017-04-10,3268,top,True,2018,25
2026-03-23,73885730,Prison Life,Town and City,Action,Open World Action,5325,2830680565,5790256,1467916,255195,0.8519,2.0455,0.00204553,0.01495203,2014-05-02,4343,established,False,,26
2026-03-23,1516533665,Piggy [LOVE HEARTS ❤️ ],Horror,Survival,,4905,14119753403,12051578,3951946,429835,0.9019,0.8535,0.00085353,0.00654191,2020-01-23,2251,established,False,,27
2026-03-23,65241,Natural Disaster Survival,All,Survival,,4545,4167858278,11479804,4265326,431251,0.9082,2.7544,0.00275437,0.02106724,2008-03-28,6568,top,True,2014,28
2026-03-23,47545,🍕Work at a Pizza Place,Town and City,Roleplay & Avatar Sim,Life,4527,5443840155,13236918,3361515,259691,0.9283,2.4315,0.00243154,0.0190009,2008-03-28,6568,established,False,,29
2026-03-23,903807016,[🏥] Emergency Response: Liberty County,Town and City,Roleplay & Avatar Sim,Life,3508,1451498780,2742184,1135079,112327,0.91,1.8892,0.00188921,0.01403307,2018-11-01,2698,mid,False,,30
2026-03-23,371263894,(🚘FIAT & ABARTH!) Greenville,Town and City,Roleplay & Avatar Sim,Life,2966,1337382860,2557905,989286,140893,0.8753,1.9126,0.00191262,0.01338562,2017-06-28,3189,mid,False,,31
2026-03-23,31970568,Theme Park Tycoon 2,Building,Simulation,Tycoon,2639,1548007492,6000393,2037865,254779,0.8889,3.8762,0.0038762,0.02714506,2012-01-02,5194,established,False,,32
2026-03-23,111958650,Arsenal,Fighting,Shooter,Deathmatch Shooter,2467,6166280430,11454964,5081951,656217,0.8856,1.8577,0.00185768,0.01285119,2015-08-18,3870,established,False,,33
2026-03-23,1359573625,Deepwoken: Ironsworn,RPG,RPG,Action RPG,2321,1514219102,985405,395313,60366,0.8675,0.6508,0.00065077,0.00437542,2019-10-12,2353,mid,False,,34
2026-03-23,2324662457,[⛩️ JJK UPD] Anime Fighters Simulator ,Adventure,Simulation,Incremental Simulator,1952,1324886460,1569028,1146888,86685,0.9297,1.1843,0.00118427,0.00834281,2021-01-25,1882,mid,False,,35
2026-03-23,1008451066,Da Hood ,Town and City,Action,Open World Action,1503,2888021832,2982616,1283189,536698,0.7051,1.0328,0.00103275,0.00532733,2019-01-27,2612,established,False,,36
2026-03-23,113491250,Phantom Forces,FPS,Shooter,Deathmatch Shooter,1443,1757781660,5944616,2448427,247474,0.9082,3.3819,0.00338189,0.02234526,2015-08-31,3857,established,False,,37
2026-03-23,1511883870,Shindo Life [242],All,RPG,Action RPG,1335,2647306607,3004638,2176099,144006,0.9379,1.135,0.00113498,0.0076619,2020-01-20,2253,established,False,,38
2026-03-23,2316994223,Pet Simulator X! 🐾,All,Simulation,Incremental Simulator,1198,8970621173,5961829,4207435,394639,0.9142,0.6646,0.00066459,0.00430745,2021-01-22,1885,breakout,True,2022,39
2026-03-23,110181652,Epic Minigames ✨,All,Party & Casual,Minigame,1031,2305800213,8232697,2201172,232870,0.9043,3.5704,0.00357043,0.02240573,2015-07-29,3890,lower_mid,False,,40
2026-03-23,2471084,🌳 Lumber Tycoon 2,Adventure,Simulation,Tycoon,1024,1289217120,4572330,2008645,282074,0.8769,3.5466,0.00354659,0.02155904,2009-07-30,6079,lower_mid,False,,41
2026-03-23,1335695570,⚡Ninja Legends,Fighting,Simulation,Incremental Simulator,933,2139260437,4671811,1600841,130168,0.9248,2.1838,0.00218384,0.01381317,2019-09-22,2373,top,True,2020,42
2026-03-23,848145103,Dungeon Quest! ⚔️ RPG Adventure,Fighting,RPG,Action RPG,930,2316066264,5771655,1153714,101905,0.9188,2.492,0.00249201,0.01565338,2018-09-25,2735,mid,False,,43
2026-03-23,2404080894,Funky Friday,All,Action,Music & Rhythm,781,1964759245,4068061,1945499,211414,0.902,2.0705,0.00207051,0.01244147,2021-02-26,1850,lower_mid,False,,44
2026-03-23,1434220026,My Restaurant! 👨‍🍳,All,Simulation,Tycoon,585,879539881,2672078,1076588,98840,0.9159,3.038,0.00303804,0.01773425,2019-12-06,2299,established,False,,45
2026-03-23,83858907,Speed Run 4,Adventure,Obby & Platformer,,370,1719475866,4511972,1025209,363189,0.7384,2.624,0.00262404,0.01146335,2014-10-20,4171,mid,False,,46
2026-03-23,1424449565,Super Golf!,Sports,Sports & Racing,Sports,242,246252042,954612,308744,78520,0.7972,3.8766,0.00387656,0.01697669,2019-11-29,2306,mid,False,,47
2026-03-23,1168263273,[🎃] Bad Business | FPS ,FPS,Shooter,Deathmatch Shooter,142,544839932,2179457,776134,131031,0.8556,4.0002,0.00400018,0.0169848,2019-05-29,2489,lower_mid,False,,48
2026-03-23,3183403065,[🤹APRIL FOOL'S🤡] AA,All,Strategy,Tower Defense,98,2507312803,1396675,720940,65153,0.9171,0.557,0.00055704,0.00234752,2021-12-21,1553,established,False,,49
2026-03-23,140239261,🏠 MeepCity 🏠,Town and City,Roleplay & Avatar Sim,,55,16269365821,14757966,2882806,514281,0.8486,0.9071,0.0009071,0.00309862,2016-02-23,3680,top,True,2016,50
2026-03-23,1077961373,Giant Simulator,All,Simulation,Incremental Simulator,51,163506839,588297,175758,32878,0.8424,3.598,0.003598,0.01197624,2019-03-22,2558,lower_mid,False,,51
2026-03-23,81762198,[Sides] Vehicle Simulator,Town and City,Simulation,Vehicle Sim,6,665625924,3375922,1098857,133129,0.8919,5.0718,0.0050718,0.00880279,2014-08-08,4245,mid,False,,52
2026-03-23,1344222621,malymal91's Place,All,,,0,0,0,0,0,0.0,0.0,0.0,0.0,2019-09-29,2366,mid,False,,53
2026-03-23,67400893,efrenda's Place,All,,,0,0,0,0,0,0.0,0.0,0.0,0.0,2014-01-26,4438,lower_mid,False,,54
2026-03-23,1090335239,aleor3210's Place,All,,,0,0,0,0,0,0.0,0.0,0.0,0.0,2019-03-31,2549,lower_mid,False,,55
2026-03-23,2755335127,####'s Place,All,,,0,0,0,0,0,0.0,0.0,0.0,0.0,2021-07-19,1708,lower_mid,False,,56
2026-03-23,4494776745,chgcchfhcfvggjgvhc's Place,All,,,0,0,0,0,0,0.0,0.0,0.0,0.0,2023-03-19,1099,mid,False,,57
2026-03-23,4747349896,rgost1's Place,All,,,0,0,0,0,0,0.0,0.0,0.0,0.0,2023-06-07,1020,mid,False,,58
2026-03-23,1557606948,ProPro1052's Place,All,,,0,0,0,0,0,0.0,0.0,0.0,0.0,2020-02-17,2225,mid,False,,59
2026-03-23,498598030,puppyluver112232's Place,All,,,0,0,0,0,0,0.0,0.0,0.0,0.0,2017-12-05,3029,mid,False,,60
2026-03-24,383310974,[🧇] Adopt Me!,RPG,Roleplay & Avatar Sim,Pet Care,413503,42780355619,28679462,8885322,1497941,0.8557,0.6704,0.00067039,0.00741901,2017-07-14,3174,top,True,2019,1
2026-03-24,1686885941,Brookhaven 🏡RP,Town and City,Roleplay & Avatar Sim,Life,294973,80346250920,26695067,7850199,1288579,0.859,0.3323,0.00033225,0.00359454,2020-04-21,2163,top,True,2020,2
2026-03-24,994732206,Blox Fruits,Adventure,RPG,Action RPG,289992,60022565279,18315895,11812052,1024595,0.9202,0.3052,0.00030515,0.00353171,2019-01-16,2624,top,True,2021,3
2026-03-24,6035872082,RIVALS,FPS,Shooter,Deathmatch Shooter,216373,13034645476,65757796,8830128,519308,0.9445,5.0448,0.00504485,0.05853241,2024-05-26,666,breakout,True,2025,4
2026-03-24,66654135,Murder Mystery 2,Horror,Survival,1 vs All,113218,24573442595,21435481,9369676,948151,0.9081,0.8723,0.0008723,0.00921823,2014-01-18,4447,top,True,2017,5
2026-03-24,601130232,Bee Swarm Simulator,Adventure,Simulation,Incremental Simulator,68240,4271500587,6408657,2946331,136910,0.9556,1.5003,0.00150033,0.01595831,2018-03-21,2924,top,True,2018,6
2026-03-24,3808081382,The Strongest Battlegrounds,Fighting,Action,Battlegrounds & Fighting,65303,17272884825,6679033,4867317,940308,0.8381,0.3867,0.00038668,0.00359291,2022-08-02,1330,breakout,True,2024,7
2026-03-24,5361032378,Sol's RNG [ BOSS RAID 2🔥],All,Simulation,Incremental Simulator,42436,1716790888,900109,1266220,128762,0.9077,0.5243,0.0005243,0.00507111,2023-12-03,842,breakout,True,2025,8
2026-03-24,5750914919,Fisch 🐟 [DREADFIN],Adventure,Simulation,,26355,4327879795,3218184,2784150,298767,0.9031,0.7436,0.00074359,0.00683582,2024-03-13,740,breakout,True,2025,9
2026-03-24,1720936166,[UPD] All Star Tower Defense,All,Strategy,Tower Defense,25079,7664485242,2300303,1469269,128910,0.9193,0.3001,0.00030012,0.00279499,2020-05-07,2147,established,False,,10
2026-03-24,1831550657,🌷 Creatures of Sonaria ✨ Survive Kaiju Animals,All,Roleplay & Avatar Sim,Animal Sim,18120,1866094560,9456662,1277720,105143,0.924,5.0676,0.00506762,0.0459093,2020-06-25,2097,lower_mid,False,,11
2026-03-24,3317679266,PLS DONATE 💸,All,Social,,15643,4923336860,4133799,3510141,256325,0.9319,0.8396,0.00083963,0.00755719,2022-02-05,1507,breakout,True,2024,12
2026-03-24,4777817887,Blade Ball,Fighting,Action,Battlegrounds & Fighting,13481,6040200501,12169045,8063837,555609,0.9355,2.0147,0.00201468,0.01792287,2023-06-17,1011,breakout,True,2024,13
2026-03-24,210851291,Build A Boat For Treasure,Adventure,Simulation,Sandbox,10978,4937980932,8279425,3519501,252285,0.9331,1.6767,0.00167668,0.01455601,2016-11-02,3428,top,True,2017,14
2026-03-24,1235188606,[🍀] Dragon Adventures 🐉,Adventure,RPG,,10858,1534814671,12475993,1030872,74437,0.9327,8.1287,0.00812866,0.07045056,2019-07-15,2443,mid,False,,15
2026-03-24,88070565,[🚪] Welcome to Bloxburg,Town and City,Roleplay & Avatar Sim,Life,8009,9851849793,13828127,5545799,733099,0.8832,1.4036,0.00140361,0.01114322,2014-11-04,4158,established,False,,16
2026-03-24,5650396773,a dusty trip [🐺ANIMALS],Adventure,Adventure,,7085,2235263341,1969080,1929291,210351,0.9017,0.8809,0.00088092,0.00704227,2024-02-16,766,mid,False,,17
2026-03-24,2440500124,DOORS [NEW BUNDLE 🍀],Adventure,Survival,Escape,6944,7271950117,7710458,4465657,341321,0.929,1.0603,0.0010603,0.00871322,2021-03-14,1836,breakout,True,2022,18
2026-03-24,245662005,[UPD] Jailbreak,Town and City,Action,Open World Action,6327,7837799205,18526030,5733893,804324,0.877,2.3637,0.00236368,0.01814356,2017-01-06,3363,top,True,2017,19
2026-03-24,372226183,⛩️Flee the Facility💕,Horror,Survival,1 vs All,5812,5471686918,9394331,2621044,227851,0.92,1.7169,0.0017169,0.01369159,2017-07-01,3188,lower_mid,False,,20
2026-03-24,321778215,Royale🌼High,All,Roleplay & Avatar Sim,Dress Up,5424,10369414756,13265172,3231855,531313,0.8588,1.2793,0.00127926,0.00944699,2017-04-10,3269,top,True,2018,21
2026-03-24,1516533665,Piggy [LOVE HEARTS ❤️ ],Horror,Survival,,4599,14121205672,12052559,3952555,429890,0.9019,0.8535,0.00085351,0.00649221,2020-01-23,2252,established,False,,22
2026-03-24,65241,Natural Disaster Survival,All,Survival,,4546,4169275956,11481389,4266055,431310,0.9082,2.7538,0.00275381,0.0210636,2008-03-28,6569,top,True,2014,23
2026-03-24,47545,🍕Work at a Pizza Place,Town and City,Roleplay & Avatar Sim,Life,4263,5444576784,13238391,3362012,259729,0.9283,2.4315,0.00243148,0.01886485,2008-03-28,6569,established,False,,24
2026-03-24,111958650,Arsenal,Fighting,Shooter,Deathmatch Shooter,2480,6166966607,11455227,5082174,656254,0.8856,1.8575,0.00185751,0.01285868,2015-08-18,3871,established,False,,25
2026-03-24,31970568,Theme Park Tycoon 2,Building,Simulation,Tycoon,2438,1548225751,6000647,2038017,254787,0.8889,3.8758,0.00387582,0.02686969,2012-01-02,5195,established,False,,26
2026-03-24,1359573625,Deepwoken: Ironsworn,RPG,RPG,Action RPG,2376,1514742320,985570,395388,60375,0.8675,0.6507,0.00065065,0.00438788,2019-10-12,2354,mid,False,,27
2026-03-24,113491250,Phantom Forces,FPS,Shooter,Deathmatch Shooter,1426,1757980364,5944759,2448502,247487,0.9082,3.3816,0.00338158,0.02230685,2015-08-31,3858,established,False,,28
2026-03-24,1008451066,Da Hood ,Town and City,Action,Open World Action,1402,2888306365,2982675,1283271,536709,0.7051,1.0327,0.00103267,0.00527637,2019-01-27,2613,established,False,,29
2026-03-24,1511883870,Shindo Life [242],All,RPG,Action RPG,1246,2647429076,3004727,2176219,144020,0.9379,1.135,0.00113496,0.00758837,2020-01-20,2254,established,False,,30
2026-03-24,2316994223,Pet Simulator X! 🐾,All,Simulation,Incremental Simulator,1171,8970743234,5961846,4207516,394640,0.9142,0.6646,0.00066459,0.00429358,2021-01-22,1886,breakout,True,2022,31
2026-03-24,110181652,Epic Minigames ✨,All,Party & Casual,Minigame,1092,2306001101,8233741,2201453,232882,0.9043,3.5706,0.00357057,0.02259222,2015-07-29,3891,lower_mid,False,,32
2026-03-24,2471084,🌳 Lumber Tycoon 2,Adventure,Simulation,Tycoon,1046,1289321281,4572486,2008728,282078,0.8769,3.5464,0.00354643,0.02162415,2009-07-30,6080,lower_mid,False,,33
2026-03-24,1335695570,⚡Ninja Legends,Fighting,Simulation,Incremental Simulator,913,2139366236,4671944,1600945,130175,0.9248,2.1838,0.0021838,0.01376918,2019-09-22,2374,top,True,2020,34
2026-03-24,2404080894,Funky Friday,All,Action,Music & Rhythm,758,1964921270,4068149,1945589,211422,0.902,2.0704,0.00207039,0.01238497,2021-02-26,1851,lower_mid,False,,35
2026-03-24,1434220026,My Restaurant! 👨‍🍳,All,Simulation,Tycoon,600,879583475,2672092,1076644,98843,0.9159,3.0379,0.00303791,0.01780382,2019-12-06,2300,established,False,,36
2026-03-24,83858907,Speed Run 4,Adventure,Obby & Platformer,,417,1719584009,4512104,1025264,363215,0.7384,2.624,0.00262395,0.01169402,2014-10-20,4172,mid,False,,37
2026-03-24,1424449565,Super Golf!,Sports,Sports & Racing,Sports,253,246306105,954811,308794,78532,0.7972,3.8765,0.00387652,0.01711336,2019-11-29,2307,mid,False,,38
2026-03-24,3183403065,[🤹APRIL FOOL'S🤡] AA,All,Strategy,Tower Defense,97,2507324877,1396642,720949,65155,0.9171,0.557,0.00055702,0.00234226,2021-12-21,1554,established,False,,39
2026-03-24,140239261,🏠 MeepCity 🏠,Town and City,Roleplay & Avatar Sim,,59,16269400810,14757960,2882835,514303,0.8486,0.9071,0.0009071,0.00315171,2016-02-23,3681,top,True,2016,40
2026-03-24,81762198,[Sides] Vehicle Simulator,Town and City,Simulation,Vehicle Sim,14,665628750,3375915,1098866,133129,0.8919,5.0718,0.00507177,0.01225045,2014-08-08,4246,mid,False,,41
2026-03-24,1344222621,malymal91's Place,All,,,0,0,0,0,0,0.0,0.0,0.0,0.0,2019-09-29,2367,mid,False,,42
2026-03-24,67400893,efrenda's Place,All,,,0,0,0,0,0,0.0,0.0,0.0,0.0,2014-01-26,4439,lower_mid,False,,43
2026-03-24,1090335239,aleor3210's Place,All,,,0,0,0,0,0,0.0,0.0,0.0,0.0,2019-03-31,2550,lower_mid,False,,44
2026-03-24,2755335127,####'s Place,All,,,0,0,0,0,0,0.0,0.0,0.0,0.0,2021-07-19,1709,lower_mid,False,,45
2026-03-24,4494776745,chgcchfhcfvggjgvhc's Place,All,,,0,0,0,0,0,0.0,0.0,0.0,0.0,2023-03-19,1100,mid,False,,46
2026-03-24,4747349896,rgost1's Place,All,,,0,0,0,0,0,0.0,0.0,0.0,0.0,2023-06-07,1021,mid,False,,47
2026-03-24,1557606948,ProPro1052's Place,All,,,0,0,0,0,0,0.0,0.0,0.0,0.0,2020-02-17,2226,mid,False,,48
2026-03-25,383310974,[🧇] Adopt Me!,RPG,Roleplay & Avatar Sim,Pet Care,403268,42794809290,28685393,8889508,1497905,0.8558,0.6703,0.0006703,0.00740419,2017-07-14,3175,top,True,2019,1
2026-03-25,1686885941,Brookhaven 🏡RP,Town and City,Roleplay & Avatar Sim,Life,317331,80383238961,26711386,7854278,1289162,0.859,0.3323,0.0003323,0.00361598,2020-04-21,2164,top,True,2020,2
2026-03-25,994732206,Blox Fruits,Adventure,RPG,Action RPG,294721,60044292176,18324051,11816548,1024843,0.9202,0.3052,0.00030518,0.00353659,2019-01-16,2625,top,True,2021,3
2026-03-25,6035872082,RIVALS,FPS,Shooter,Deathmatch Shooter,213487,13065880177,65909564,8840841,520483,0.9444,5.0444,0.0050444,0.05845988,2024-05-26,667,breakout,True,2025,4
2026-03-25,66654135,Murder Mystery 2,Horror,Survival,1 vs All,112615,24591738794,21443943,9373452,948607,0.9081,0.872,0.000872,0.00921071,2014-01-18,4448,top,True,2017,5
2026-03-25,601130232,Bee Swarm Simulator,Adventure,Simulation,Incremental Simulator,66011,4275594635,6409295,2946853,136932,0.9556,1.499,0.00149904,0.01589706,2018-03-21,2925,top,True,2018,6
2026-03-25,3808081382,The Strongest Battlegrounds,Fighting,Action,Battlegrounds & Fighting,65998,17284750851,6683156,4869348,940836,0.8381,0.3867,0.00038665,0.00359601,2022-08-02,1331,breakout,True,2024,7
2026-03-25,5361032378,Sol's RNG [ BOSS RAID 2🔥],All,Simulation,Incremental Simulator,41642,1718394997,900532,1266833,128775,0.9077,0.5241,0.00052405,0.00505996,2023-12-03,843,breakout,True,2025,8
2026-03-25,5750914919,Fisch 🐟 [DREADFIN],Adventure,Simulation,,24753,4329479280,3220199,2784900,298807,0.9031,0.7438,0.00074378,0.00679554,2024-03-13,741,breakout,True,2025,9
2026-03-25,1720936166,[UPD] All Star Tower Defense,All,Strategy,Tower Defense,22992,7670073471,2300810,1470037,128898,0.9194,0.3,0.00029997,0.00276974,2020-05-07,2148,established,False,,10
2026-03-25,1831550657,🌷 Creatures of Sonaria ✨ Survive Kaiju Animals,All,Roleplay & Avatar Sim,Animal Sim,17237,1867633396,9463856,1278421,105190,0.924,5.0673,0.0050673,0.04567283,2020-06-25,2098,lower_mid,False,,11
2026-03-25,3317679266,PLS DONATE 💸,All,Social,,17049,4926513664,4136355,3511788,256489,0.9319,0.8396,0.00083961,0.00762424,2022-02-05,1508,breakout,True,2024,12
2026-03-25,4777817887,Blade Ball,Fighting,Action,Battlegrounds & Fighting,13787,6042418224,12173533,8065832,555764,0.9355,2.0147,0.00201468,0.01796516,2023-06-17,1012,breakout,True,2024,13
2026-03-25,210851291,Build A Boat For Treasure,Adventure,Simulation,Sandbox,11176,4939037722,8280332,3520091,252322,0.9331,1.6765,0.00167651,0.01458247,2016-11-02,3429,top,True,2017,14
2026-03-25,1235188606,[🍀] Dragon Adventures 🐉,Adventure,RPG,,10161,1535914181,12481292,1031186,74458,0.9327,8.1263,0.0081263,0.06992735,2019-07-15,2444,mid,False,,15
2026-03-25,88070565,[🚪] Welcome to Bloxburg,Town and City,Roleplay & Avatar Sim,Life,8053,9852770376,13828634,5546152,733125,0.8832,1.4035,0.00140353,0.01114942,2014-11-04,4159,established,False,,16
2026-03-25,5650396773,a dusty trip [🐺ANIMALS],Adventure,Adventure,,7482,2236543906,1970094,1929703,210414,0.9017,0.8809,0.00088087,0.0070851,2024-02-16,767,mid,False,,17
2026-03-25,2440500124,DOORS [NEW BUNDLE 🍀],Adventure,Survival,Escape,6884,7273370300,7711717,4466315,341365,0.929,1.0603,0.00106027,0.0087044,2021-03-14,1837,breakout,True,2022,18
2026-03-25,245662005,[UPD] Jailbreak,Town and City,Action,Open World Action,6125,7838845635,18526463,5734172,804371,0.877,2.3634,0.00236342,0.0180743,2017-01-06,3364,top,True,2017,19
2026-03-25,321778215,Royale🌼High,All,Roleplay & Avatar Sim,Dress Up,5587,10369922257,13265338,3232021,531323,0.8588,1.2792,0.00127921,0.00947921,2017-04-10,3270,top,True,2018,20
2026-03-25,372226183,⛩️Flee the Facility💕,Horror,Survival,1 vs All,5496,5473800013,9395226,2621689,227913,0.92,1.7164,0.0017164,0.01359932,2017-07-01,3189,lower_mid,False,,21
2026-03-25,65241,Natural Disaster Survival,All,Survival,,5140,4170752899,11482945,4266800,431370,0.9082,2.7532,0.00275321,0.02136607,2008-03-28,6570,top,True,2014,22
2026-03-25,1516533665,Piggy [LOVE HEARTS ❤️ ],Horror,Survival,,4943,14122534423,12053492,3953131,429936,0.9019,0.8535,0.00085349,0.00654765,2020-01-23,2253,established,False,,23
2026-03-25,47545,🍕Work at a Pizza Place,Town and City,Roleplay & Avatar Sim,Life,4820,5445258156,13239761,3362503,259739,0.9283,2.4314,0.00243143,0.0191417,2008-03-28,6570,established,False,,24
2026-03-25,31970568,Theme Park Tycoon 2,Building,Simulation,Tycoon,2626,1548444849,6000894,2038161,254798,0.8889,3.8754,0.00387543,0.02712287,2012-01-02,5196,established,False,,25
2026-03-25,111958650,Arsenal,Fighting,Shooter,Deathmatch Shooter,2548,6167648770,11455460,5082390,656312,0.8856,1.8573,0.00185735,0.01290193,2015-08-18,3872,established,False,,26
2026-03-25,1359573625,Deepwoken: Ironsworn,RPG,RPG,Action RPG,2293,1515251950,985701,395459,60378,0.8675,0.6505,0.00065052,0.00436701,2019-10-12,2355,mid,False,,27
2026-03-25,113491250,Phantom Forces,FPS,Shooter,Deathmatch Shooter,1469,1758183104,5944895,2448595,247488,0.9082,3.3813,0.00338127,0.02239603,2015-08-31,3859,established,False,,28
2026-03-25,1008451066,Da Hood ,Town and City,Action,Open World Action,1342,2888572651,2982737,1283324,536744,0.7051,1.0326,0.0010326,0.00524413,2019-01-27,2614,established,False,,29
2026-03-25,1511883870,Shindo Life [242],All,RPG,Action RPG,1204,2647544339,3004800,2176324,144024,0.9379,1.1349,0.00113494,0.00755176,2020-01-20,2255,established,False,,30
2026-03-25,2316994223,Pet Simulator X! 🐾,All,Simulation,Incremental Simulator,1187,8970869922,5961870,4207608,394643,0.9143,0.6646,0.00066458,0.00430178,2021-01-22,1887,breakout,True,2022,31
2026-03-25,110181652,Epic Minigames ✨,All,Party & Casual,Minigame,1125,2306213346,8234821,2201755,232888,0.9043,3.5707,0.00357071,0.02268939,2015-07-29,3892,lower_mid,False,,32
2026-03-25,2471084,🌳 Lumber Tycoon 2,Adventure,Simulation,Tycoon,1114,1289425105,4572590,2008793,282078,0.8769,3.5462,0.00354622,0.02181866,2009-07-30,6081,lower_mid,False,,33
2026-03-25,1335695570,⚡Ninja Legends,Fighting,Simulation,Incremental Simulator,950,2139460301,4672049,1601009,130186,0.9248,2.1838,0.00218375,0.01384898,2019-09-22,2375,top,True,2020,34
2026-03-25,2404080894,Funky Friday,All,Action,Music & Rhythm,793,1965080400,4068223,1945656,211430,0.902,2.0703,0.00207026,0.01246837,2021-02-26,1852,lower_mid,False,,35
2026-03-25,1434220026,My Restaurant! 👨‍🍳,All,Simulation,Tycoon,592,879627996,2672119,1076704,98847,0.9159,3.0378,0.00303778,0.01776584,2019-12-06,2301,established,False,,36
2026-03-25,83858907,Speed Run 4,Adventure,Obby & Platformer,,388,1719683493,4512255,1025300,363245,0.7384,2.6239,0.00262389,0.01155429,2014-10-20,4173,mid,False,,37
2026-03-25,1424449565,Super Golf!,Sports,Sports & Racing,Sports,234,246358060,954991,308845,78542,0.7973,3.8764,0.00387643,0.01687282,2019-11-29,2308,mid,False,,38
2026-03-25,3183403065,[🤹APRIL FOOL'S🤡] AA,All,Strategy,Tower Defense,115,2507337604,1396616,720964,65155,0.9171,0.557,0.00055701,0.00242835,2021-12-21,1555,established,False,,39
2026-03-25,140239261,🏠 MeepCity 🏠,Town and City,Roleplay & Avatar Sim,,66,16269432764,14757906,2882857,514327,0.8486,0.9071,0.00090709,0.00323661,2016-02-23,3682,top,True,2016,40
2026-03-25,81762198,[Sides] Vehicle Simulator,Town and City,Simulation,Vehicle Sim,10,665631364,3375898,1098869,133129,0.8919,5.0717,0.00507172,0.0108473,2014-08-08,4247,mid,False,,41
2026-03-25,1344222621,malymal91's Place,All,,,0,0,0,0,0,0.0,0.0,0.0,0.0,2019-09-29,2368,mid,False,,42
2026-03-25,67400893,efrenda's Place,All,,,0,0,0,0,0,0.0,0.0,0.0,0.0,2014-01-26,4440,lower_mid,False,,43
2026-03-25,1090335239,aleor3210's Place,All,,,0,0,0,0,0,0.0,0.0,0.0,0.0,2019-03-31,2551,lower_mid,False,,44
2026-03-25,2755335127,####'s Place,All,,,0,0,0,0,0,0.0,0.0,0.0,0.0,2021-07-19,1710,lower_mid,False,,45
2026-03-25,4494776745,chgcchfhcfvggjgvhc's Place,All,,,0,0,0,0,0,0.0,0.0,0.0,0.0,2023-03-19,1101,mid,False,,46
2026-03-25,4747349896,rgost1's Place,All,,,0,0,0,0,0,0.0,0.0,0.0,0.0,2023-06-07,1022,mid,False,,47
2026-03-25,1557606948,ProPro1052's Place,All,,,0,0,0,0,0,0.0,0.0,0.0,0.0,2020-02-17,2227,mid,False,,48
2026-03-26,383310974,[🧇] Adopt Me!,RPG,Roleplay & Avatar Sim,Pet Care,411669,42808346655,28691837,8893217,1497938,0.8558,0.6702,0.00067024,0.00741576,2017-07-14,3176,top,True,2019,1
2026-03-26,994732206,Blox Fruits,Adventure,RPG,Action RPG,316932,60066569023,18334259,11821095,1025115,0.9202,0.3052,0.00030523,0.00355769,2019-01-16,2626,top,True,2021,2
2026-03-26,1686885941,Brookhaven 🏡RP,Town and City,Roleplay & Avatar Sim,Life,314265,80420304730,26727730,7858351,1289746,0.859,0.3324,0.00033235,0.00361378,2020-04-21,2165,top,True,2020,3
2026-03-26,6035872082,RIVALS,FPS,Shooter,Deathmatch Shooter,216480,13097410210,66068540,8852199,521613,0.9444,5.0444,0.0050444,0.05852326,2024-05-26,668,breakout,True,2025,4
2026-03-26,66654135,Murder Mystery 2,Horror,Survival,1 vs All,119633,24609664850,21452333,9377389,949014,0.9081,0.8717,0.0008717,0.00925545,2014-01-18,4449,top,True,2017,5
2026-03-26,3808081382,The Strongest Battlegrounds,Fighting,Action,Battlegrounds & Fighting,69251,17296829894,6686968,4871374,941394,0.838,0.3866,0.0003866,0.00361103,2022-08-02,1332,breakout,True,2024,6
2026-03-26,601130232,Bee Swarm Simulator,Adventure,Simulation,Incremental Simulator,66091,4279563580,6409935,2947389,136952,0.9556,1.4978,0.0014978,0.01588566,2018-03-21,2926,top,True,2018,7
2026-03-26,5361032378,Sol's RNG [ BOSS RAID 2🔥],All,Simulation,Incremental Simulator,41334,1719960289,900922,1267437,128797,0.9078,0.5238,0.0005238,0.00505415,2023-12-03,844,breakout,True,2025,8
2026-03-26,5750914919,Fisch 🐟 [DREADFIN],Adventure,Simulation,,24395,4331019377,3222637,2785644,298852,0.9031,0.7441,0.00074408,0.00678856,2024-03-13,742,breakout,True,2025,9
2026-03-26,1720936166,[UPD] All Star Tower Defense,All,Strategy,Tower Defense,21876,7675343049,2301260,1470627,128917,0.9194,0.2998,0.00029983,0.00275473,2020-05-07,2149,established,False,,10
2026-03-26,1831550657,🌷 Creatures of Sonaria ✨ Survive Kaiju Animals,All,Roleplay & Avatar Sim,Animal Sim,17267,1869117879,9470476,1279030,105240,0.924,5.0668,0.00506682,0.04567662,2020-06-25,2099,lower_mid,False,,11
2026-03-26,3317679266,PLS DONATE 💸,All,Social,,16371,4929724406,4138970,3513509,256615,0.9319,0.8396,0.00083959,0.00759234,2022-02-05,1509,breakout,True,2024,12
2026-03-26,4777817887,Blade Ball,Fighting,Action,Battlegrounds & Fighting,13629,6044618320,12178253,8067819,555946,0.9355,2.0147,0.00201473,0.01794377,2023-06-17,1013,breakout,True,2024,13
2026-03-26,210851291,Build A Boat For Treasure,Adventure,Simulation,Sandbox,11815,4940074068,8281132,3520619,252343,0.9331,1.6763,0.00167632,0.01466785,2016-11-02,3430,top,True,2017,14
2026-03-26,1235188606,[🍀] Dragon Adventures 🐉,Adventure,RPG,,9303,1536938595,12486638,1031480,74463,0.9327,8.1244,0.00812436,0.06924329,2019-07-15,2445,mid,False,,15
2026-03-26,88070565,[🚪] Welcome to Bloxburg,Town and City,Roleplay & Avatar Sim,Life,7965,9853652079,13829154,5546545,733123,0.8833,1.4035,0.00140345,0.01113532,2014-11-04,4160,established,False,,16
2026-03-26,5650396773,a dusty trip [🐺ANIMALS],Adventure,Adventure,,7790,2237891601,1971160,1930141,210475,0.9017,0.8808,0.00088081,0.00711666,2024-02-16,768,mid,False,,17
2026-03-26,2440500124,DOORS  ,Adventure,Survival,Escape,7336,7274799442,7713059,4467049,341429,0.929,1.0602,0.00106024,0.00876682,2021-03-14,1838,breakout,True,2022,18
2026-03-26,245662005,[UPD] Jailbreak,Town and City,Action,Open World Action,6643,7839853555,18526967,5734442,804415,0.877,2.3632,0.00236318,0.01824067,2017-01-06,3365,top,True,2017,19
2026-03-26,372226183,⛩️Flee the Facility💕,Horror,Survival,1 vs All,5640,5475814690,9396076,2622302,227961,0.92,1.7159,0.00171592,0.01363639,2017-07-01,3190,lower_mid,False,,20
2026-03-26,65241,Natural Disaster Survival,All,Survival,,5361,4172260587,11484588,4267553,431468,0.9082,2.7526,0.00275261,0.02146652,2008-03-28,6571,top,True,2014,21
2026-03-26,321778215,Royale🌼High,All,Roleplay & Avatar Sim,Dress Up,5201,10370394684,13265482,3232194,531316,0.8588,1.2792,0.00127917,0.00940034,2017-04-10,3271,top,True,2018,22
2026-03-26,1516533665,Piggy [LOVE HEARTS ❤️ ],Horror,Survival,,4743,14123788782,12054311,3953706,429967,0.9019,0.8535,0.00085348,0.00651577,2020-01-23,2254,established,False,,23
2026-03-26,47545,🍕Work at a Pizza Place,Town and City,Roleplay & Avatar Sim,Life,4710,5445909231,13241094,3363008,259753,0.9283,2.4314,0.00243138,0.01908937,2008-03-28,6571,established,False,,24
2026-03-26,111958650,Arsenal,Fighting,Shooter,Deathmatch Shooter,2659,6168340277,11455650,5082584,656350,0.8856,1.8572,0.00185717,0.01297078,2015-08-18,3873,established,False,,25
2026-03-26,31970568,Theme Park Tycoon 2,Building,Simulation,Tycoon,2600,1548660259,6001130,2038309,254808,0.8889,3.875,0.00387505,0.027086,2012-01-02,5197,established,False,,26
2026-03-26,1359573625,Deepwoken: Ironsworn,RPG,RPG,Action RPG,2313,1515736801,985832,395529,60384,0.8676,0.6504,0.0006504,0.00437113,2019-10-12,2356,mid,False,,27
2026-03-26,113491250,Phantom Forces,FPS,Shooter,Deathmatch Shooter,1557,1758386371,5945036,2448678,247505,0.9082,3.381,0.00338096,0.02257243,2015-08-31,3860,established,False,,28
2026-03-26,1008451066,Da Hood ,Town and City,Action,Open World Action,1404,2888833851,2982799,1283389,536769,0.7051,1.0325,0.00103253,0.00527663,2019-01-27,2615,established,False,,29
2026-03-26,2316994223,Pet Simulator X! 🐾,All,Simulation,Incremental Simulator,1349,8971003323,5961901,4207694,394651,0.9143,0.6646,0.00066457,0.0043794,2021-01-22,1888,breakout,True,2022,30
2026-03-26,2471084,🌳 Lumber Tycoon 2,Adventure,Simulation,Tycoon,1197,1289528530,4572719,2008871,282084,0.8769,3.546,0.00354604,0.02204082,2009-07-30,6082,lower_mid,False,,31
2026-03-26,1511883870,Shindo Life [242],All,RPG,Action RPG,1169,2647656999,3004865,2176429,144027,0.9379,1.1349,0.00113491,0.00752024,2020-01-20,2256,established,False,,32
2026-03-26,110181652,Epic Minigames ✨,All,Party & Casual,Minigame,1139,2306409290,8235720,2202045,232892,0.9044,3.5708,0.0035708,0.0227301,2015-07-29,3893,lower_mid,False,,33
2026-03-26,1335695570,⚡Ninja Legends,Fighting,Simulation,Incremental Simulator,937,2139553393,4672156,1601092,130187,0.9248,2.1837,0.00218371,0.01382094,2019-09-22,2376,top,True,2020,34
2026-03-26,2404080894,Funky Friday,All,Action,Music & Rhythm,828,1965239030,4068270,1945746,211440,0.902,2.0701,0.00207011,0.01254806,2021-02-26,1853,lower_mid,False,,35
2026-03-26,1434220026,My Restaurant! 👨‍🍳,All,Simulation,Tycoon,578,879670336,2672152,1076767,98850,0.9159,3.0377,0.00303767,0.01769877,2019-12-06,2302,established,False,,36
2026-03-26,83858907,Speed Run 4,Adventure,Obby & Platformer,,426,1719787019,4512405,1025337,363267,0.7384,2.6238,0.00262382,0.01173448,2014-10-20,4174,mid,False,,37
2026-03-26,1424449565,Super Golf!,Sports,Sports & Racing,Sports,334,246405399,955127,308901,78552,0.7973,3.8762,0.00387624,0.01796784,2019-11-29,2309,mid,False,,38
2026-03-26,3183403065,[🤹APRIL FOOL'S🤡] AA,All,Strategy,Tower Defense,91,2507350121,1396577,720970,65154,0.9171,0.557,0.00055699,0.00230986,2021-12-21,1556,established,False,,39
2026-03-26,140239261,🏠 MeepCity 🏠,Town and City,Roleplay & Avatar Sim,,42,16269464166,14757836,2882888,514344,0.8486,0.9071,0.00090709,0.0028952,2016-02-23,3683,top,True,2016,40
2026-03-26,81762198,[Sides] Vehicle Simulator,Town and City,Simulation,Vehicle Sim,6,665634263,3375891,1098870,133130,0.8919,5.0717,0.00507169,0.0088026,2014-08-08,4248,mid,False,,41
2026-03-26,1344222621,malymal91's Place,All,,,0,0,0,0,0,0.0,0.0,0.0,0.0,2019-09-29,2369,mid,False,,42
2026-03-26,67400893,efrenda's Place,All,,,0,0,0,0,0,0.0,0.0,0.0,0.0,2014-01-26,4441,lower_mid,False,,43
2026-03-26,1090335239,aleor3210's Place,All,,,0,0,0,0,0,0.0,0.0,0.0,0.0,2019-03-31,2552,lower_mid,False,,44
2026-03-26,2755335127,####'s Place,All,,,0,0,0,0,0,0.0,0.0,0.0,0.0,2021-07-19,1711,lower_mid,False,,45
2026-03-26,4494776745,chgcchfhcfvggjgvhc's Place,All,,,0,0,0,0,0,0.0,0.0,0.0,0.0,2023-03-19,1102,mid,False,,46
2026-03-26,4747349896,rgost1's Place,All,,,0,0,0,0,0,0.0,0.0,0.0,0.0,2023-06-07,1023,mid,False,,47
2026-03-26,1557606948,ProPro1052's Place,All,,,0,0,0,0,0,0.0,0.0,0.0,0.0,2020-02-17,2228,mid,False,,48
2026-03-27,383310974,[6H🍭] Adopt Me!,RPG,Roleplay & Avatar Sim,Pet Care,404520,42821187550,28697892,8897024,1497993,0.8559,0.6702,0.00067018,0.00740547,2017-07-14,3177,top,True,2019,1
2026-03-27,1686885941,Brookhaven 🏡RP,Town and City,Roleplay & Avatar Sim,Life,327200,80457391031,26744377,7862441,1290318,0.859,0.3324,0.0003324,0.00362592,2020-04-21,2166,top,True,2020,2
2026-03-27,994732206,Blox Fruits,Adventure,RPG,Action RPG,316134,60088740541,18342609,11825772,1025372,0.9202,0.3053,0.00030526,0.00355733,2019-01-16,2627,top,True,2021,3
2026-03-27,6035872082,RIVALS,FPS,Shooter,Deathmatch Shooter,235264,13129473363,66223722,8862876,522826,0.9443,5.0439,0.0050439,0.05891015,2024-05-26,669,breakout,True,2025,4
2026-03-27,66654135,Murder Mystery 2,Horror,Survival,1 vs All,123593,24627723207,21460936,9381241,949406,0.9081,0.8714,0.00087141,0.00927814,2014-01-18,4450,top,True,2017,5
2026-03-27,3808081382,The Strongest Battlegrounds,Fighting,Action,Battlegrounds & Fighting,72096,17309068133,6691024,4873474,941927,0.838,0.3866,0.00038656,0.00362363,2022-08-02,1333,breakout,True,2024,6
2026-03-27,601130232,Bee Swarm Simulator,Adventure,Simulation,Incremental Simulator,65133,4283345330,6410579,2947960,136958,0.9556,1.4966,0.00149663,0.01585246,2018-03-21,2927,top,True,2018,7
2026-03-27,5361032378,Sol's RNG [ BOSS RAID 2🔥],All,Simulation,Incremental Simulator,41588,1721469370,901334,1268003,128814,0.9078,0.5236,0.00052358,0.00505509,2023-12-03,845,breakout,True,2025,8
2026-03-27,5750914919,Fisch 🐟 [DREADFIN],Adventure,Simulation,,24598,4332504255,3224948,2786407,298892,0.9031,0.7444,0.00074436,0.00679676,2024-03-13,743,breakout,True,2025,9
2026-03-27,1720936166,[UPD] All Star Tower Defense,All,Strategy,Tower Defense,22135,7680416179,2301687,1471202,128928,0.9194,0.2997,0.00029968,0.00275673,2020-05-07,2150,established,False,,10
2026-03-27,1831550657,🌷 Creatures of Sonaria ✨ Survive Kaiju Animals,All,Roleplay & Avatar Sim,Animal Sim,18394,1870619425,9477562,1279615,105285,0.924,5.0665,0.00506654,0.04597019,2020-06-25,2100,lower_mid,False,,11
2026-03-27,3317679266,PLS DONATE 💸,All,Social,,16183,4932851510,4141304,3515195,256760,0.9319,0.8395,0.00083954,0.00758273,2022-02-05,1510,breakout,True,2024,12
2026-03-27,4777817887,Blade Ball,Fighting,Action,Battlegrounds & Fighting,14744,6046882792,12183359,8069997,556141,0.9355,2.0148,0.00201482,0.01809269,2023-06-17,1014,breakout,True,2024,13
2026-03-27,210851291,Build A Boat For Treasure,Adventure,Simulation,Sandbox,12625,4941151657,8281985,3521159,252357,0.9331,1.6761,0.00167612,0.01476996,2016-11-02,3431,top,True,2017,14
2026-03-27,88070565,[🐰] Welcome to Bloxburg,Town and City,Roleplay & Avatar Sim,Life,11320,9854874190,13829545,5546984,733116,0.8833,1.4033,0.00140332,0.01157002,2014-11-04,4161,established,False,,15
2026-03-27,1235188606,[🍀] Dragon Adventures 🐉,Adventure,RPG,,9669,1537930286,12491562,1031778,74481,0.9327,8.1223,0.00812232,0.06951844,2019-07-15,2446,mid,False,,16
2026-03-27,2440500124,DOORS  ,Adventure,Survival,Escape,8029,7276262321,7714349,4467765,341476,0.929,1.0602,0.00106021,0.00885543,2021-03-14,1839,breakout,True,2022,17
2026-03-27,5650396773,a dusty trip [🐺ANIMALS],Adventure,Adventure,,7863,2239177609,1972254,1930546,210521,0.9017,0.8808,0.00088079,0.00712392,2024-02-16,769,mid,False,,18
2026-03-27,245662005,[UPD] Jailbreak,Town and City,Action,Open World Action,6295,7840826529,18527502,5734687,804457,0.877,2.363,0.00236295,0.01812743,2017-01-06,3366,top,True,2017,19
2026-03-27,372226183,⛩️Flee the Facility💕,Horror,Survival,1 vs All,6070,5477785606,9396909,2622935,228010,0.92,1.7155,0.00171546,0.01374867,2017-07-01,3191,lower_mid,False,,20
2026-03-27,65241,Natural Disaster Survival,All,Survival,,5668,4173795114,11486346,4268330,431540,0.9082,2.752,0.00275201,0.0216011,2008-03-28,6572,top,True,2014,21
2026-03-27,321778215,Royale🌼High,All,Roleplay & Avatar Sim,Dress Up,5195,10370850759,13265570,3232355,531336,0.8588,1.2791,0.00127912,0.00939873,2017-04-10,3272,top,True,2018,22
2026-03-27,1516533665,Piggy [LOVE HEARTS ❤️ ],Horror,Survival,,5088,14125043769,12055075,3954252,429988,0.9019,0.8535,0.00085345,0.0065697,2020-01-23,2255,established,False,,23
2026-03-27,47545,🍕Work at a Pizza Place,Town and City,Roleplay & Avatar Sim,Life,4667,5446518565,13242332,3363435,259775,0.9283,2.4313,0.00243134,0.01906838,2008-03-28,6572,established,False,,24
2026-03-27,111958650,Arsenal,Fighting,Shooter,Deathmatch Shooter,2741,6169023812,11455848,5082810,656395,0.8856,1.857,0.001857,0.01301946,2015-08-18,3874,established,False,,25
2026-03-27,31970568,Theme Park Tycoon 2,Building,Simulation,Tycoon,2677,1548872675,6001384,2038453,254809,0.8889,3.8747,0.00387468,0.02718412,2012-01-02,5198,established,False,,26
2026-03-27,1359573625,Deepwoken: Ironsworn,RPG,RPG,Action RPG,2438,1516233625,986008,395605,60390,0.8676,0.6503,0.0006503,0.00440022,2019-10-12,2357,mid,False,,27
2026-03-27,113491250,Phantom Forces,FPS,Shooter,Deathmatch Shooter,1599,1758593819,5945167,2448764,247507,0.9082,3.3806,0.00338064,0.02265199,2015-08-31,3861,established,False,,28
2026-03-27,1008451066,Da Hood ,Town and City,Action,Open World Action,1443,2889091726,2982843,1283454,536799,0.7051,1.0325,0.00103245,0.00529616,2019-01-27,2616,established,False,,29
2026-03-27,2316994223,Pet Simulator X! 🐾,All,Simulation,Incremental Simulator,1411,8971142918,5961931,4207799,394653,0.9143,0.6646,0.00066457,0.00440665,2021-01-22,1889,breakout,True,2022,30
2026-03-27,1511883870,Shindo Life [242],All,RPG,Action RPG,1299,2647767579,3004934,2176546,144036,0.9379,1.1349,0.00113489,0.00763225,2020-01-20,2257,established,False,,31
2026-03-27,2471084,🌳 Lumber Tycoon 2,Adventure,Simulation,Tycoon,1242,1289632059,4572854,2008944,282095,0.8769,3.5459,0.00354586,0.02215435,2009-07-30,6083,lower_mid,False,,32
2026-03-27,110181652,Epic Minigames ✨,All,Party & Casual,Minigame,1127,2306614444,8236893,2202389,232887,0.9044,3.571,0.00357099,0.02269752,2015-07-29,3894,lower_mid,False,,33
2026-03-27,1335695570,⚡Ninja Legends,Fighting,Simulation,Incremental Simulator,966,2139648621,4672286,1601185,130187,0.9248,2.1837,0.00218367,0.01388226,2019-09-22,2377,top,True,2020,34
2026-03-27,2404080894,Funky Friday,All,Action,Music & Rhythm,928,1965407805,4068367,1945834,211452,0.902,2.07,0.00206999,0.0127599,2021-02-26,1854,lower_mid,False,,35
2026-03-27,1434220026,My Restaurant! 👨‍🍳,All,Simulation,Tycoon,583,879711938,2672158,1076809,98851,0.9159,3.0375,0.00303754,0.01772194,2019-12-06,2303,established,False,,36
2026-03-27,83858907,Speed Run 4,Adventure,Obby & Platformer,,453,1719893359,4512553,1025393,363287,0.7384,2.6237,0.00262374,0.01185292,2014-10-20,4175,mid,False,,37
2026-03-27,1424449565,Super Golf!,Sports,Sports & Racing,Sports,282,246452043,955281,308930,78561,0.7973,3.8761,0.00387613,0.01744599,2019-11-29,2310,mid,False,,38
2026-03-27,3183403065,[🤹APRIL FOOL'S🤡] AA,All,Strategy,Tower Defense,96,2507364026,1396523,720979,65154,0.9171,0.557,0.00055697,0.0023368,2021-12-21,1557,established,False,,39
2026-03-27,140239261,🏠 MeepCity 🏠,Town and City,Roleplay & Avatar Sim,,78,16269497018,14757787,2882917,514361,0.8486,0.9071,0.00090708,0.00336337,2016-02-23,3684,top,True,2016,40
2026-03-27,81762198,[Sides] Vehicle Simulator,Town and City,Simulation,Vehicle Sim,20,665637122,3375876,1098873,133130,0.8919,5.0716,0.00507165,0.01377222,2014-08-08,4249,mid,False,,41
2026-03-27,1344222621,malymal91's Place,All,,,0,0,0,0,0,0.0,0.0,0.0,0.0,2019-09-29,2370,mid,False,,42
2026-03-27,67400893,efrenda's Place,All,,,0,0,0,0,0,0.0,0.0,0.0,0.0,2014-01-26,4442,lower_mid,False,,43
2026-03-27,1090335239,aleor3210's Place,All,,,0,0,0,0,0,0.0,0.0,0.0,0.0,2019-03-31,2553,lower_mid,False,,44
2026-03-27,2755335127,####'s Place,All,,,0,0,0,0,0,0.0,0.0,0.0,0.0,2021-07-19,1712,lower_mid,False,,45
2026-03-27,4494776745,chgcchfhcfvggjgvhc's Place,All,,,0,0,0,0,0,0.0,0.0,0.0,0.0,2023-03-19,1103,mid,False,,46
2026-03-27,4747349896,rgost1's Place,All,,,0,0,0,0,0,0.0,0.0,0.0,0.0,2023-06-07,1024,mid,False,,47
2026-03-27,1557606948,ProPro1052's Place,All,,,0,0,0,0,0,0.0,0.0,0.0,0.0,2020-02-17,2229,mid,False,,48
2026-03-28,1686885941,Brookhaven 🏡RP,Town and City,Roleplay & Avatar Sim,Life,512158,80507329161,26765961,7868432,1291329,0.859,0.3325,0.00033247,0.00375455,2020-04-21,2167,top,True,2020,1
2026-03-28,383310974,[🍬] Adopt Me!,RPG,Roleplay & Avatar Sim,Pet Care,461267,42838200487,28705212,8902102,1498051,0.856,0.6701,0.00067008,0.00748028,2017-07-14,3178,top,True,2019,2
2026-03-28,994732206,Blox Fruits,Adventure,RPG,Action RPG,374726,60114920267,18353258,11831947,1025538,0.9202,0.3053,0.0003053,0.00360572,2019-01-16,2628,top,True,2021,3
2026-03-28,6035872082,RIVALS,FPS,Shooter,Deathmatch Shooter,373238,13172555998,66432866,8878043,524643,0.9442,5.0433,0.00504328,0.06109477,2024-05-26,670,breakout,True,2025,4
2026-03-28,66654135,Murder Mystery 2,Horror,Survival,1 vs All,154649,24648644653,21471311,9385738,949993,0.9081,0.8711,0.00087109,0.00945195,2014-01-18,4451,top,True,2017,5
2026-03-28,3808081382,The Strongest Battlegrounds,Fighting,Action,Battlegrounds & Fighting,92187,17323978474,6696495,4876156,942594,0.838,0.3865,0.00038654,0.003703,2022-08-02,1333,breakout,True,2024,6
2026-03-28,5361032378,Sol's RNG [ BOSS RAID 2🔥],All,Simulation,Incremental Simulator,85593,1723485704,901979,1268941,128818,0.9078,0.5233,0.00052335,0.00539605,2023-12-03,846,breakout,True,2025,7
2026-03-28,601130232,Bee Swarm Simulator,Adventure,Simulation,Incremental Simulator,68486,4287049668,6411223,2948586,136984,0.9556,1.4955,0.00149549,0.0159121,2018-03-21,2928,top,True,2018,8
2026-03-28,5750914919,Fisch 🐟 [DREADFIN],Adventure,Simulation,,30377,4334230762,3227487,2787347,298951,0.9031,0.7447,0.00074465,0.0069414,2024-03-13,744,breakout,True,2025,9
2026-03-28,1831550657,💜 Creatures of Sonaria ✨ Survive Kaiju Animals,All,Roleplay & Avatar Sim,Animal Sim,30146,1873026233,9488118,1280559,105450,0.9239,5.0657,0.00506566,0.04827143,2020-06-25,2101,lower_mid,False,,10
2026-03-28,1720936166,[UPD] All Star Tower Defense,All,Strategy,Tower Defense,23774,7685646392,2302112,1471804,128949,0.9194,0.2995,0.00029953,0.00277509,2020-05-07,2151,established,False,,11
2026-03-28,3317679266,PLS DONATE 💸,All,Social,,19904,4936428099,4144213,3517100,256922,0.9319,0.8395,0.00083952,0.00774442,2022-02-05,1511,breakout,True,2024,12
2026-03-28,4777817887,Blade Ball,Fighting,Action,Battlegrounds & Fighting,19206,6049645627,12190023,8072799,556370,0.9355,2.015,0.002015,0.0185926,2023-06-17,1015,breakout,True,2024,13
2026-03-28,210851291,Build A Boat For Treasure,Adventure,Simulation,Sandbox,17428,4942531315,8283097,3521868,252417,0.9331,1.6759,0.00167588,0.01527192,2016-11-02,3432,top,True,2017,14
2026-03-28,88070565,[🐰] Welcome to Bloxburg,Town and City,Roleplay & Avatar Sim,Life,16435,9856270440,13830070,5547504,733113,0.8833,1.4032,0.00140317,0.01203102,2014-11-04,4162,established,False,,15
2026-03-28,2440500124,DOORS  ,Adventure,Survival,Escape,13483,7278321856,7716352,4468716,341530,0.929,1.0602,0.00106018,0.00936576,2021-03-14,1840,breakout,True,2022,16
2026-03-28,1235188606,[🍀⚡] Dragon Adventures 🐉,Adventure,RPG,,12769,1539130784,12499473,1032149,74492,0.9327,8.1211,0.00812112,0.07161544,2019-07-15,2447,mid,False,,17
2026-03-28,5650396773,a dusty trip [🐺ANIMALS],Adventure,Adventure,,11538,2240643554,1973524,1931063,210589,0.9017,0.8808,0.00088078,0.00742832,2024-02-16,770,mid,False,,18
2026-03-28,1176784616,Tower Defense Simulator,All,Strategy,Tower Defense,9990,4611655304,3365057,1959762,124674,0.9402,0.7297,0.00072969,0.00631806,2019-06-05,2488,established,False,,19
2026-03-28,245662005,[UPD] Jailbreak,Town and City,Action,Open World Action,9255,7842003333,18528052,5735000,804519,0.877,2.3627,0.00236267,0.01892366,2017-01-06,3367,top,True,2017,20
2026-03-28,1516533665,Piggy [LOVE HEARTS ❤️ ],Horror,Survival,,8023,14126578888,12056047,3954898,430028,0.9019,0.8534,0.00085343,0.00692006,2020-01-23,2256,established,False,,21
2026-03-28,47545,🍕Work at a Pizza Place,Town and City,Roleplay & Avatar Sim,Life,7443,5447363954,13244066,3364011,259791,0.9283,2.4313,0.00243128,0.02012135,2008-03-28,6573,established,False,,22
2026-03-28,65241,Natural Disaster Survival,All,Survival,,7441,4175626080,11488484,4269239,431662,0.9082,2.7513,0.00275132,0.02227546,2008-03-28,6573,top,True,2014,23
2026-03-28,372226183,⛩️Flee the Facility💕,Horror,Survival,1 vs All,7205,5480066421,9397915,2623722,228066,0.92,1.7149,0.00171493,0.01401489,2017-07-01,3192,lower_mid,False,,24
2026-03-28,321778215,Royale🌼High,All,Roleplay & Avatar Sim,Dress Up,6142,10371343647,13265762,3232520,531358,0.8588,1.2791,0.00127908,0.00958235,2017-04-10,3273,top,True,2018,25
2026-03-28,903807016,[🏥] Emergency Response: Liberty County,Town and City,Roleplay & Avatar Sim,Life,5521,1455264747,2744734,1136548,112483,0.9099,1.8861,0.00188607,0.0147878,2018-11-01,2703,mid,False,,26
2026-03-28,371263894,(🚘FIAT & ABARTH!) Greenville,Town and City,Roleplay & Avatar Sim,Life,4788,1339822174,2561199,990575,141086,0.8753,1.9116,0.0019116,0.01417946,2017-06-28,3194,mid,False,,27
2026-03-28,31970568,Theme Park Tycoon 2,Building,Simulation,Tycoon,4756,1549159294,6001761,2038640,254812,0.8889,3.8742,0.00387421,0.02915964,2012-01-02,5199,established,False,,28
2026-03-28,1359573625,Deepwoken: Ironsworn,RPG,RPG,Action RPG,3351,1516829776,986166,395680,60395,0.8676,0.6501,0.00065015,0.00457861,2019-10-12,2358,mid,False,,29
2026-03-28,111958650,Arsenal,Fighting,Shooter,Deathmatch Shooter,3002,6169828980,11456122,5083085,656449,0.8856,1.8568,0.0018568,0.01316755,2015-08-18,3875,established,False,,30
2026-03-28,1008451066,[UPD] Da Hood 🔫,Town and City,Action,Open World Action,2228,2889447976,2982905,1283564,536836,0.7051,1.0323,0.00103234,0.00561165,2019-01-27,2617,established,False,,31
2026-03-28,113491250,Phantom Forces,FPS,Shooter,Deathmatch Shooter,1887,1758822871,5945289,2448859,247527,0.9082,3.3803,0.00338027,0.02315754,2015-08-31,3862,established,False,,32
2026-03-28,2316994223,Pet Simulator X! 🐾,All,Simulation,Incremental Simulator,1881,8971314904,5961980,4207919,394654,0.9143,0.6646,0.00066456,0.00458118,2021-01-22,1890,breakout,True,2022,33
2026-03-28,1511883870,Shindo Life [242],All,RPG,Action RPG,1778,2647903814,3005034,2176672,144042,0.9379,1.1349,0.00113487,0.00796601,2020-01-20,2258,established,False,,34
2026-03-28,2471084,🌳 Lumber Tycoon 2,Adventure,Simulation,Tycoon,1702,1289749099,4572992,2009036,282107,0.8769,3.5456,0.00354564,0.02313195,2009-07-30,6084,lower_mid,False,,35
2026-03-28,110181652,Epic Minigames ✨,All,Party & Casual,Minigame,1498,2306867363,8238511,2202858,232889,0.9044,3.5713,0.0035713,0.02361835,2015-07-29,3895,lower_mid,False,,36
2026-03-28,848145103,Dungeon Quest! ⚔️ RPG Adventure,Fighting,RPG,Action RPG,1288,2316800793,5779148,1154092,101927,0.9188,2.4945,0.00249445,0.01641462,2018-09-25,2740,mid,False,,37
2026-03-28,1335695570,⚡Ninja Legends,Fighting,Simulation,Incremental Simulator,1273,2139768555,4672447,1601299,130193,0.9248,2.1836,0.00218362,0.01443878,2019-09-22,2378,top,True,2020,38
2026-03-28,2404080894,Funky Friday,All,Action,Music & Rhythm,1183,1965616829,4068483,1945966,211462,0.902,2.0698,0.00206983,0.01321176,2021-02-26,1855,lower_mid,False,,39
2026-03-28,1434220026,My Restaurant! 👨‍🍳,All,Simulation,Tycoon,869,879766454,2672197,1076866,98860,0.9159,3.0374,0.00303739,0.01882993,2019-12-06,2304,established,False,,40
2026-03-28,83858907,Speed Run 4,Adventure,Obby & Platformer,,540,1720022156,4512740,1025458,363304,0.7384,2.6237,0.00262365,0.01219223,2014-10-20,4176,mid,False,,41
2026-03-28,1424449565,Super Golf!,Sports,Sports & Racing,Sports,318,246510929,955482,308960,78572,0.7973,3.876,0.00387602,0.01781537,2019-11-29,2311,mid,False,,42
2026-03-28,3183403065,[🤹APRIL FOOL'S🤡] AA,All,Strategy,Tower Defense,133,2507379661,1396467,720991,65154,0.9171,0.5569,0.00055694,0.00250174,2021-12-21,1558,established,False,,43
2026-03-28,140239261,🏠 MeepCity 🏠,Town and City,Roleplay & Avatar Sim,,96,16269538533,14757761,2882958,514387,0.8486,0.9071,0.00090708,0.00352134,2016-02-23,3685,top,True,2016,44
2026-03-28,1077961373,Giant Simulator,All,Simulation,Incremental Simulator,64,163514309,588269,175768,32878,0.8424,3.5977,0.00359766,0.01265152,2019-03-22,2563,lower_mid,False,,45
2026-03-28,81762198,[Sides] Vehicle Simulator,Town and City,Simulation,Vehicle Sim,10,665640469,3375867,1098878,133131,0.8919,5.0716,0.00507161,0.01084704,2014-08-08,4250,mid,False,,46
2026-03-28,1344222621,malymal91's Place,All,,,0,0,0,0,0,0.0,0.0,0.0,0.0,2019-09-29,2371,mid,False,,47
2026-03-28,67400893,efrenda's Place,All,,,0,0,0,0,0,0.0,0.0,0.0,0.0,2014-01-26,4443,lower_mid,False,,48
2026-03-28,1090335239,aleor3210's Place,All,,,0,0,0,0,0,0.0,0.0,0.0,0.0,2019-03-31,2554,lower_mid,False,,49
2026-03-28,2755335127,####'s Place,All,,,0,0,0,0,0,0.0,0.0,0.0,0.0,2021-07-19,1713,lower_mid,False,,50
2026-03-28,4494776745,chgcchfhcfvggjgvhc's Place,All,,,0,0,0,0,0,0.0,0.0,0.0,0.0,2023-03-19,1104,mid,False,,51
2026-03-28,4747349896,rgost1's Place,All,,,0,0,0,0,0,0.0,0.0,0.0,0.0,2023-06-07,1025,mid,False,,52
2026-03-28,1557606948,ProPro1052's Place,All,,,0,0,0,0,0,0.0,0.0,0.0,0.0,2020-02-17,2230,mid,False,,53
2026-03-28,498598030,puppyluver112232's Place,All,,,0,0,0,0,0,0.0,0.0,0.0,0.0,2017-12-05,3034,mid,False,,54
2026-03-29,994732206,[🥚] Blox Fruits,Adventure,RPG,Action RPG,523150,60155659584,18365894,11841681,1025807,0.9203,0.3053,0.00030531,0.00369967,2019-01-16,2629,top,True,2021,1
2026-03-29,383310974,[🍬] Adopt Me!,RPG,Roleplay & Avatar Sim,Pet Care,470467,42856799998,28712908,8908200,1498119,0.856,0.67,0.00066997,0.00749105,2017-07-14,3179,top,True,2019,2
2026-03-29,1686885941,Brookhaven 🏡RP,Town and City,Roleplay & Avatar Sim,Life,467175,80559847768,26787687,7873969,1292355,0.859,0.3325,0.00033252,0.00372884,2020-04-21,2168,top,True,2020,3
2026-03-29,6035872082,RIVALS,FPS,Shooter,Deathmatch Shooter,372729,13220465112,66679064,8896520,526648,0.9441,5.0436,0.00504362,0.06108655,2024-05-26,671,breakout,True,2025,4
2026-03-29,66654135,Murder Mystery 2,Horror,Survival,1 vs All,153848,24672802234,21483419,9391060,950621,0.9081,0.8707,0.00087073,0.00944383,2014-01-18,4452,top,True,2017,5
2026-03-29,3808081382,The Strongest Battlegrounds,Fighting,Action,Battlegrounds & Fighting,89018,17340068468,6702419,4879165,943298,0.838,0.3865,0.00038653,0.00369143,2022-08-02,1334,breakout,True,2024,6
2026-03-29,601130232,Bee Swarm Simulator,Adventure,Simulation,Incremental Simulator,68281,4290763297,6411984,2949295,136993,0.9556,1.4944,0.00149437,0.01589606,2018-03-21,2929,top,True,2018,7
2026-03-29,5361032378,Sol's RNG [ Easter🥚],All,Simulation,Incremental Simulator,58576,1726075656,902785,1270043,128848,0.9079,0.523,0.00052303,0.00521298,2023-12-03,847,breakout,True,2025,8
2026-03-29,5750914919,Fisch 🌲 [EVERTURN FOREST],Adventure,Simulation,,37538,4337793254,3230022,2788989,299076,0.9032,0.7446,0.00074462,0.00708361,2024-03-13,745,breakout,True,2025,9
2026-03-29,1831550657,💜 Creatures of Sonaria ✨ Survive Kaiju Animals,All,Roleplay & Avatar Sim,Animal Sim,28000,1875587756,9502333,1281657,105587,0.9239,5.0663,0.00506632,0.04793046,2020-06-25,2102,lower_mid,False,,10
2026-03-29,1720936166,[UPD] All Star Tower Defense,All,Strategy,Tower Defense,23082,7691284420,2302606,1472416,128954,0.9195,0.2994,0.00029938,0.0027656,2020-05-07,2152,established,False,,11
2026-03-29,4777817887,Blade Ball,Fighting,Action,Battlegrounds & Fighting,20434,6052902760,12197342,8076157,556622,0.9355,2.0151,0.00201512,0.01871054,2023-06-17,1016,breakout,True,2024,12
2026-03-29,3317679266,PLS DONATE 💸,All,Social,,19700,4940471086,4147510,3519308,257126,0.9319,0.8395,0.0008395,0.00773609,2022-02-05,1512,breakout,True,2024,13
2026-03-29,210851291,Build A Boat For Treasure,Adventure,Simulation,Sandbox,18182,4944199717,8284546,3522795,252472,0.9331,1.6756,0.00167561,0.0153357,2016-11-02,3433,top,True,2017,14
2026-03-29,88070565,[🐰] Welcome to Bloxburg,Town and City,Roleplay & Avatar Sim,Life,17900,9858056151,13830689,5548141,733121,0.8833,1.403,0.00140298,0.01213533,2014-11-04,4163,established,False,,15
2026-03-29,2440500124,DOORS  ,Adventure,Survival,Escape,13962,7280865660,7718717,4469903,341601,0.929,1.0601,0.00106014,0.00939977,2021-03-14,1841,breakout,True,2022,16
2026-03-29,1235188606,[🍀⚡] Dragon Adventures 🐉,Adventure,RPG,,13925,1540578761,12517361,1032972,74524,0.9327,8.1251,0.0081251,0.07230902,2019-07-15,2448,mid,False,,17
2026-03-29,5650396773,a dusty trip [🚗QUEST],Adventure,Adventure,,11992,2242391787,1975030,1931685,210680,0.9017,0.8808,0.00088077,0.00745876,2024-02-16,771,mid,False,,18
2026-03-29,245662005,[UPD] Jailbreak,Town and City,Action,Open World Action,9467,7843337081,18528735,5735387,804590,0.877,2.3624,0.00236235,0.01896801,2017-01-06,3368,top,True,2017,19
2026-03-29,1516533665,Piggy [LOVE HEARTS ❤️ ],Horror,Survival,,8164,14128502248,12057273,3955735,430078,0.9019,0.8534,0.0008534,0.0069333,2020-01-23,2257,established,False,,20
2026-03-29,372226183,⛩️Flee the Facility💕,Horror,Survival,1 vs All,8106,5482885887,9399264,2624617,228114,0.92,1.7143,0.00171429,0.01419566,2017-07-01,3193,lower_mid,False,,21
2026-03-29,47545,🍕Work at a Pizza Place,Town and City,Roleplay & Avatar Sim,Life,8077,5448427159,13246387,3364785,259826,0.9283,2.4312,0.00243123,0.02030557,2008-03-28,6574,established,False,,22
2026-03-29,65241,Natural Disaster Survival,All,Survival,,7339,4177774060,11490783,4270211,431763,0.9082,2.7505,0.00275046,0.02223398,2008-03-28,6574,top,True,2014,23
2026-03-29,321778215,Royale🌼High,All,Roleplay & Avatar Sim,Dress Up,6822,10371943555,13265971,3232763,531363,0.8588,1.279,0.00127902,0.00969736,2017-04-10,3274,top,True,2018,24
2026-03-29,31970568,Theme Park Tycoon 2,Building,Simulation,Tycoon,5263,1549528017,6002254,2038903,254828,0.8889,3.8736,0.0038736,0.02950402,2012-01-02,5200,established,False,,25
2026-03-29,1359573625,Deepwoken: Ironsworn,RPG,RPG,Action RPG,3544,1517562237,986391,395764,60415,0.8676,0.65,0.00064998,0.00460894,2019-10-12,2359,mid,False,,26
2026-03-29,111958650,Arsenal,Fighting,Shooter,Deathmatch Shooter,3392,6170745914,11456465,5083404,656518,0.8856,1.8566,0.00185658,0.01336669,2015-08-18,3876,established,False,,27
2026-03-29,110181652,[🐰] Epic Minigames ✨,All,Party & Casual,Minigame,2582,2307227276,8240384,2203357,232900,0.9044,3.5716,0.00357155,0.02537812,2015-07-29,3896,lower_mid,False,,28
2026-03-29,1008451066,[UPD] Da Hood 🔫,Town and City,Action,Open World Action,2215,2889834375,2982976,1283649,536882,0.7051,1.0322,0.00103223,0.00560674,2019-01-27,2618,established,False,,29
2026-03-29,113491250,Phantom Forces,FPS,Shooter,Deathmatch Shooter,2006,1759075443,5945508,2448974,247543,0.9082,3.3799,0.00337991,0.02334266,2015-08-31,3863,established,False,,30
2026-03-29,2471084,🌳 Lumber Tycoon 2,Adventure,Simulation,Tycoon,1856,1289885679,4573150,2009120,282116,0.8769,3.5454,0.00354539,0.02339946,2009-07-30,6085,lower_mid,False,,31
2026-03-29,2316994223,Pet Simulator X! 🐾,All,Simulation,Incremental Simulator,1787,8971505404,5962044,4208078,394667,0.9143,0.6646,0.00066455,0.00455001,2021-01-22,1891,breakout,True,2022,32
2026-03-29,1511883870,Shindo Life [242],All,RPG,Action RPG,1754,2648078485,3005147,2176825,144042,0.9379,1.1348,0.00113484,0.00795137,2020-01-20,2259,established,False,,33
2026-03-29,1335695570,⚡Ninja Legends,Fighting,Simulation,Incremental Simulator,1318,2139913620,4672636,1601415,130198,0.9248,2.1836,0.00218356,0.01450852,2019-09-22,2379,top,True,2020,34
2026-03-29,2404080894,Funky Friday,All,Action,Music & Rhythm,1076,1965853639,4068637,1946096,211474,0.902,2.0697,0.00206965,0.01303386,2021-02-26,1856,lower_mid,False,,35
2026-03-29,1434220026,My Restaurant! 👨‍🍳,All,Simulation,Tycoon,882,879829676,2672240,1076967,98864,0.9159,3.0372,0.00303722,0.01887022,2019-12-06,2305,established,False,,36
2026-03-29,83858907,Speed Run 4,Adventure,Obby & Platformer,,605,1720171866,4512961,1025521,363340,0.7384,2.6236,0.00262355,0.01241144,2014-10-20,4177,mid,False,,37
2026-03-29,1424449565,Super Golf!,Sports,Sports & Racing,Sports,310,246576358,955672,309017,78581,0.7973,3.8758,0.00387576,0.01773595,2019-11-29,2312,mid,False,,38
2026-03-29,3183403065,[🤹APRIL FOOL'S🤡] AA,All,Strategy,Tower Defense,146,2507397190,1396421,721003,65154,0.9171,0.5569,0.00055692,0.00254894,2021-12-21,1559,established,False,,39
2026-03-29,140239261,🏠 MeepCity 🏠,Town and City,Roleplay & Avatar Sim,,84,16269593935,14757726,2883017,514416,0.8486,0.9071,0.00090707,0.00341965,2016-02-23,3686,top,True,2016,40
2026-03-29,81762198,[Sides] Vehicle Simulator,Town and City,Simulation,Vehicle Sim,18,665644717,3375854,1098885,133133,0.8919,5.0716,0.00507156,0.01331922,2014-08-08,4251,mid,False,,41
2026-03-29,1344222621,malymal91's Place,All,,,0,0,0,0,0,0.0,0.0,0.0,0.0,2019-09-29,2372,mid,False,,42
2026-03-29,67400893,efrenda's Place,All,,,0,0,0,0,0,0.0,0.0,0.0,0.0,2014-01-26,4444,lower_mid,False,,43
2026-03-29,1090335239,aleor3210's Place,All,,,0,0,0,0,0,0.0,0.0,0.0,0.0,2019-03-31,2555,lower_mid,False,,44
2026-03-29,2755335127,####'s Place,All,,,0,0,0,0,0,0.0,0.0,0.0,0.0,2021-07-19,1714,lower_mid,False,,45
2026-03-29,4494776745,chgcchfhcfvggjgvhc's Place,All,,,0,0,0,0,0,0.0,0.0,0.0,0.0,2023-03-19,1105,mid,False,,46
2026-03-29,4747349896,rgost1's Place,All,,,0,0,0,0,0,0.0,0.0,0.0,0.0,2023-06-07,1026,mid,False,,47
2026-03-29,1557606948,ProPro1052's Place,All,,,0,0,0,0,0,0.0,0.0,0.0,0.0,2020-02-17,2231,mid,False,,48
2026-03-30,383310974,[🍬] Adopt Me!,RPG,Roleplay & Avatar Sim,Pet Care,426873,42873666523,28720373,8913268,1498173,0.8561,0.6699,0.00066988,0.00743486,2017-07-14,3180,top,True,2019,1
2026-03-30,994732206,[🥚] Blox Fruits,Adventure,RPG,Action RPG,416021,60191658334,18379080,11849816,1026164,0.9203,0.3053,0.00030534,0.00363582,2019-01-16,2630,top,True,2021,2
2026-03-30,1686885941,Brookhaven 🏡RP,Town and City,Roleplay & Avatar Sim,Life,328388,80605874539,26806891,7878957,1293177,0.859,0.3326,0.00033257,0.00362868,2020-04-21,2169,top,True,2020,3
2026-03-30,7326934954,[🐇] 99 Nights in the Forest 🔦,All,Survival,,271117,25548029388,6839950,4671341,478891,0.907,0.2677,0.00026773,0.00303793,2025-03-04,391,breakout,True,2026,4
2026-03-30,6035872082,RIVALS,FPS,Shooter,Deathmatch Shooter,267966,13262068580,66899254,8912868,528431,0.944,5.0444,0.00504441,0.05951929,2024-05-26,672,breakout,True,2025,5
2026-03-30,66654135,Murder Mystery 2,Horror,Survival,1 vs All,134801,24695390096,21495269,9396242,951181,0.9081,0.8704,0.00087042,0.0093359,2014-01-18,4453,top,True,2017,6
2026-03-30,3808081382,The Strongest Battlegrounds,Fighting,Action,Battlegrounds & Fighting,69994,17354018961,6707602,4881823,943908,0.838,0.3865,0.00038652,0.00361339,2022-08-02,1336,breakout,True,2024,7
2026-03-30,601130232,Bee Swarm Simulator,Adventure,Simulation,Incremental Simulator,63419,4294567261,6412656,2949925,137018,0.9556,1.4932,0.0014932,0.01577826,2018-03-21,2930,top,True,2018,8
2026-03-30,5361032378,Sol's RNG [ Easter🥚],All,Simulation,Incremental Simulator,53551,1728211840,903395,1270983,128889,0.9079,0.5227,0.00052273,0.00516769,2023-12-03,848,breakout,True,2025,9
2026-03-30,7436755782,[🌱] Grow a Garden 🌶️,All,Simulation,Tycoon,50044,34834833953,10577032,9095950,1038846,0.8975,0.3036,0.00030363,0.00294875,2025-03-25,369,breakout,True,2025,10
2026-03-30,5750914919,Fisch 🌲 [EVERTURN FOREST],Adventure,Simulation,,28065,4339908672,3232656,2790114,299130,0.9032,0.7449,0.00074487,0.00689044,2024-03-13,746,breakout,True,2025,11
2026-03-30,7018190066,Dead Rails [Beta],All,Adventure,Exploration,23917,6126018754,5512977,3221645,250736,0.9278,0.8999,0.00089993,0.00841824,2025-01-01,452,breakout,True,2025,12
2026-03-30,1831550657,💜 Creatures of Sonaria ✨ Survive Kaiju Animals,All,Roleplay & Avatar Sim,Animal Sim,22883,1877791211,9514410,1282674,105684,0.9239,5.0668,0.00506681,0.04698995,2020-06-25,2103,lower_mid,False,,13
2026-03-30,1720936166,[UPD] All Star Tower Defense,All,Strategy,Tower Defense,20320,7696557953,2303045,1472961,128973,0.9195,0.2992,0.00029923,0.00272922,2020-05-07,2153,established,False,,14
2026-03-30,4777817887,Blade Ball,Fighting,Action,Battlegrounds & Fighting,16275,6055653167,12203101,8078894,556801,0.9355,2.0152,0.00201516,0.0182819,2023-06-17,1017,breakout,True,2024,15
2026-03-30,3317679266,PLS DONATE 💸,All,Social,,15936,4944127571,4150461,3521209,257304,0.9319,0.8395,0.00083947,0.00756992,2022-02-05,1513,breakout,True,2024,16
2026-03-30,88070565,[🐰] Welcome to Bloxburg,Town and City,Roleplay & Avatar Sim,Life,15137,9859860836,13831319,5548758,733119,0.8833,1.4028,0.00140279,0.01192609,2014-11-04,4164,established,False,,17
2026-03-30,210851291,Build A Boat For Treasure,Adventure,Simulation,Sandbox,13540,4945704879,8285900,3523624,252519,0.9331,1.6754,0.00167537,0.01487277,2016-11-02,3434,top,True,2017,18
2026-03-30,1235188606,[🍀⚡] Dragon Adventures 🐉,Adventure,RPG,,9899,1541851719,12531197,1033672,74572,0.9327,8.1274,0.00812737,0.06974271,2019-07-15,2449,mid,False,,19
2026-03-30,2440500124,DOORS  ,Adventure,Survival,Escape,8992,7283120054,7721029,4471004,341694,0.929,1.0601,0.00106013,0.00896636,2021-03-14,1842,breakout,True,2022,20
2026-03-30,5650396773,a dusty trip [🚗QUEST],Adventure,Adventure,,8483,2244200019,1976650,1932309,210768,0.9017,0.8808,0.00088078,0.00718391,2024-02-16,772,mid,False,,21
2026-03-30,1176784616,Tower Defense Simulator,All,Strategy,Tower Defense,7439,4614234700,3366897,1961238,124759,0.9402,0.7297,0.00072968,0.00611575,2019-06-05,2490,established,False,,22
2026-03-30,372226183,⛩️Flee the Facility💕,Horror,Survival,1 vs All,7336,5485726026,9400619,2625474,228157,0.92,1.7137,0.00171365,0.01403317,2017-07-01,3194,lower_mid,False,,23
2026-03-30,73885730,Prison Life,Town and City,Action,Open World Action,7133,2838852041,5797502,1470820,255827,0.8518,2.0422,0.0020422,0.01543499,2014-05-02,4350,established,False,,24
2026-03-30,245662005,[UPD] Jailbreak,Town and City,Action,Open World Action,6895,7844606602,18529338,5735792,804646,0.877,2.362,0.00236205,0.01830895,2017-01-06,3369,top,True,2017,25
2026-03-30,321778215,Royale🌼High,All,Roleplay & Avatar Sim,Dress Up,6503,10372533287,13266243,3232996,531379,0.8588,1.279,0.00127898,0.00964447,2017-04-10,3275,top,True,2018,26
2026-03-30,1516533665,Piggy [LOVE HEARTS ❤️ ],Horror,Survival,,6261,14130358519,12058464,3956487,430138,0.9019,0.8534,0.00085337,0.00672886,2020-01-23,2258,established,False,,27
2026-03-30,47545,🍕Work at a Pizza Place,Town and City,Roleplay & Avatar Sim,Life,5872,5449400518,13248407,3365507,259864,0.9283,2.4312,0.00243117,0.01958568,2008-03-28,6575,established,False,,28
2026-03-30,65241,Natural Disaster Survival,All,Survival,,5663,4179751576,11493016,4271204,431840,0.9082,2.7497,0.00274969,0.02158059,2008-03-28,6575,top,True,2014,29
2026-03-30,31970568,Theme Park Tycoon 2,Building,Simulation,Tycoon,4121,1549880193,6002696,2039156,254836,0.8889,3.873,0.00387301,0.02865786,2012-01-02,5201,established,False,,30
2026-03-30,903807016,[🏥] Emergency Response: Liberty County,Town and City,Roleplay & Avatar Sim,Life,4026,1457184677,2746065,1137233,112576,0.9099,1.8845,0.0018845,0.0142338,2018-11-01,2705,mid,False,,31
2026-03-30,371263894,(🚘FIAT & ABARTH!) Greenville,Town and City,Roleplay & Avatar Sim,Life,3889,1341167462,2563273,991432,141194,0.8753,1.9112,0.00191123,0.01382905,2017-06-28,3196,mid,False,,32
2026-03-30,111958650,Arsenal,Fighting,Shooter,Deathmatch Shooter,2866,6171596451,11456801,5083706,656598,0.8856,1.8564,0.00185638,0.01308821,2015-08-18,3877,established,False,,33
2026-03-30,1359573625,Deepwoken: Ironsworn,RPG,RPG,Action RPG,2578,1518223714,986589,395843,60424,0.8676,0.6498,0.00064983,0.00442853,2019-10-12,2360,mid,False,,34
2026-03-30,2324662457,[🗡️ DMC UPD] Anime Fighters Simulator ,Adventure,Simulation,Incremental Simulator,2314,1325574776,1569189,1147319,86700,0.9297,1.1838,0.00118378,0.00852661,2021-01-25,1889,mid,False,,35
2026-03-30,110181652,[🐰] Epic Minigames ✨,All,Party & Casual,Minigame,1858,2307556775,8242006,2203860,232912,0.9044,3.5717,0.00357175,0.02431741,2015-07-29,3897,lower_mid,False,,36
2026-03-30,1008451066,[UPD] Da Hood 🔫,Town and City,Action,Open World Action,1641,2890181714,2983023,1283743,536913,0.7051,1.0321,0.00103212,0.00538801,2019-01-27,2619,established,False,,37
2026-03-30,113491250,Phantom Forces,FPS,Shooter,Deathmatch Shooter,1592,1759316361,5945671,2449064,247564,0.9082,3.3795,0.00337953,0.02263093,2015-08-31,3864,established,False,,38
2026-03-30,2316994223,Pet Simulator X! 🐾,All,Simulation,Incremental Simulator,1490,8971680130,5962123,4208204,394672,0.9143,0.6645,0.00066455,0.00443962,2021-01-22,1892,breakout,True,2022,39
2026-03-30,1511883870,Shindo Life [242],All,RPG,Action RPG,1300,2648241746,3005288,2176975,144035,0.9379,1.1348,0.00113482,0.00763269,2020-01-20,2260,established,False,,40
2026-03-30,2471084,🌳 Lumber Tycoon 2,Adventure,Simulation,Tycoon,1289,1290020195,4573316,2009218,282128,0.8769,3.5452,0.00354515,0.02226535,2009-07-30,6086,lower_mid,False,,41
2026-03-30,848145103,Dungeon Quest! ⚔️ RPG Adventure,Fighting,RPG,Action RPG,1266,2317253515,5784662,1154272,101944,0.9188,2.4963,0.00249634,0.01638757,2018-09-25,2742,mid,False,,42
2026-03-30,1335695570,⚡Ninja Legends,Fighting,Simulation,Incremental Simulator,930,2140044167,4672808,1601549,130206,0.9248,2.1835,0.00218351,0.01380472,2019-09-22,2380,top,True,2020,43
2026-03-30,2404080894,Funky Friday,All,Action,Music & Rhythm,822,1966050485,4068688,1946212,211482,0.902,2.0695,0.00206947,0.01253066,2021-02-26,1857,lower_mid,False,,44
2026-03-30,1434220026,My Restaurant! 👨‍🍳,All,Simulation,Tycoon,690,879886056,2672279,1077054,98865,0.9159,3.0371,0.00303707,0.01818736,2019-12-06,2306,established,False,,45
2026-03-30,83858907,Speed Run 4,Adventure,Obby & Platformer,,534,1720322430,4513157,1025603,363374,0.7384,2.6234,0.00262344,0.01216946,2014-10-20,4178,mid,False,,46
2026-03-30,1424449565,Super Golf!,Sports,Sports & Racing,Sports,301,246637454,955869,309075,78596,0.7973,3.8756,0.0038756,0.01764447,2019-11-29,2313,mid,False,,47
2026-03-30,1168263273,[🎃] Bad Business | FPS ,FPS,Shooter,Deathmatch Shooter,149,545043466,2179502,776239,131063,0.8555,3.9988,0.00399877,0.01714204,2019-05-29,2496,lower_mid,False,,48
2026-03-30,140239261,🏠 MeepCity 🏠,Town and City,Roleplay & Avatar Sim,,118,16269656143,14757739,2883065,514455,0.8486,0.9071,0.00090707,0.0036786,2016-02-23,3687,top,True,2016,49
2026-03-30,3183403065,[🤹APRIL FOOL'S🤡] AA,All,Strategy,Tower Defense,115,2507412229,1396368,721011,65158,0.9171,0.5569,0.0005569,0.00242785,2021-12-21,1560,established,False,,50
2026-03-30,1077961373,Giant Simulator,All,Simulation,Incremental Simulator,58,163518735,588265,175772,32878,0.8424,3.5975,0.00359754,0.01235762,2019-03-22,2565,lower_mid,False,,51
2026-03-30,81762198,[Sides] Vehicle Simulator,Town and City,Simulation,Vehicle Sim,7,665648335,3375843,1098893,133133,0.8919,5.0715,0.00507151,0.00940632,2014-08-08,4252,mid,False,,52
2026-03-30,1344222621,malymal91's Place,All,,,0,0,0,0,0,0.0,0.0,0.0,0.0,2019-09-29,2373,mid,False,,53
2026-03-30,67400893,efrenda's Place,All,,,0,0,0,0,0,0.0,0.0,0.0,0.0,2014-01-26,4445,lower_mid,False,,54
2026-03-30,1090335239,aleor3210's Place,All,,,0,0,0,0,0,0.0,0.0,0.0,0.0,2019-03-31,2556,lower_mid,False,,55
2026-03-30,2755335127,####'s Place,All,,,0,0,0,0,0,0.0,0.0,0.0,0.0,2021-07-19,1715,lower_mid,False,,56
2026-03-30,4494776745,chgcchfhcfvggjgvhc's Place,All,,,0,0,0,0,0,0.0,0.0,0.0,0.0,2023-03-19,1106,mid,False,,57
2026-03-30,4747349896,rgost1's Place,All,,,0,0,0,0,0,0.0,0.0,0.0,0.0,2023-06-07,1027,mid,False,,58
2026-03-30,1557606948,ProPro1052's Place,All,,,0,0,0,0,0,0.0,0.0,0.0,0.0,2020-02-17,2232,mid,False,,59
2026-03-30,498598030,puppyluver112232's Place,All,,,0,0,0,0,0,0.0,0.0,0.0,0.0,2017-12-05,3036,mid,False,,60
2026-03-31,383310974,[🍬] Adopt Me!,RPG,Roleplay & Avatar Sim,Pet Care,426254,42888759140,28728206,8918505,1498191,0.8562,0.6698,0.00066983,0.00743405,2017-07-14,3181,top,True,2019,1
2026-03-31,994732206,[🥚] Blox Fruits,Adventure,RPG,Action RPG,398666,60222236339,18391099,11856248,1026428,0.9203,0.3054,0.00030539,0.00362446,2019-01-16,2631,top,True,2021,2
2026-03-31,1686885941,Brookhaven 🏡RP,Town and City,Roleplay & Avatar Sim,Life,317679,80644329326,26824691,7883333,1293820,0.859,0.3326,0.00033263,0.00361991,2020-04-21,2170,top,True,2020,3
2026-03-31,6035872082,RIVALS,FPS,Shooter,Deathmatch Shooter,258706,13296212667,67067392,8925118,529661,0.944,5.0441,0.0050441,0.05934503,2024-05-26,673,breakout,True,2025,4
2026-03-31,7326934954,[🐇] 99 Nights in the Forest 🔦,All,Survival,,248396,25575141473,6858231,4676047,479648,0.907,0.2682,0.00026816,0.00302138,2025-03-04,392,breakout,True,2026,5
2026-03-31,66654135,Murder Mystery 2,Horror,Survival,1 vs All,132526,24715050056,21505701,9400519,951653,0.9081,0.8701,0.00087015,0.00931952,2014-01-18,4454,top,True,2017,6
2026-03-31,3808081382,The Strongest Battlegrounds,Fighting,Action,Battlegrounds & Fighting,68825,17365751057,6712462,4883960,944402,0.838,0.3865,0.00038653,0.00360806,2022-08-02,1337,breakout,True,2024,7
2026-03-31,601130232,Bee Swarm Simulator,Adventure,Simulation,Incremental Simulator,59898,4298312647,6413202,2950439,137048,0.9556,1.492,0.00149203,0.01568438,2018-03-21,2931,top,True,2018,8
2026-03-31,5361032378,Sol's RNG [ Easter🥚],All,Simulation,Incremental Simulator,52803,1730173696,903880,1271700,128922,0.908,0.5224,0.00052242,0.00515808,2023-12-03,849,breakout,True,2025,9
2026-03-31,7436755782,[🌱] Grow a Garden 🌶️,All,Simulation,Tycoon,47719,34840209815,10586686,9098505,1038993,0.8975,0.3039,0.00030386,0.00293805,2025-03-25,370,breakout,True,2025,10
2026-03-31,5750914919,Fisch 🌲 [EVERTURN FOREST],Adventure,Simulation,,26821,4341539936,3235103,2790898,299183,0.9032,0.7452,0.00074515,0.00686262,2024-03-13,747,breakout,True,2025,11
2026-03-31,7018190066,Dead Rails [Beta],All,Adventure,Exploration,24416,6129169292,5521052,3222808,250970,0.9278,0.9008,0.00090078,0.00844315,2025-01-01,453,breakout,True,2025,12
2026-03-31,1831550657,💜 Creatures of Sonaria ✨ Survive Kaiju Animals,All,Roleplay & Avatar Sim,Animal Sim,21556,1879550949,9521906,1283408,105754,0.9239,5.0661,0.00506605,0.04670302,2020-06-25,2104,lower_mid,False,,13
2026-03-31,1720936166,[UPD] All Star Tower Defense,All,Strategy,Tower Defense,20342,7701038239,2303333,1473369,128989,0.9195,0.2991,0.00029909,0.0027283,2020-05-07,2154,established,False,,14
2026-03-31,3317679266,PLS DONATE 💸,All,Social,,16359,4947278230,4152941,3522703,257443,0.9319,0.8394,0.00083944,0.00759005,2022-02-05,1514,breakout,True,2024,15
2026-03-31,4777817887,Blade Ball,Fighting,Action,Battlegrounds & Fighting,15938,6057931394,12208288,8081032,556967,0.9355,2.0153,0.00201526,0.0182433,2023-06-17,1018,breakout,True,2024,16
2026-03-31,88070565,[🐰] Welcome to Bloxburg,Town and City,Roleplay & Avatar Sim,Life,14673,9861320243,13831762,5549283,733122,0.8833,1.4026,0.00140263,0.01188627,2014-11-04,4165,established,False,,17
2026-03-31,210851291,Build A Boat For Treasure,Adventure,Simulation,Sandbox,12514,4946898994,8286949,3524280,252562,0.9331,1.6752,0.00167518,0.01474791,2016-11-02,3435,top,True,2017,18
2026-03-31,1235188606,[🍀⚡] Dragon Adventures 🐉,Adventure,RPG,,9594,1542765404,12536973,1033976,74590,0.9327,8.1263,0.0081263,0.0694966,2019-07-15,2450,mid,False,,19
2026-03-31,2440500124,DOORS  ,Adventure,Survival,Escape,8794,7284917410,7722881,4472001,341743,0.929,1.0601,0.00106012,0.00894442,2021-03-14,1843,breakout,True,2022,20
2026-03-31,5650396773,a dusty trip [🚗QUEST],Adventure,Adventure,,7667,2245565152,1977948,1932791,210830,0.9016,0.8808,0.00088082,0.00710391,2024-02-16,773,mid,False,,21
2026-03-31,372226183,Flee the Facility,Horror,Survival,1 vs All,7411,5487991581,9401711,2626277,228205,0.9201,1.7131,0.00171314,0.01404514,2017-07-01,3195,lower_mid,False,,22
2026-03-31,1176784616,Tower Defense Simulator,All,Strategy,Tower Defense,7142,4615172555,3367554,1961766,124773,0.9402,0.7297,0.00072967,0.00608781,2019-06-05,2491,established,False,,23
2026-03-31,73885730,Prison Life,Town and City,Action,Open World Action,6869,2839970969,5798467,1471249,255900,0.8518,2.0417,0.00204173,0.01536591,2014-05-02,4351,established,False,,24
2026-03-31,245662005,[UPD] Jailbreak,Town and City,Action,Open World Action,6814,7845655462,18529817,5736107,804681,0.877,2.3618,0.00236179,0.01828253,2017-01-06,3370,top,True,2017,25
2026-03-31,321778215,Royale🌼High,All,Roleplay & Avatar Sim,Dress Up,6186,10373046142,13266431,3233139,531407,0.8588,1.2789,0.00127893,0.00958924,2017-04-10,3276,top,True,2018,26
2026-03-31,1516533665,Piggy [LOVE HEARTS ❤️ ],Horror,Survival,,5925,14131816952,12059417,3957096,430187,0.9019,0.8534,0.00085335,0.00668628,2020-01-23,2259,established,False,,27
2026-03-31,65241,Natural Disaster Survival,All,Survival,,5578,4181423287,11494780,4272005,431921,0.9082,2.749,0.00274901,0.02153752,2008-03-28,6576,top,True,2014,28
2026-03-31,47545,🍕Work at a Pizza Place,Town and City,Roleplay & Avatar Sim,Life,5544,5450155469,13249976,3366006,259893,0.9283,2.4311,0.00243112,0.01945564,2008-03-28,6576,established,False,,29
2026-03-31,31970568,Theme Park Tycoon 2,Building,Simulation,Tycoon,4165,1550172562,6003007,2039359,254842,0.8889,3.8725,0.00387248,0.02869073,2012-01-02,5202,established,False,,30
2026-03-31,903807016,[🏥] Emergency Response: Liberty County,Town and City,Roleplay & Avatar Sim,Life,4098,1457904282,2746584,1137463,112607,0.9099,1.8839,0.00188393,0.01425974,2018-11-01,2706,mid,False,,31
2026-03-31,371263894,(🚘FIAT & ABARTH!) Greenville,Town and City,Roleplay & Avatar Sim,Life,3709,1341696938,2564128,991755,141227,0.8753,1.9111,0.00191111,0.0137491,2017-06-28,3197,mid,False,,32
2026-03-31,111958650,Arsenal,Fighting,Shooter,Deathmatch Shooter,2792,6172318606,11457124,5083950,656633,0.8856,1.8562,0.00185621,0.01304405,2015-08-18,3878,established,False,,33
2026-03-31,1359573625,Deepwoken: Ironsworn,RPG,RPG,Action RPG,2450,1518745277,986722,395904,60431,0.8676,0.6497,0.0006497,0.00439893,2019-10-12,2361,mid,False,,34
2026-03-31,2324662457,[🗡️ DMC UPD] Anime Fighters Simulator ,Adventure,Simulation,Incremental Simulator,1853,1325663559,1569197,1147373,86700,0.9297,1.1837,0.00118371,0.00828171,2021-01-25,1890,mid,False,,35
2026-03-31,110181652,[🐰] Epic Minigames ✨,All,Party & Casual,Minigame,1624,2307807328,8243073,2204222,232920,0.9044,3.5718,0.00357182,0.02388363,2015-07-29,3898,lower_mid,False,,36
2026-03-31,113491250,Phantom Forces,FPS,Shooter,Deathmatch Shooter,1607,1759525698,5945820,2449146,247584,0.9082,3.3792,0.00337922,0.02265746,2015-08-31,3865,established,False,,37
2026-03-31,1008451066,[UPD] Da Hood 🔫,Town and City,Action,Open World Action,1555,2890466375,2983092,1283821,536944,0.7051,1.032,0.00103205,0.00534847,2019-01-27,2620,established,False,,38
2026-03-31,2316994223,Pet Simulator X! 🐾,All,Simulation,Incremental Simulator,1403,8971824668,5962140,4208317,394690,0.9143,0.6645,0.00066454,0.00440303,2021-01-22,1893,breakout,True,2022,39
2026-03-31,1511883870,Shindo Life [242],All,RPG,Action RPG,1326,2648364913,3005358,2177082,144036,0.9379,1.1348,0.0011348,0.0076536,2020-01-20,2261,established,False,,40
2026-03-31,2471084,🌳 Lumber Tycoon 2,Adventure,Simulation,Tycoon,1306,1290131559,4573441,2009309,282136,0.8769,3.5449,0.00354494,0.02230478,2009-07-30,6087,lower_mid,False,,41
2026-03-31,848145103,Dungeon Quest! ⚔️ RPG Adventure,Fighting,RPG,Action RPG,1185,2317527458,5788788,1154344,101947,0.9189,2.4978,0.00249783,0.01624573,2018-09-25,2743,mid,False,,42
2026-03-31,1335695570,⚡Ninja Legends,Fighting,Simulation,Incremental Simulator,961,2140151506,4672947,1601656,130208,0.9248,2.1835,0.00218347,0.01387063,2019-09-22,2381,top,True,2020,43
2026-03-31,2404080894,Funky Friday,All,Action,Music & Rhythm,842,1966215217,4068771,1946306,211486,0.902,2.0693,0.00206934,0.01257472,2021-02-26,1858,lower_mid,False,,44
2026-03-31,1434220026,My Restaurant! 👨‍🍳,All,Simulation,Tycoon,678,879931400,2672306,1077109,98866,0.9159,3.0369,0.00303695,0.01813794,2019-12-06,2307,established,False,,45
2026-03-31,83858907,Speed Run 4,Adventure,Obby & Platformer,,509,1720436732,4513314,1025668,363400,0.7384,2.6234,0.00262335,0.01207635,2014-10-20,4179,mid,False,,46
2026-03-31,1424449565,Super Golf!,Sports,Sports & Racing,Sports,318,246693464,956029,309129,78603,0.7973,3.8754,0.00387537,0.01781292,2019-11-29,2314,mid,False,,47
2026-03-31,1168263273,[🎃] Bad Business | FPS ,FPS,Shooter,Deathmatch Shooter,140,545071799,2179496,776260,131071,0.8555,3.9985,0.00399855,0.01692935,2019-05-29,2497,lower_mid,False,,48
2026-03-31,140239261,🏠 MeepCity 🏠,Town and City,Roleplay & Avatar Sim,,117,16269703412,14757727,2883100,514489,0.8486,0.9071,0.00090707,0.00367206,2016-02-23,3688,top,True,2016,49
2026-03-31,3183403065,[🤹APRIL FOOL'S🤡] AA,All,Strategy,Tower Defense,106,2507425549,1396305,721015,65160,0.9171,0.5569,0.00055687,0.00238648,2021-12-21,1561,established,False,,50
2026-03-31,1077961373,Giant Simulator,All,Simulation,Incremental Simulator,55,163520247,588260,175776,32879,0.8424,3.5975,0.00359747,0.01219923,2019-03-22,2566,lower_mid,False,,51
2026-03-31,81762198,[Sides] Vehicle Simulator,Town and City,Simulation,Vehicle Sim,14,665651467,3375831,1098898,133134,0.8919,5.0715,0.00507147,0.01224971,2014-08-08,4253,mid,False,,52
2026-03-31,1344222621,malymal91's Place,All,,,0,0,0,0,0,0.0,0.0,0.0,0.0,2019-09-29,2374,mid,False,,53
2026-03-31,67400893,efrenda's Place,All,,,0,0,0,0,0,0.0,0.0,0.0,0.0,2014-01-26,4446,lower_mid,False,,54
2026-03-31,1090335239,aleor3210's Place,All,,,0,0,0,0,0,0.0,0.0,0.0,0.0,2019-03-31,2557,lower_mid,False,,55
2026-03-31,2755335127,####'s Place,All,,,0,0,0,0,0,0.0,0.0,0.0,0.0,2021-07-19,1716,lower_mid,False,,56
2026-03-31,4494776745,chgcchfhcfvggjgvhc's Place,All,,,0,0,0,0,0,0.0,0.0,0.0,0.0,2023-03-19,1107,mid,False,,57
2026-03-31,4747349896,rgost1's Place,All,,,0,0,0,0,0,0.0,0.0,0.0,0.0,2023-06-07,1028,mid,False,,58
2026-03-31,1557606948,ProPro1052's Place,All,,,0,0,0,0,0,0.0,0.0,0.0,0.0,2020-02-17,2233,mid,False,,59
2026-03-31,498598030,puppyluver112232's Place,All,,,0,0,0,0,0,0.0,0.0,0.0,0.0,2017-12-05,3037,mid,False,,60
2026-04-01,383310974,[🍬] Adopt Me!,RPG,Roleplay & Avatar Sim,Pet Care,403973,42903316154,28734724,8923102,1498213,0.8562,0.6698,0.00066976,0.00740296,2017-07-14,3182,top,True,2019,1
2026-04-01,994732206,[🥚] Blox Fruits,Adventure,RPG,Action RPG,386309,60252059107,18403116,11862271,1026693,0.9203,0.3054,0.00030544,0.00361625,2019-01-16,2632,top,True,2021,2
2026-04-01,1686885941,Brookhaven 🏡RP,Town and City,Roleplay & Avatar Sim,Life,326356,80681399950,26842129,7887390,1294462,0.859,0.3327,0.00033269,0.00362831,2020-04-21,2171,top,True,2020,3
2026-04-01,6035872082,RIVALS,FPS,Shooter,Deathmatch Shooter,279335,13331931040,67242746,8938126,531067,0.9439,5.0437,0.00504374,0.05970206,2024-05-26,674,breakout,True,2025,4
2026-04-01,7326934954,[🐇] 99 Nights in the Forest 🔦,All,Survival,,248160,25600727046,6875933,4680234,480333,0.9069,0.2686,0.00026858,0.00302576,2025-03-04,393,breakout,True,2026,5
2026-04-01,66654135,Murder Mystery 2,Horror,Survival,1 vs All,141739,24734825996,21516241,9404796,952056,0.9081,0.8699,0.00086988,0.00936975,2014-01-18,4455,top,True,2017,6
2026-04-01,3808081382,The Strongest Battlegrounds,Fighting,Action,Battlegrounds & Fighting,71504,17378099967,6717550,4886295,944889,0.838,0.3866,0.00038655,0.00362057,2022-08-02,1338,breakout,True,2024,7
2026-04-01,5361032378,🗣️GET RARE AURA🔥[ Eon67 ],All,Simulation,Incremental Simulator,65163,1732420400,904442,1272497,128927,0.908,0.5221,0.00052207,0.00525457,2023-12-03,850,breakout,True,2025,8
2026-04-01,601130232,Bee Swarm Simulator,Adventure,Simulation,Incremental Simulator,57694,4302384050,6413879,2951016,137073,0.9556,1.4908,0.00149077,0.0156178,2018-03-21,2932,top,True,2018,9
2026-04-01,7436755782,[🌱] Grow a Garden 🌶️,All,Simulation,Tycoon,47847,34845501242,10594648,9100957,1039177,0.8975,0.304,0.00030405,0.00294057,2025-03-25,371,breakout,True,2025,10
2026-04-01,5750914919,Fisch 🌲 [EVERTURN FOREST],Adventure,Simulation,,37138,4343416018,3237452,2791698,299262,0.9032,0.7454,0.00074537,0.00708374,2024-03-13,748,breakout,True,2025,11
2026-04-01,1831550657,💜 Creatures of Sonaria ✨ Survive Kaiju Animals,All,Roleplay & Avatar Sim,Animal Sim,26582,1881401422,9529653,1284177,105818,0.9239,5.0652,0.00506519,0.04767573,2020-06-25,2105,lower_mid,False,,12
2026-04-01,7018190066,Dead Rails [Beta],All,Adventure,Exploration,23710,6132262953,5527525,3223848,251192,0.9277,0.9014,0.00090138,0.00842391,2025-01-01,454,breakout,True,2025,13
2026-04-01,1720936166,[UPD] All Star Tower Defense,All,Strategy,Tower Defense,17908,7705370203,2303653,1473746,129000,0.9195,0.299,0.00029897,0.00269215,2020-05-07,2155,established,False,,14
2026-04-01,3317679266,PLS DONATE 💸,All,Social,,16135,4950438877,4155488,3524261,257583,0.9319,0.8394,0.00083942,0.00757902,2022-02-05,1515,breakout,True,2024,15
2026-04-01,4777817887,Blade Ball,Fighting,Action,Battlegrounds & Fighting,15862,6060196520,12213425,8083243,557163,0.9355,2.0154,0.00201535,0.01823505,2023-06-17,1019,breakout,True,2024,16
2026-04-01,88070565,[🐰] Welcome to Bloxburg,Town and City,Roleplay & Avatar Sim,Life,14674,9862723939,13832219,5549782,733127,0.8833,1.4025,0.00140247,0.01188517,2014-11-04,4166,established,False,,17
2026-04-01,210851291,Build A Boat For Treasure,Adventure,Simulation,Sandbox,12868,4948090935,8288055,3524918,252598,0.9331,1.675,0.001675,0.01478996,2016-11-02,3436,top,True,2017,18
2026-04-01,2440500124,DOORS  ,Adventure,Survival,Escape,9573,7286750899,7724785,4472951,341768,0.929,1.0601,0.00106011,0.00902805,2021-03-14,1844,breakout,True,2022,19
2026-04-01,1235188606,[🍀⚡] Dragon Adventures 🐉,Adventure,RPG,,9392,1543645848,12542285,1034284,74603,0.9327,8.1251,0.00812511,0.06932572,2019-07-15,2451,mid,False,,20
2026-04-01,1516533665,Piggy SWAPPED???,Horror,Survival,,8881,14133413375,12060403,3957877,430241,0.902,0.8533,0.00085333,0.00699758,2020-01-23,2260,established,False,,21
2026-04-01,73885730,Prison Life,Town and City,Action,Open World Action,7981,2841195667,5799642,1471642,255978,0.8518,2.0413,0.00204127,0.01562318,2014-05-02,4352,established,False,,22
2026-04-01,372226183,Flee the Facility,Horror,Survival,1 vs All,7586,5490289699,9403043,2627111,228279,0.9201,1.7127,0.00171267,0.01407801,2017-07-01,3196,lower_mid,False,,23
2026-04-01,5650396773,a dusty trip [🚗QUEST],Adventure,Adventure,,7504,2246789640,1979093,1933219,210894,0.9016,0.8809,0.00088085,0.00708702,2024-02-16,774,mid,False,,24
2026-04-01,1176784616,Tower Defense Simulator,All,Strategy,Tower Defense,7324,4616164545,3368257,1962289,124806,0.9402,0.7297,0.00072967,0.00610504,2019-06-05,2492,established,False,,25
2026-04-01,321778215,Royale🌼High,All,Roleplay & Avatar Sim,Dress Up,6594,10373555935,13266642,3233302,531418,0.8588,1.2789,0.00127889,0.0096591,2017-04-10,3277,top,True,2018,26
2026-04-01,47545,🍕Work at a Pizza Place,Town and City,Roleplay & Avatar Sim,Life,6020,5450941507,13251601,3366556,259913,0.9283,2.4311,0.00243107,0.0196412,2008-03-28,6577,established,False,,27
2026-04-01,65241,Natural Disaster Survival,All,Survival,,5894,4183079448,11496624,4272802,432010,0.9082,2.7484,0.00274836,0.02166993,2008-03-28,6577,top,True,2014,28
2026-04-01,245662005,Jailbreak [April Fools!],Town and City,Action,Open World Action,5019,7846723536,18530321,5736505,804785,0.877,2.3615,0.00236154,0.01764731,2017-01-06,3371,top,True,2017,29
2026-04-01,903807016,[🏥] Emergency Response: Liberty County,Town and City,Roleplay & Avatar Sim,Life,4978,1458617259,2747102,1137723,112638,0.9099,1.8834,0.00188336,0.01458869,2018-11-01,2707,mid,False,,30
2026-04-01,31970568,Theme Park Tycoon 2,Building,Simulation,Tycoon,4329,1550477179,6003458,2039586,254857,0.8889,3.872,0.00387201,0.02882031,2012-01-02,5203,established,False,,31
2026-04-01,371263894,Greenville,Town and City,Roleplay & Avatar Sim,Life,3836,1342244523,2565092,992174,141250,0.8754,1.911,0.00191105,0.01380541,2017-06-28,3198,mid,False,,32
2026-04-01,111958650,Arsenal,Fighting,Shooter,Deathmatch Shooter,3003,6173067071,11457463,5084210,656679,0.8856,1.856,0.00185604,0.01316254,2015-08-18,3879,established,False,,33
2026-04-01,1359573625,Deepwoken: Ironsworn,RPG,RPG,Action RPG,2543,1519274975,986843,395964,60438,0.8676,0.6495,0.00064955,0.00441895,2019-10-12,2362,mid,False,,34
2026-04-01,113491250,[CURSED UPDATE] Phantom Forces,FPS,Shooter,Deathmatch Shooter,2100,1759750431,5945972,2449218,247593,0.9082,3.3789,0.00337887,0.02347576,2015-08-31,3866,established,False,,35
2026-04-01,2324662457,[🗡️ DMC UPD] Anime Fighters Simulator ,Adventure,Simulation,Incremental Simulator,1942,1325744362,1569198,1147424,86700,0.9297,1.1836,0.00118364,0.00833284,2021-01-25,1891,mid,False,,36
2026-04-01,110181652,[🐰] Epic Minigames ✨,All,Party & Casual,Minigame,1630,2308058721,8244205,2204582,232930,0.9044,3.5719,0.00357192,0.02389649,2015-07-29,3899,lower_mid,False,,37
2026-04-01,1008451066,[UPD] Da Hood 🔫,Town and City,Action,Open World Action,1618,2890740096,2983174,1283888,536978,0.7051,1.032,0.00103198,0.00537697,2019-01-27,2621,established,False,,38
2026-04-01,2471084,🌳 Lumber Tycoon 2,Adventure,Simulation,Tycoon,1370,1290245872,4573591,2009391,282153,0.8769,3.5447,0.00354474,0.02245208,2009-07-30,6088,lower_mid,False,,39
2026-04-01,2316994223,Pet Simulator X! 🐾,All,Simulation,Incremental Simulator,1318,8971954411,5962150,4208411,394697,0.9143,0.6645,0.00066453,0.00436503,2021-01-22,1894,breakout,True,2022,40
2026-04-01,1511883870,Shindo Life [242],All,RPG,Action RPG,1300,2648484741,3005439,2177194,144037,0.9379,1.1348,0.00113478,0.00763242,2020-01-20,2262,established,False,,41
2026-04-01,848145103,Dungeon Quest! ⚔️ RPG Adventure,Fighting,RPG,Action RPG,984,2317721195,5791024,1154408,101952,0.9189,2.4986,0.00249859,0.01582432,2018-09-25,2744,mid,False,,42
2026-04-01,1335695570,⚡Ninja Legends,Fighting,Simulation,Incremental Simulator,936,2140254955,4673106,1601751,130219,0.9248,2.1834,0.00218343,0.01381724,2019-09-22,2382,top,True,2020,43
2026-04-01,2404080894,Funky Friday,All,Action,Music & Rhythm,820,1966381950,4068857,1946406,211498,0.902,2.0692,0.00206921,0.01252455,2021-02-26,1859,lower_mid,False,,44
2026-04-01,1434220026,My Restaurant! 👨‍🍳,All,Simulation,Tycoon,637,879976674,2672345,1077179,98872,0.9159,3.0368,0.00303684,0.01796403,2019-12-06,2308,established,False,,45
2026-04-01,83858907,Speed Run 4,Adventure,Obby & Platformer,,568,1720549498,4513491,1025712,363427,0.7384,2.6233,0.00262328,0.01228797,2014-10-20,4180,mid,False,,46
2026-04-01,1424449565,Super Golf!,Sports,Sports & Racing,Sports,256,246750518,956197,309176,78613,0.7973,3.8752,0.00387516,0.01714432,2019-11-29,2315,mid,False,,47
2026-04-01,1168263273,[🎃] Bad Business | FPS ,FPS,Shooter,Deathmatch Shooter,133,545101293,2179508,776270,131077,0.8555,3.9984,0.00399835,0.01675426,2019-05-29,2498,lower_mid,False,,48
2026-04-01,3183403065,[🤹APRIL FOOL'S🤡] AA,All,Strategy,Tower Defense,118,2507439173,1396275,721025,65165,0.9171,0.5569,0.00055685,0.00244068,2021-12-21,1562,established,False,,49
2026-04-01,140239261,🏠 MeepCity 🏠,Town and City,Roleplay & Avatar Sim,,114,16269752000,14757719,2883141,514522,0.8486,0.9071,0.00090706,0.00365219,2016-02-23,3689,top,True,2016,50
2026-04-01,1077961373,Giant Simulator,All,Simulation,Incremental Simulator,55,163521539,588256,175781,32878,0.8424,3.5974,0.00359742,0.01219916,2019-03-22,2567,lower_mid,False,,51
2026-04-01,81762198,[Sides] Vehicle Simulator,Town and City,Simulation,Vehicle Sim,7,665654284,3375814,1098904,133135,0.8919,5.0714,0.00507142,0.00940615,2014-08-08,4254,mid,False,,52
2026-04-01,1344222621,malymal91's Place,All,,,0,0,0,0,0,0.0,0.0,0.0,0.0,2019-09-29,2375,mid,False,,53
2026-04-01,67400893,efrenda's Place,All,,,0,0,0,0,0,0.0,0.0,0.0,0.0,2014-01-26,4447,lower_mid,False,,54
2026-04-01,1090335239,aleor3210's Place,All,,,0,0,0,0,0,0.0,0.0,0.0,0.0,2019-03-31,2558,lower_mid,False,,55
2026-04-01,2755335127,####'s Place,All,,,0,0,0,0,0,0.0,0.0,0.0,0.0,2021-07-19,1717,lower_mid,False,,56
2026-04-01,4494776745,chgcchfhcfvggjgvhc's Place,All,,,0,0,0,0,0,0.0,0.0,0.0,0.0,2023-03-19,1108,mid,False,,57
2026-04-01,4747349896,rgost1's Place,All,,,0,0,0,0,0,0.0,0.0,0.0,0.0,2023-06-07,1029,mid,False,,58
2026-04-01,1557606948,ProPro1052's Place,All,,,0,0,0,0,0,0.0,0.0,0.0,0.0,2020-02-17,2234,mid,False,,59
2026-04-01,498598030,puppyluver112232's Place,All,,,0,0,0,0,0,0.0,0.0,0.0,0.0,2017-12-05,3038,mid,False,,60
2026-04-02,383310974,[🥪] Adopt Me!,RPG,Roleplay & Avatar Sim,Pet Care,461745,42920238792,28741588,8927924,1498316,0.8563,0.6697,0.00066965,0.00747896,2017-07-14,3183,top,True,2019,1
2026-04-02,994732206,[🥚] Blox Fruits,Adventure,RPG,Action RPG,408160,60282582127,18414615,11869115,1027063,0.9204,0.3055,0.00030547,0.00363221,2019-01-16,2633,top,True,2021,2
2026-04-02,1686885941,Brookhaven 🏡RP,Town and City,Roleplay & Avatar Sim,Life,355247,80718996175,26859634,7891571,1295043,0.859,0.3328,0.00033275,0.00365328,2020-04-21,2172,top,True,2020,3
2026-04-02,6035872082,RIVALS,FPS,Shooter,Deathmatch Shooter,299941,13369296911,67421238,8952080,532444,0.9439,5.043,0.00504299,0.06002856,2024-05-26,675,breakout,True,2025,4
2026-04-02,7326934954,[🐇] 99 Nights in the Forest 🔦,All,Survival,,255886,25625858566,6892143,4684367,481033,0.9069,0.269,0.00026895,0.00303724,2025-03-04,394,breakout,True,2026,5
2026-04-02,66654135,Murder Mystery 2,Horror,Survival,1 vs All,145132,24755425832,21527016,9409155,952555,0.9081,0.8696,0.00086959,0.00938527,2014-01-18,4456,top,True,2017,6
2026-04-02,3808081382,The Strongest Battlegrounds,Fighting,Action,Battlegrounds & Fighting,73409,17390484539,6722446,4888453,945470,0.8379,0.3866,0.00038656,0.00362904,2022-08-02,1339,breakout,True,2024,7
2026-04-02,5361032378,Sol's RNG[ Eon67 ],All,Simulation,Incremental Simulator,62790,1735044435,905131,1273488,128978,0.908,0.5217,0.00052168,0.00523323,2023-12-03,851,breakout,True,2025,8
2026-04-02,601130232,Bee Swarm Simulator,Adventure,Simulation,Incremental Simulator,59830,4305938692,6414227,2951545,137104,0.9556,1.4896,0.00148962,0.01565747,2018-03-21,2933,top,True,2018,9
2026-04-02,7436755782,[🌱] Grow a Garden 🌶️,All,Simulation,Tycoon,49002,34850993558,10604104,9103281,1039439,0.8975,0.3043,0.00030427,0.00294925,2025-03-25,372,breakout,True,2025,10
2026-04-02,5750914919,Fisch 🌲 [EVERTURN FOREST],Adventure,Simulation,,29752,4345369417,3239921,2792437,299319,0.9032,0.7456,0.0007456,0.00693669,2024-03-13,749,breakout,True,2025,11
2026-04-02,7018190066,Dead Rails [Beta],All,Adventure,Exploration,27975,6136542494,5535892,3225238,251431,0.9277,0.9021,0.00090212,0.00856888,2025-01-01,455,breakout,True,2025,12
2026-04-02,1831550657,🤡 Creatures of Sonaria 🎉 Survive Kaiju Animals,All,Roleplay & Avatar Sim,Animal Sim,24858,1883737993,9538392,1285068,105866,0.9239,5.0635,0.00506354,0.04734745,2020-06-25,2106,lower_mid,False,,13
2026-04-02,1720936166,[UPD] All Star Tower Defense,All,Strategy,Tower Defense,22407,7710352380,2304052,1474320,129012,0.9195,0.2988,0.00029883,0.00275253,2020-05-07,2156,established,False,,14
2026-04-02,3317679266,PLS DONATE 💸,All,Social,,17067,4953982083,4158517,3526148,257728,0.9319,0.8394,0.00083943,0.00762303,2022-02-05,1516,breakout,True,2024,15
2026-04-02,4777817887,Blade Ball,Fighting,Action,Battlegrounds & Fighting,15486,6062471051,12218482,8085521,557308,0.9355,2.0154,0.00201543,0.01819056,2023-06-17,1020,breakout,True,2024,16
2026-04-02,88070565,[🐰] Welcome to Bloxburg,Town and City,Roleplay & Avatar Sim,Life,14780,9864150503,13832763,5550247,733143,0.8833,1.4023,0.00140233,0.01189292,2014-11-04,4167,established,False,,17
2026-04-02,2440500124,DOORS  [ rush mode],Adventure,Survival,Escape,13372,7289755156,7726927,4474330,341810,0.929,1.06,0.00105997,0.00935603,2021-03-14,1845,breakout,True,2022,18
2026-04-02,210851291,Build A Boat For Treasure,Adventure,Simulation,Sandbox,12959,4949293773,8289231,3525554,252636,0.9331,1.6748,0.00167483,0.01479951,2016-11-02,3437,top,True,2017,19
2026-04-02,1235188606,[APRIL FOOLS] Dragon Adventures 🐉,Adventure,RPG,,9782,1544619768,12548512,1034682,74608,0.9327,8.124,0.00812401,0.06962615,2019-07-15,2452,mid,False,,20
2026-04-02,73885730,Prison Life,Town and City,Action,Open World Action,8392,2842511513,5800893,1472073,256098,0.8518,2.0408,0.00204076,0.01570619,2014-05-02,4353,established,False,,21
2026-04-02,1176784616,towerini defensini,All,Strategy,Tower Defense,8289,4617571374,3368900,1963029,125009,0.9401,0.7296,0.00072958,0.00618877,2019-06-05,2493,established,False,,22
2026-04-02,5650396773,a dusty trip [🚗QUEST],Adventure,Adventure,,7884,2248004749,1980343,1933628,210955,0.9016,0.8809,0.00088093,0.00712684,2024-02-16,775,mid,False,,23
2026-04-02,372226183,Flee the Facility,Horror,Survival,1 vs All,7605,5492664346,9404447,2627936,228339,0.9201,1.7122,0.00171218,0.01407803,2017-07-01,3197,lower_mid,False,,24
2026-04-02,245662005,JAILBREAK,Town and City,Action,Open World Action,7211,7847702864,18530783,5736880,804829,0.877,2.3613,0.0023613,0.01839585,2017-01-06,3372,top,True,2017,25
2026-04-02,1516533665,Piggy [LOVE HEARTS ❤️],Horror,Survival,,6915,14135616152,12061829,3959255,430316,0.902,0.8533,0.00085329,0.00680488,2020-01-23,2261,established,False,,26
2026-04-02,321778215,Royale🌼High,All,Roleplay & Avatar Sim,Dress Up,6092,10374082529,13266841,3233491,531438,0.8588,1.2788,0.00127884,0.00957183,2017-04-10,3278,top,True,2018,27
2026-04-02,65241,Natural Disaster Survival,All,Survival,,5810,4184772774,11498538,4273691,432091,0.9082,2.7477,0.00274771,0.02162899,2008-03-28,6578,top,True,2014,28
2026-04-02,371263894,(APRIL FOOLS!!) Greenville,Town and City,Roleplay & Avatar Sim,Life,5764,1343284700,2565910,992728,141280,0.8754,1.9102,0.00191018,0.01448049,2017-06-28,3199,mid,False,,29
2026-04-02,47545,🍕Work at a Pizza Place,Town and City,Roleplay & Avatar Sim,Life,5559,5451711514,13253163,3367079,259945,0.9283,2.431,0.00243101,0.01946103,2008-03-28,6578,established,False,,30
2026-04-02,903807016,[🏥] Emergency Response: Liberty County,Town and City,Roleplay & Avatar Sim,Life,5051,1459544683,2747785,1138205,112688,0.9099,1.8826,0.00188263,0.01460795,2018-11-01,2708,mid,False,,31
2026-04-02,31970568,Theme Park Tycoon 2,Building,Simulation,Tycoon,4398,1550786219,6003855,2039803,254862,0.8889,3.8715,0.00387149,0.02887116,2012-01-02,5204,established,False,,32
2026-04-02,111958650,Arsenal,Fighting,Shooter,Deathmatch Shooter,2864,6173856053,11457820,5084478,656726,0.8856,1.8559,0.00185586,0.01308337,2015-08-18,3880,established,False,,33
2026-04-02,1359573625,Deepwoken OG,RPG,RPG,Action RPG,2323,1519851859,987083,396074,60463,0.8676,0.6495,0.00064946,0.0043673,2019-10-12,2363,mid,False,,34
2026-04-02,113491250,[CURSED UPDATE] Phantom Forces,FPS,Shooter,Deathmatch Shooter,1953,1760009030,5946134,2449327,247608,0.9082,3.3785,0.00337847,0.02325036,2015-08-31,3867,established,False,,35
2026-04-02,2324662457,[🗡️ DMC UPD] Anime Fighters Simulator ,Adventure,Simulation,Incremental Simulator,1852,1325821898,1569201,1147475,86698,0.9298,1.1836,0.00118357,0.00828022,2021-01-25,1892,mid,False,,36
2026-04-02,1008451066,The Hood,Town and City,Action,Open World Action,1775,2891010966,2983285,1283959,537016,0.7051,1.0319,0.00103192,0.00544398,2019-01-27,2622,established,False,,37
2026-04-02,110181652,[🐰] Epic Minigames ✨,All,Party & Casual,Minigame,1619,2308312720,8245436,2204926,232950,0.9044,3.5721,0.00357206,0.02387572,2015-07-29,3900,lower_mid,False,,38
2026-04-02,1511883870,Shinobi Life 2,All,RPG,Action RPG,1517,2648646540,3005627,2177476,144025,0.938,1.1348,0.00113478,0.00779672,2020-01-20,2263,established,False,,39
2026-04-02,2316994223,Pet Simulator X! 🐾,All,Simulation,Incremental Simulator,1495,8972084157,5962161,4208500,394704,0.9143,0.6645,0.00066452,0.00444148,2021-01-22,1895,breakout,True,2022,40
2026-04-02,2471084,🌳 Lumber Tycoon 2,Adventure,Simulation,Tycoon,1457,1290375083,4573786,2009485,282167,0.8769,3.5445,0.00354454,0.022642,2009-07-30,6089,lower_mid,False,,41
2026-04-02,848145103,Dungeon Quest! ⚔️ RPG Adventure,Fighting,RPG,Action RPG,1116,2317895581,5793077,1154481,101955,0.9189,2.4993,0.00249928,0.01611759,2018-09-25,2745,mid,False,,42
2026-04-02,1335695570,⚡Ninja Legends,Fighting,Simulation,Incremental Simulator,996,2140359410,4673272,1601867,130219,0.9248,2.1834,0.00218341,0.01394246,2019-09-22,2383,top,True,2020,43
2026-04-02,2404080894,Funky Friday,All,Action,Music & Rhythm,876,1966548646,4068959,1946500,211503,0.902,2.0691,0.00206909,0.01264698,2021-02-26,1860,lower_mid,False,,44
2026-04-02,1434220026,My Restaurant! 👨‍🍳,All,Simulation,Tycoon,703,880023477,2672360,1077233,98878,0.9159,3.0367,0.00303669,0.01823696,2019-12-06,2309,established,False,,45
2026-04-02,83858907,Speed Run 4,Adventure,Obby & Platformer,,495,1720668198,4513680,1025773,363445,0.7384,2.6232,0.00262321,0.01202172,2014-10-20,4181,mid,False,,46
2026-04-02,1424449565,Super Golf!,Sports,Sports & Racing,Sports,311,246809269,956386,309224,78628,0.7973,3.875,0.003875,0.01774263,2019-11-29,2316,mid,False,,47
2026-04-02,1168263273,[🎃] Bad Business | FPS ,FPS,Shooter,Deathmatch Shooter,154,545131782,2179531,776286,131085,0.8555,3.9982,0.00399817,0.01725139,2019-05-29,2499,lower_mid,False,,48
2026-04-02,3183403065,[🤹APRIL FOOL'S🤡] AA,All,Strategy,Tower Defense,115,2507455181,1396252,721040,65169,0.9171,0.5568,0.00055684,0.00242758,2021-12-21,1563,established,False,,49
2026-04-02,140239261,🏠 MeepCity 🏠,Town and City,Roleplay & Avatar Sim,,110,16269798244,14757687,2883182,514543,0.8486,0.9071,0.00090706,0.00362491,2016-02-23,3690,top,True,2016,50
2026-04-02,1077961373,Giant Simulator,All,Simulation,Incremental Simulator,60,163522964,588243,175780,32878,0.8424,3.5973,0.00359731,0.01245795,2019-03-22,2568,lower_mid,False,,51
2026-04-02,81762198,[Sides] Vehicle Simulator,Town and City,Simulation,Vehicle Sim,18,665657348,3375805,1098908,133137,0.8919,5.0714,0.00507139,0.01331876,2014-08-08,4255,mid,False,,52
2026-04-02,1344222621,malymal91's Place,All,,,0,0,0,0,0,0.0,0.0,0.0,0.0,2019-09-29,2376,mid,False,,53
2026-04-02,67400893,efrenda's Place,All,,,0,0,0,0,0,0.0,0.0,0.0,0.0,2014-01-26,4448,lower_mid,False,,54
2026-04-02,1090335239,aleor3210's Place,All,,,0,0,0,0,0,0.0,0.0,0.0,0.0,2019-03-31,2559,lower_mid,False,,55
2026-04-02,2755335127,####'s Place,All,,,0,0,0,0,0,0.0,0.0,0.0,0.0,2021-07-19,1718,lower_mid,False,,56
2026-04-02,4494776745,chgcchfhcfvggjgvhc's Place,All,,,0,0,0,0,0,0.0,0.0,0.0,0.0,2023-03-19,1109,mid,False,,57
2026-04-02,4747349896,rgost1's Place,All,,,0,0,0,0,0,0.0,0.0,0.0,0.0,2023-06-07,1030,mid,False,,58
2026-04-02,1557606948,ProPro1052's Place,All,,,0,0,0,0,0,0.0,0.0,0.0,0.0,2020-02-17,2235,mid,False,,59
2026-04-02,498598030,puppyluver112232's Place,All,,,0,0,0,0,0,0.0,0.0,0.0,0.0,2017-12-05,3039,mid,False,,60
2026-04-03,383310974,[6H🍭] Adopt Me!,RPG,Roleplay & Avatar Sim,Pet Care,477953,42935726118,28748736,8932908,1498394,0.8564,0.6696,0.00066958,0.00749845,2017-07-14,3184,top,True,2019,1
2026-04-03,994732206,[🥚] Blox Fruits,Adventure,RPG,Action RPG,422778,60316880830,18427847,11877051,1027289,0.9204,0.3055,0.00030552,0.00364278,2019-01-16,2634,top,True,2021,2
2026-04-03,1686885941,Brookhaven 🏡RP,Town and City,Roleplay & Avatar Sim,Life,395004,80761669680,26878624,7896257,1295725,0.859,0.3328,0.00033281,0.00368429,2020-04-21,2173,top,True,2020,3
2026-04-03,6035872082,RIVALS,FPS,Shooter,Deathmatch Shooter,323412,13409334514,67623208,8966543,534087,0.9438,5.043,0.005043,0.06038226,2024-05-26,676,breakout,True,2025,4
2026-04-03,7326934954,[🐇] 99 Nights in the Forest 🔦,All,Survival,,282373,25654159566,6909752,4688774,481800,0.9068,0.2693,0.00026934,0.00306551,2025-03-04,395,breakout,True,2026,5
2026-04-03,66654135,Murder Mystery 2,Horror,Survival,1 vs All,155037,24778477097,21538446,9414203,953063,0.9081,0.8692,0.00086924,0.00943363,2014-01-18,4457,top,True,2017,6
2026-04-03,3808081382,The Strongest Battlegrounds,Fighting,Action,Battlegrounds & Fighting,77995,17404200705,6727633,4891041,946075,0.8379,0.3866,0.00038655,0.00364855,2022-08-02,1340,breakout,True,2024,7
2026-04-03,5361032378,Sol's RNG[ Eon67 ],All,Simulation,Incremental Simulator,63714,1737399205,905728,1274275,129023,0.9081,0.5213,0.00052131,0.00523663,2023-12-03,852,breakout,True,2025,8
2026-04-03,601130232,Bee Swarm Simulator,Adventure,Simulation,Incremental Simulator,58950,4309350667,6414835,2952082,137130,0.9556,1.4886,0.00148859,0.01562547,2018-03-21,2934,top,True,2018,9
2026-04-03,7436755782,[🌱] Grow a Garden 🌶️,All,Simulation,Tycoon,54936,34857158897,10613944,9106343,1039590,0.8975,0.3045,0.0003045,0.00298276,2025-03-25,373,breakout,True,2025,10
2026-04-03,7018190066,Dead Rails [Beta],All,Adventure,Exploration,33331,6141351887,5544451,3226682,251686,0.9276,0.9028,0.00090281,0.00872176,2025-01-01,456,breakout,True,2025,11
2026-04-03,5750914919,Fisch 🌲 [EVERTURN FOREST],Adventure,Simulation,,30575,4347222224,3242040,2793190,299346,0.9032,0.7458,0.00074577,0.00695676,2024-03-13,750,breakout,True,2025,12
2026-04-03,1831550657,🤡 Creatures of Sonaria 🎉 Survive Kaiju Animals,All,Roleplay & Avatar Sim,Animal Sim,25718,1885853301,9549063,1285991,105929,0.9239,5.0635,0.00506352,0.0475068,2020-06-25,2107,lower_mid,False,,13
2026-04-03,1720936166,[UPD] All Star Tower Defense,All,Strategy,Tower Defense,19791,7715431063,2304461,1474877,129000,0.9196,0.2987,0.00029868,0.00271721,2020-05-07,2157,established,False,,14
2026-04-03,3317679266,PLS DONATE 💸,All,Social,,18754,4957685992,4161425,3528068,257917,0.9319,0.8394,0.00083939,0.00769629,2022-02-05,1517,breakout,True,2024,15
2026-04-03,88070565,[🐰] Welcome to Bloxburg,Town and City,Roleplay & Avatar Sim,Life,17298,9865795439,13833364,5550787,733146,0.8833,1.4022,0.00140215,0.01208642,2014-11-04,4168,established,False,,16
2026-04-03,4777817887,Blade Ball,Fighting,Action,Battlegrounds & Fighting,16210,6064897801,12224036,8087982,557515,0.9355,2.0155,0.00201554,0.01827761,2023-06-17,1021,breakout,True,2024,17
2026-04-03,210851291,Build A Boat For Treasure,Adventure,Simulation,Sandbox,15125,4950633357,8290438,3526337,252671,0.9331,1.6746,0.00167462,0.01503924,2016-11-02,3438,top,True,2017,18
2026-04-03,2440500124,DOORS  [ rush mode],Adventure,Survival,Escape,13777,7292564750,7728809,4475517,341893,0.929,1.0598,0.00105982,0.0093841,2021-03-14,1846,breakout,True,2022,19
2026-04-03,1235188606,[🍀⚡] Dragon Adventures 🐉,Adventure,RPG,,10421,1545661929,12558213,1035037,74626,0.9327,8.1248,0.00812481,0.07011298,2019-07-15,2453,mid,False,,20
2026-04-03,1176784616,Tower Defense Simulator,All,Strategy,Tower Defense,9511,4618759935,3369434,1963584,125122,0.9401,0.7295,0.00072951,0.00628223,2019-06-05,2494,established,False,,21
2026-04-03,73885730,Prison Life,Town and City,Action,Open World Action,9371,2843975719,5802336,1472607,256225,0.8518,2.0402,0.00204022,0.01589343,2014-05-02,4354,established,False,,22
2026-04-03,5650396773,a dusty trip [🚗QUEST],Adventure,Adventure,,8975,2249487137,1981758,1934083,211021,0.9016,0.881,0.00088098,0.00723012,2024-02-16,776,mid,False,,23
2026-04-03,245662005,JAILBREAK [VIP],Town and City,Action,Open World Action,8365,7848852340,18531291,5737270,804856,0.877,2.361,0.00236102,0.01870107,2017-01-06,3373,top,True,2017,24
2026-04-03,372226183,Flee the Facility,Horror,Survival,1 vs All,8300,5495444239,9405915,2628896,228416,0.9201,1.7116,0.00171158,0.01421083,2017-07-01,3198,lower_mid,False,,25
2026-04-03,321778215,Royale🌼High,All,Roleplay & Avatar Sim,Dress Up,7735,10374709420,13267098,3233697,531455,0.8588,1.2788,0.00127879,0.00983369,2017-04-10,3279,top,True,2018,26
2026-04-03,1516533665,Piggy [LOVE HEARTS ❤️],Horror,Survival,,7648,14137323865,12062848,3960001,430344,0.902,0.8533,0.00085326,0.00688224,2020-01-23,2262,established,False,,27
2026-04-03,47545,🍕Work at a Pizza Place,Town and City,Roleplay & Avatar Sim,Life,7263,5452607427,13255045,3367742,259980,0.9283,2.431,0.00243096,0.02006398,2008-03-28,6579,established,False,,28
2026-04-03,65241,Natural Disaster Survival,All,Survival,,6559,4186652956,11500569,4274583,432192,0.9082,2.747,0.00274696,0.0219255,2008-03-28,6579,top,True,2014,29
2026-04-03,371263894,(APRIL FOOLS LIMITEDS!!) Greenville,Town and City,Roleplay & Avatar Sim,Life,5512,1344045435,2566513,993130,141295,0.8754,1.9095,0.00190954,0.01440152,2017-06-28,3200,mid,False,,30
2026-04-03,903807016,[🏥] Emergency Response: Liberty County,Town and City,Roleplay & Avatar Sim,Life,5428,1460402548,2748365,1138504,112755,0.9099,1.8819,0.00188192,0.01472526,2018-11-01,2709,mid,False,,31
2026-04-03,31970568,Theme Park Tycoon 2,Building,Simulation,Tycoon,5300,1551129149,6004291,2040043,254868,0.8889,3.8709,0.00387092,0.02950899,2012-01-02,5205,established,False,,32
2026-04-03,111958650,Arsenal,Fighting,Shooter,Deathmatch Shooter,3292,6174680261,11458130,5084735,656783,0.8856,1.8557,0.00185566,0.01331073,2015-08-18,3881,established,False,,33
2026-04-03,1359573625,Deepwoken OG,RPG,RPG,Action RPG,2950,1520413682,987272,396147,60503,0.8675,0.6493,0.00064934,0.0045008,2019-10-12,2364,mid,False,,34
2026-04-03,113491250,[CURSED UPDATE] Phantom Forces,FPS,Shooter,Deathmatch Shooter,2060,1760270520,5946276,2449410,247622,0.9082,3.378,0.00337805,0.02341097,2015-08-31,3868,established,False,,35
2026-04-03,2324662457,[🗡️ DMC UPD] Anime Fighters Simulator ,Adventure,Simulation,Incremental Simulator,1996,1325908013,1569201,1147522,86698,0.9298,1.1835,0.00118349,0.00836205,2021-01-25,1893,mid,False,,36
2026-04-03,1008451066,[Deagle] Da Hood 🔫,Town and City,Action,Open World Action,1861,2891307788,2983323,1284030,537038,0.7051,1.0318,0.00103182,0.00547792,2019-01-27,2623,established,False,,37
2026-04-03,110181652,[🐰] Epic Minigames ✨,All,Party & Casual,Minigame,1781,2308583702,8246739,2205321,232959,0.9045,3.5722,0.00357221,0.02418495,2015-07-29,3901,lower_mid,False,,38
2026-04-03,2316994223,Pet Simulator X! 🐾,All,Simulation,Incremental Simulator,1737,8972233715,5962168,4208589,394708,0.9143,0.6645,0.00066451,0.00453251,2021-01-22,1896,breakout,True,2022,39
2026-04-03,1511883870,Shinobi Life 2,All,RPG,Action RPG,1700,2648823210,3005758,2177686,144029,0.938,1.1348,0.00113475,0.00791772,2020-01-20,2264,established,False,,40
2026-04-03,2471084,🌳 Lumber Tycoon 2,Adventure,Simulation,Tycoon,1664,1290500496,4573969,2009586,282176,0.8769,3.5443,0.00354434,0.02305337,2009-07-30,6090,lower_mid,False,,41
2026-04-03,1335695570,⚡Ninja Legends,Fighting,Simulation,Incremental Simulator,1153,2140482020,4673437,1601981,130228,0.9248,2.1834,0.00218336,0.01423744,2019-09-22,2384,top,True,2020,42
2026-04-03,848145103,Dungeon Quest! ⚔️ RPG Adventure,Fighting,RPG,Action RPG,1077,2318105335,5795581,1154562,101959,0.9189,2.5001,0.00250014,0.01604149,2018-09-25,2746,mid,False,,43
2026-04-03,2404080894,Funky Friday,All,Action,Music & Rhythm,986,1966739185,4069023,1946621,211522,0.902,2.0689,0.00206892,0.01286643,2021-02-26,1861,lower_mid,False,,44
2026-04-03,1434220026,My Restaurant! 👨‍🍳,All,Simulation,Tycoon,848,880076672,2672377,1077309,98886,0.9159,3.0365,0.00303653,0.01875683,2019-12-06,2310,established,False,,45
2026-04-03,83858907,Speed Run 4,Adventure,Obby & Platformer,,582,1720813875,4513872,1025834,363471,0.7384,2.6231,0.0026231,0.01233419,2014-10-20,4182,mid,False,,46
2026-04-03,1424449565,Super Golf!,Sports,Sports & Racing,Sports,294,246871207,956605,309267,78636,0.7973,3.8749,0.00387492,0.01756928,2019-11-29,2317,mid,False,,47
2026-04-03,1168263273,[🎃] Bad Business | FPS ,FPS,Shooter,Deathmatch Shooter,183,545165690,2179518,776304,131090,0.8555,3.9979,0.0039979,0.0178368,2019-05-29,2500,lower_mid,False,,48
2026-04-03,3183403065,[🤹APRIL FOOL'S🤡] AA,All,Strategy,Tower Defense,142,2507472061,1396207,721057,65169,0.9171,0.5568,0.00055682,0.00253435,2021-12-21,1564,established,False,,49
2026-04-03,140239261,🏠 MeepCity 🏠,Town and City,Roleplay & Avatar Sim,,112,16269854217,14757660,2883231,514566,0.8486,0.9071,0.00090706,0.00363862,2016-02-23,3691,top,True,2016,50
2026-04-03,1077961373,Giant Simulator,All,Simulation,Incremental Simulator,61,163524698,588236,175783,32878,0.8424,3.5972,0.00359723,0.01250698,2019-03-22,2569,lower_mid,False,,51
2026-04-03,81762198,[Sides] Vehicle Simulator,Town and City,Simulation,Vehicle Sim,4,665660657,3375803,1098911,133137,0.8919,5.0714,0.00507136,0.00728003,2014-08-08,4256,mid,False,,52
2026-04-03,1344222621,malymal91's Place,All,,,0,0,0,0,0,0.0,0.0,0.0,0.0,2019-09-29,2377,mid,False,,53
2026-04-03,67400893,efrenda's Place,All,,,0,0,0,0,0,0.0,0.0,0.0,0.0,2014-01-26,4449,lower_mid,False,,54
2026-04-03,1090335239,aleor3210's Place,All,,,0,0,0,0,0,0.0,0.0,0.0,0.0,2019-03-31,2560,lower_mid,False,,55
2026-04-03,2755335127,####'s Place,All,,,0,0,0,0,0,0.0,0.0,0.0,0.0,2021-07-19,1719,lower_mid,False,,56
2026-04-03,4494776745,chgcchfhcfvggjgvhc's Place,All,,,0,0,0,0,0,0.0,0.0,0.0,0.0,2023-03-19,1110,mid,False,,57
2026-04-03,4747349896,rgost1's Place,All,,,0,0,0,0,0,0.0,0.0,0.0,0.0,2023-06-07,1031,mid,False,,58
2026-04-03,1557606948,ProPro1052's Place,All,,,0,0,0,0,0,0.0,0.0,0.0,0.0,2020-02-17,2236,mid,False,,59
2026-04-04,994732206,[🥚] Blox Fruits,Adventure,RPG,Action RPG,465681,60354541049,18441172,11884217,1027748,0.9204,0.3055,0.00030555,0.00367036,2019-01-16,2635,top,True,2021,1
2026-04-04,383310974,[12H🎉] Adopt Me!,RPG,Roleplay & Avatar Sim,Pet Care,459172,42957776750,28758172,8940212,1498541,0.8564,0.6695,0.00066945,0.00747485,2017-07-14,3185,top,True,2019,2
2026-04-04,1686885941,Brookhaven 🏡RP,Town and City,Roleplay & Avatar Sim,Life,445765,80809235692,26898350,7901423,1296632,0.859,0.3329,0.00033286,0.00371937,2020-04-21,2174,top,True,2020,3
2026-04-04,6035872082,RIVALS,FPS,Shooter,Deathmatch Shooter,347916,13454370281,67845885,8982807,535823,0.9437,5.0427,0.00504267,0.06072099,2024-05-26,677,breakout,True,2025,4
2026-04-04,7326934954,[🐇] 99 Nights in the Forest 🔦,All,Survival,,319673,25686397373,6929497,4693919,482666,0.9068,0.2698,0.00026977,0.00310056,2025-03-04,396,breakout,True,2026,5
2026-04-04,66654135,Murder Mystery 2,Horror,Survival,1 vs All,175596,24802894366,21550372,9419810,953680,0.9081,0.8689,0.00086887,0.00952776,2014-01-18,4458,top,True,2017,6
2026-04-04,3808081382,The Strongest Battlegrounds,Fighting,Action,Battlegrounds & Fighting,89212,17419046949,6732846,4893775,946753,0.8379,0.3865,0.00038652,0.00369168,2022-08-02,1340,breakout,True,2024,7
2026-04-04,7436755782,[🌱] Grow a Garden 🌶️,All,Simulation,Tycoon,72619,34864636300,10624551,9110550,1039730,0.8976,0.3047,0.00030474,0.00306153,2025-03-25,374,breakout,True,2025,8
2026-04-04,5361032378,Sol's RNG[ Eon67 ],All,Simulation,Incremental Simulator,65542,1739877029,906439,1275271,129057,0.9081,0.521,0.00052098,0.00524691,2023-12-03,853,breakout,True,2025,9
2026-04-04,601130232,Bee Swarm Simulator,Adventure,Simulation,Incremental Simulator,58738,4312725661,6415474,2952659,137159,0.9556,1.4876,0.00148757,0.01560967,2018-03-21,2935,top,True,2018,10
2026-04-04,7018190066,Dead Rails [Beta],All,Adventure,Exploration,49278,6147503590,5552645,3228375,252034,0.9276,0.9032,0.00090324,0.00905294,2025-01-01,457,breakout,True,2025,11
2026-04-04,5750914919,Fisch 🌲 [EVERTURN FOREST],Adventure,Simulation,,31692,4349189725,3244249,2794070,299389,0.9032,0.7459,0.00074594,0.00698264,2024-03-13,751,breakout,True,2025,12
2026-04-04,1831550657,🐣 Creatures of Sonaria 🐇 Survive Kaiju Animals,All,Roleplay & Avatar Sim,Animal Sim,30338,1888486473,9560721,1287062,106037,0.9239,5.0626,0.00506264,0.04827051,2020-06-25,2108,lower_mid,False,,13
2026-04-04,1176784616,[🌼EASTER]  Tower Defense Simulator,All,Strategy,Tower Defense,23193,4621509435,3370124,1964351,125169,0.9401,0.7292,0.00072923,0.00689084,2019-06-05,2495,established,False,,14
2026-04-04,1720936166,[UPD] All Star Tower Defense,All,Strategy,Tower Defense,20899,7720351689,2304834,1475365,129005,0.9196,0.2985,0.00029854,0.00273094,2020-05-07,2158,established,False,,15
2026-04-04,3317679266,[🎉] PLS DONATE 💸,All,Social,,19556,4961624478,4164422,3530170,258123,0.9319,0.8393,0.00083933,0.00772837,2022-02-05,1518,breakout,True,2024,16
2026-04-04,88070565,[🐰] Welcome to Bloxburg,Town and City,Roleplay & Avatar Sim,Life,17629,9867617489,13834027,5551421,733159,0.8833,1.402,0.00140196,0.01210837,2014-11-04,4169,established,False,,17
2026-04-04,4777817887,Blade Ball,Fighting,Action,Battlegrounds & Fighting,17194,6067502631,12229853,8090578,557687,0.9355,2.0156,0.00201563,0.0183896,2023-06-17,1022,breakout,True,2024,18
2026-04-04,210851291,Build A Boat For Treasure,Adventure,Simulation,Sandbox,16990,4952164020,8291681,3527140,252716,0.9331,1.6744,0.00167436,0.01521856,2016-11-02,3439,top,True,2017,19
2026-04-04,2440500124,DOORS  [ rush mode],Adventure,Survival,Escape,16511,7295643112,7730762,4476731,341973,0.929,1.0596,0.00105964,0.00956073,2021-03-14,1847,breakout,True,2022,20
2026-04-04,1235188606,[SZN] Dragon Adventures 🐉,Adventure,RPG,,10995,1546829674,12569134,1035530,74673,0.9327,8.1257,0.00812574,0.07052659,2019-07-15,2454,mid,False,,21
2026-04-04,5650396773,a dusty trip [🚗QUEST],Adventure,Adventure,,10484,2251138050,1983222,1934637,211102,0.9016,0.881,0.00088099,0.00735351,2024-02-16,777,mid,False,,22
2026-04-04,73885730,Prison Life,Town and City,Action,Open World Action,9827,2845556482,5803686,1473172,256331,0.8518,2.0396,0.00203956,0.01597076,2014-05-02,4355,established,False,,23
2026-04-04,372226183,Flee the Facility,Horror,Survival,1 vs All,8939,5498592593,9407551,2629999,228500,0.9201,1.7109,0.0017109,0.01432196,2017-07-01,3199,lower_mid,False,,24
2026-04-04,245662005,JAILBREAK [VIP],Town and City,Action,Open World Action,8705,7850118517,18531824,5737685,804912,0.877,2.3607,0.00236071,0.01878107,2017-01-06,3374,top,True,2017,25
2026-04-04,47545,🍕Work at a Pizza Place,Town and City,Roleplay & Avatar Sim,Life,8320,5453669021,13257193,3368427,260020,0.9283,2.4309,0.00243088,0.02036997,2008-03-28,6580,established,False,,26
2026-04-04,1516533665,Piggy [LOVE HEARTS ❤️],Horror,Survival,,8201,14139232810,12063949,3960864,430357,0.902,0.8532,0.00085323,0.00693579,2020-01-23,2263,established,False,,27
2026-04-04,321778215,Royale🌼High,All,Roleplay & Avatar Sim,Dress Up,7403,10375356713,13267350,3233954,531464,0.8589,1.2787,0.00127874,0.00978517,2017-04-10,3280,top,True,2018,28
2026-04-04,65241,Natural Disaster Survival,All,Survival,,7160,4188752659,11502812,4275616,432330,0.9082,2.7461,0.00274612,0.02213725,2008-03-28,6580,top,True,2014,29
2026-04-04,31970568,Theme Park Tycoon 2,Building,Simulation,Tycoon,5998,1551547207,6004812,2040323,254885,0.8889,3.8702,0.00387021,0.0299294,2012-01-02,5206,established,False,,30
2026-04-04,903807016,[🏥] Emergency Response: Liberty County,Town and City,Roleplay & Avatar Sim,Life,5495,1461321750,2749025,1138810,112787,0.9099,1.8812,0.00188119,0.0147405,2018-11-01,2710,mid,False,,31
2026-04-04,371263894,(APRIL FOOLS LIMITEDS!!) Greenville,Town and City,Roleplay & Avatar Sim,Life,5346,1344801114,2567111,993545,141334,0.8755,1.9089,0.00190891,0.01434594,2017-06-28,3201,mid,False,,32
2026-04-04,1359573625,Deepwoken,RPG,RPG,Action RPG,3490,1521102089,987532,396232,60521,0.8675,0.6492,0.00064922,0.00459454,2019-10-12,2365,mid,False,,33
2026-04-04,111958650,Arsenal,Fighting,Shooter,Deathmatch Shooter,3394,6175568509,11458413,5085020,656829,0.8856,1.8554,0.00185544,0.01335925,2015-08-18,3882,established,False,,34
2026-04-04,113491250,[CURSED UPDATE] Phantom Forces,FPS,Shooter,Deathmatch Shooter,2177,1760545411,5946399,2449509,247629,0.9082,3.3776,0.00337759,0.0235772,2015-08-31,3869,established,False,,35
2026-04-04,1511883870,Shinobi Life 2,All,RPG,Action RPG,2166,2649035534,3005946,2177947,144028,0.938,1.1347,0.00113473,0.00817535,2020-01-20,2265,established,False,,36
2026-04-04,1008451066,[Deagle] Da Hood 🔫,Town and City,Action,Open World Action,1994,2891620747,2983442,1284320,537054,0.7051,1.0318,0.00103175,0.00552806,2019-01-27,2624,established,False,,37
2026-04-04,2324662457,[🗡️ DMC UPD] Anime Fighters Simulator ,Adventure,Simulation,Incremental Simulator,1958,1325997132,1569195,1147568,86696,0.9298,1.1834,0.00118341,0.00834036,2021-01-25,1894,mid,False,,38
2026-04-04,110181652,[🐰] Epic Minigames ✨,All,Party & Casual,Minigame,1893,2308863832,8248090,2205730,232983,0.9045,3.5724,0.00357236,0.02438312,2015-07-29,3902,lower_mid,False,,39
2026-04-04,2471084,🌳 Lumber Tycoon 2,Adventure,Simulation,Tycoon,1807,1290639959,4574143,2009697,282181,0.8769,3.5441,0.00354409,0.02330793,2009-07-30,6091,lower_mid,False,,40
2026-04-04,2316994223,Pet Simulator X! 🐾,All,Simulation,Incremental Simulator,1766,8972399104,5962166,4208698,394716,0.9143,0.6645,0.0006645,0.00454248,2021-01-22,1897,breakout,True,2022,41
2026-04-04,1335695570,⚡Ninja Legends,Fighting,Simulation,Incremental Simulator,1218,2140618264,4673606,1602120,130237,0.9248,2.1833,0.0021833,0.01434771,2019-09-22,2385,top,True,2020,42
2026-04-04,848145103,Dungeon Quest! ⚔️ RPG Adventure,Fighting,RPG,Action RPG,1158,2318311906,5797909,1154633,101963,0.9189,2.5009,0.00250092,0.01621303,2018-09-25,2747,mid,False,,43
2026-04-04,2404080894,Funky Friday,All,Action,Music & Rhythm,1101,1966958245,4069141,1946754,211525,0.902,2.0687,0.00206875,0.01307109,2021-02-26,1862,lower_mid,False,,44
2026-04-04,1434220026,My Restaurant! 👨‍🍳,All,Simulation,Tycoon,910,880138100,2672415,1077400,98886,0.9159,3.0364,0.00303636,0.01895195,2019-12-06,2311,established,False,,45
2026-04-04,83858907,Speed Run 4,Adventure,Obby & Platformer,,577,1720962324,4514037,1025897,363508,0.7384,2.623,0.00262297,0.01231677,2014-10-20,4183,mid,False,,46
2026-04-04,1424449565,Super Golf!,Sports,Sports & Racing,Sports,381,246939322,956860,309325,78648,0.7973,3.8749,0.00387488,0.01836768,2019-11-29,2318,mid,False,,47
2026-04-04,1168263273,[🎃] Bad Business | FPS ,FPS,Shooter,Deathmatch Shooter,187,545203200,2179516,776330,131094,0.8555,3.9976,0.00399762,0.01790911,2019-05-29,2501,lower_mid,False,,48
2026-04-04,3183403065,[🤹APRIL FOOL'S🤡] AA,All,Strategy,Tower Defense,165,2507490185,1396168,721064,65174,0.9171,0.5568,0.0005568,0.00261041,2021-12-21,1565,established,False,,49
2026-04-04,140239261,🏠 MeepCity 🏠,Town and City,Roleplay & Avatar Sim,,132,16269917858,14757632,2883289,514599,0.8486,0.9071,0.00090705,0.00376401,2016-02-23,3692,top,True,2016,50
2026-04-04,1077961373,Giant Simulator,All,Simulation,Incremental Simulator,69,163526551,588225,175787,32877,0.8424,3.5971,0.00359712,0.01287448,2019-03-22,2570,lower_mid,False,,51
2026-04-04,81762198,[Sides] Vehicle Simulator,Town and City,Simulation,Vehicle Sim,14,665664220,3375787,1098917,133136,0.8919,5.0713,0.00507131,0.01224932,2014-08-08,4257,mid,False,,52
2026-04-04,1344222621,malymal91's Place,All,,,0,0,0,0,0,0.0,0.0,0.0,0.0,2019-09-29,2378,mid,False,,53
2026-04-04,67400893,efrenda's Place,All,,,0,0,0,0,0,0.0,0.0,0.0,0.0,2014-01-26,4450,lower_mid,False,,54
2026-04-04,1090335239,aleor3210's Place,All,,,0,0,0,0,0,0.0,0.0,0.0,0.0,2019-03-31,2561,lower_mid,False,,55
2026-04-04,2755335127,####'s Place,All,,,0,0,0,0,0,0.0,0.0,0.0,0.0,2021-07-19,1720,lower_mid,False,,56
2026-04-04,4494776745,chgcchfhcfvggjgvhc's Place,All,,,0,0,0,0,0,0.0,0.0,0.0,0.0,2023-03-19,1111,mid,False,,57
2026-04-04,4747349896,rgost1's Place,All,,,0,0,0,0,0,0.0,0.0,0.0,0.0,2023-06-07,1032,mid,False,,58
2026-04-04,1557606948,ProPro1052's Place,All,,,0,0,0,0,0,0.0,0.0,0.0,0.0,2020-02-17,2237,mid,False,,59
2026-04-04,498598030,puppyluver112232's Place,All,,,0,0,0,0,0,0.0,0.0,0.0,0.0,2017-12-05,3041,mid,False,,60
2026-04-05,383310974,[🥚🐰] Adopt Me!,RPG,Roleplay & Avatar Sim,Pet Care,483869,42984035848,28767738,8948318,1498650,0.8565,0.6693,0.00066927,0.00750369,2017-07-14,3186,top,True,2019,1
2026-04-05,994732206,[🥚] Blox Fruits,Adventure,RPG,Action RPG,462766,60394331432,18455616,11892933,1028102,0.9204,0.3056,0.00030559,0.00366917,2019-01-16,2636,top,True,2021,2
2026-04-05,1686885941,Brookhaven 🏡RP,Town and City,Roleplay & Avatar Sim,Life,399675,80854674719,26916442,7906033,1297429,0.859,0.3329,0.0003329,0.00368855,2020-04-21,2175,top,True,2020,3
2026-04-05,7326934954,[🐇] 99 Nights in the Forest 🔦,All,Survival,,344207,25730837504,6953171,4701031,483859,0.9067,0.2702,0.00027023,0.00312362,2025-03-04,397,breakout,True,2026,4
2026-04-05,6035872082,RIVALS,FPS,Shooter,Deathmatch Shooter,325298,13498664523,68067372,8998451,537573,0.9436,5.0425,0.00504253,0.06039428,2024-05-26,678,breakout,True,2025,5
2026-04-05,7436755782,[🐰] Grow a Garden 🌶️,All,Simulation,Tycoon,202872,34884475750,10640375,9125439,1038444,0.8978,0.305,0.00030502,0.00334659,2025-03-25,375,breakout,True,2025,6
2026-04-05,66654135,Murder Mystery 2,Horror,Survival,1 vs All,168935,24827065068,21562238,9425434,954220,0.9081,0.8685,0.0008685,0.00949325,2014-01-18,4459,top,True,2017,7
2026-04-05,3808081382,The Strongest Battlegrounds,Fighting,Action,Battlegrounds & Fighting,87791,17433919370,6737857,4896403,947435,0.8379,0.3865,0.00038648,0.00368597,2022-08-02,1341,breakout,True,2024,8
2026-04-05,5361032378,Sol's RNG[ Eon67 ],All,Simulation,Incremental Simulator,63835,1742413983,907072,1276230,129092,0.9081,0.5206,0.00052058,0.00523068,2023-12-03,854,breakout,True,2025,9
2026-04-05,601130232,Bee Swarm Simulator,Adventure,Simulation,Incremental Simulator,57835,4316187518,6416017,2953248,137180,0.9556,1.4865,0.0014865,0.01557649,2018-03-21,2936,top,True,2018,10
2026-04-05,7018190066,Dead Rails [Beta],All,Adventure,Exploration,48089,6153611969,5558890,3230120,252297,0.9276,0.9034,0.00090335,0.00903333,2025-01-01,458,breakout,True,2025,11
2026-04-05,5750914919,Fisch 🐰 [EASTER],Adventure,Simulation,,37632,4352645586,3246721,2795398,299454,0.9032,0.7459,0.00074592,0.00709833,2024-03-13,752,breakout,True,2025,12
2026-04-05,1831550657,🐣 Creatures of Sonaria 🐇 Survive Kaiju Animals,All,Roleplay & Avatar Sim,Animal Sim,28105,1890843526,9571853,1288042,106119,0.9239,5.0622,0.00506221,0.04790888,2020-06-25,2109,lower_mid,False,,13
2026-04-05,4777817887,Blade Ball,Fighting,Action,Battlegrounds & Fighting,21534,6070676533,12235696,8093690,557916,0.9355,2.0155,0.00201554,0.0188131,2023-06-17,1023,breakout,True,2024,14
2026-04-05,1720936166,[UPD] All Star Tower Defense,All,Strategy,Tower Defense,20588,7725147046,2305181,1475852,128998,0.9196,0.2984,0.0002984,0.00272562,2020-05-07,2159,established,False,,15
2026-04-05,1176784616,[EASTER🐣]  Tower Defense Simulator,All,Strategy,Tower Defense,19600,4624344993,3370779,1965039,125197,0.9401,0.7289,0.00072892,0.00677266,2019-06-05,2496,established,False,,16
2026-04-05,3317679266,[🎉] PLS DONATE 💸,All,Social,,18850,4965467758,4167580,3532197,258307,0.9319,0.8393,0.00083931,0.00769941,2022-02-05,1519,breakout,True,2024,17
2026-04-05,88070565,[🐰] Welcome to Bloxburg,Town and City,Roleplay & Avatar Sim,Life,18404,9869500902,13834774,5552021,733187,0.8833,1.4018,0.00140177,0.01216008,2014-11-04,4170,established,False,,18
2026-04-05,210851291,Build A Boat For Treasure,Adventure,Simulation,Sandbox,17038,4953726324,8292975,3527991,252772,0.9331,1.6741,0.00167409,0.01522056,2016-11-02,3440,top,True,2017,19
2026-04-05,2440500124,DOORS  [ rush mode],Adventure,Survival,Escape,14618,7298576172,7732727,4477842,342073,0.929,1.0595,0.00105948,0.00943944,2021-03-14,1848,breakout,True,2022,20
2026-04-05,5650396773,a dusty trip [🚗SHOP],Adventure,Adventure,,12796,2252981435,1984855,1935253,211181,0.9016,0.881,0.00088099,0.00751179,2024-02-16,778,mid,False,,21
2026-04-05,73885730,Prison Life,Town and City,Action,Open World Action,10115,2847116628,5804973,1473722,256452,0.8518,2.0389,0.0020389,0.01601548,2014-05-02,4356,established,False,,22
2026-04-05,1235188606,[SZN] Dragon Adventures 🐉,Adventure,RPG,,9777,1547799522,12578479,1035967,74689,0.9328,8.1267,0.00812668,0.0696459,2019-07-15,2455,mid,False,,23
2026-04-05,372226183,Flee the Facility,Horror,Survival,1 vs All,9008,5501730045,9409204,2631060,228609,0.9201,1.7102,0.00171023,0.01432832,2017-07-01,3200,lower_mid,False,,24
2026-04-05,245662005,JAILBREAK [VIP],Town and City,Action,Open World Action,9006,7851426720,18532369,5738077,804976,0.877,2.3604,0.00236038,0.01884883,2017-01-06,3375,top,True,2017,25
2026-04-05,1516533665,Piggy [LOVE HEARTS ❤️],Horror,Survival,,8140,14141078591,12065044,3961686,430392,0.902,0.8532,0.00085319,0.00692985,2020-01-23,2264,established,False,,26
2026-04-05,321778215,Royale🌼High,All,Roleplay & Avatar Sim,Dress Up,7506,10376009308,13267654,3234211,531496,0.8589,1.2787,0.00127869,0.00979998,2017-04-10,3281,top,True,2018,27
2026-04-05,47545,🍕Work at a Pizza Place,Town and City,Roleplay & Avatar Sim,Life,7475,5454695196,13259093,3369108,260046,0.9283,2.4308,0.00243077,0.02012756,2008-03-28,6581,established,False,,28
2026-04-05,65241,Natural Disaster Survival,All,Survival,,6935,4190784533,11504818,4276592,432452,0.9082,2.7453,0.00274527,0.02205067,2008-03-28,6581,top,True,2014,29
2026-04-05,31970568,Theme Park Tycoon 2,Building,Simulation,Tycoon,6458,1551981347,6005359,2040640,254890,0.889,3.8695,0.00386948,0.03017834,2012-01-02,5207,established,False,,30
2026-04-05,903807016,[🏥] Emergency Response: Liberty County,Town and City,Roleplay & Avatar Sim,Life,5485,1462233016,2749594,1139124,112828,0.9099,1.8804,0.00188041,0.01473113,2018-11-01,2711,mid,False,,31
2026-04-05,371263894,Greenville,Town and City,Roleplay & Avatar Sim,Life,4668,1345466966,2567677,993955,141351,0.8755,1.9084,0.00190839,0.01411598,2017-06-28,3202,mid,False,,32
2026-04-05,1359573625,Deepwoken,RPG,RPG,Action RPG,3378,1521825593,987802,396315,60539,0.8675,0.6491,0.00064909,0.00457519,2019-10-12,2366,mid,False,,33
2026-04-05,111958650,Arsenal,Fighting,Shooter,Deathmatch Shooter,3319,6176463754,11458645,5085327,656861,0.8856,1.8552,0.00185521,0.0133209,2015-08-18,3883,established,False,,34
2026-04-05,2324662457,[🥚 EASTER UPD] Anime Fighters Simulator ,Adventure,Simulation,Incremental Simulator,2565,1326114890,1569262,1147635,86698,0.9298,1.1834,0.00118335,0.00863696,2021-01-25,1895,mid,False,,35
2026-04-05,1511883870,Shinobi Life 2,All,RPG,Action RPG,2288,2649271040,3006134,2178208,144028,0.938,1.1347,0.0011347,0.00823349,2020-01-20,2266,established,False,,36
2026-04-05,113491250,[CURSED UPDATE] Phantom Forces,FPS,Shooter,Deathmatch Shooter,2246,1760822128,5946544,2449589,247644,0.9082,3.3771,0.00337714,0.02366967,2015-08-31,3870,established,False,,37
2026-04-05,1008451066,Da Hood 🔫,Town and City,Action,Open World Action,1916,2891944887,2983494,1284398,537093,0.7051,1.0317,0.00103166,0.0054985,2019-01-27,2625,established,False,,38
2026-04-05,2471084,🌳 Lumber Tycoon 2,Adventure,Simulation,Tycoon,1841,1290785746,4574311,2009816,282187,0.8769,3.5438,0.00354382,0.02336415,2009-07-30,6092,lower_mid,False,,39
2026-04-05,110181652,[🐰] Epic Minigames ✨,All,Party & Casual,Minigame,1722,2309127755,8249388,2206113,232992,0.9045,3.5725,0.00357251,0.02407873,2015-07-29,3903,lower_mid,False,,40
2026-04-05,2316994223,Pet Simulator X! 🐾,All,Simulation,Incremental Simulator,1555,8972555411,5962175,4208832,394720,0.9143,0.6645,0.00066449,0.00446516,2021-01-22,1898,breakout,True,2022,41
2026-04-05,1335695570,⚡Ninja Legends,Fighting,Simulation,Incremental Simulator,1247,2140753597,4673784,1602234,130243,0.9248,2.1832,0.00218324,0.01439485,2019-09-22,2386,top,True,2020,42
2026-04-05,2404080894,Funky Friday,All,Action,Music & Rhythm,1136,1967177872,4069218,1946885,211533,0.902,2.0686,0.00206856,0.01312826,2021-02-26,1863,lower_mid,False,,43
2026-04-05,848145103,Dungeon Quest! ⚔️ RPG Adventure,Fighting,RPG,Action RPG,1032,2318519154,5800081,1154705,101971,0.9189,2.5016,0.00250163,0.01595308,2018-09-25,2748,mid,False,,44
2026-04-05,1434220026,My Restaurant! 👨‍🍳,All,Simulation,Tycoon,890,880201641,2672432,1077474,98890,0.9159,3.0362,0.00303616,0.01888901,2019-12-06,2312,established,False,,45
2026-04-05,83858907,Speed Run 4,Adventure,Obby & Platformer,,550,1721107620,4514196,1025952,363525,0.7384,2.6228,0.00262284,0.01222353,2014-10-20,4184,mid,False,,46
2026-04-05,1424449565,Super Golf!,Sports,Sports & Racing,Sports,415,247010716,957092,309391,78670,0.7973,3.8747,0.0038747,0.01862997,2019-11-29,2319,mid,False,,47
2026-04-05,1168263273,[🎃] Bad Business | FPS ,FPS,Shooter,Deathmatch Shooter,174,545240485,2179519,776348,131099,0.8555,3.9974,0.00399735,0.01766282,2019-05-29,2502,lower_mid,False,,48
2026-04-05,3183403065,[🤹APRIL FOOL'S🤡] AA,All,Strategy,Tower Defense,160,2507509262,1396125,721075,65174,0.9171,0.5568,0.00055678,0.00259469,2021-12-21,1566,established,False,,49
2026-04-05,140239261,🏠 MeepCity 🏠,Town and City,Roleplay & Avatar Sim,,125,16269979120,14757623,2883338,514634,0.8485,0.907,0.00090705,0.00372235,2016-02-23,3693,top,True,2016,50
2026-04-05,1077961373,Giant Simulator,All,Simulation,Incremental Simulator,57,163528435,588221,175788,32877,0.8424,3.5971,0.00359706,0.0123044,2019-03-22,2571,lower_mid,False,,51
2026-04-05,81762198,[Sides] Vehicle Simulator,Town and City,Simulation,Vehicle Sim,16,665667911,3375771,1098924,133136,0.8919,5.0713,0.00507125,0.01281535,2014-08-08,4258,mid,False,,52
2026-04-05,1344222621,malymal91's Place,All,,,0,0,0,0,0,0.0,0.0,0.0,0.0,2019-09-29,2379,mid,False,,53
2026-04-05,67400893,efrenda's Place,All,,,0,0,0,0,0,0.0,0.0,0.0,0.0,2014-01-26,4451,lower_mid,False,,54
2026-04-05,1090335239,aleor3210's Place,All,,,0,0,0,0,0,0.0,0.0,0.0,0.0,2019-03-31,2562,lower_mid,False,,55
2026-04-05,2755335127,####'s Place,All,,,0,0,0,0,0,0.0,0.0,0.0,0.0,2021-07-19,1721,lower_mid,False,,56
2026-04-05,4494776745,chgcchfhcfvggjgvhc's Place,All,,,0,0,0,0,0,0.0,0.0,0.0,0.0,2023-03-19,1112,mid,False,,57
2026-04-05,4747349896,rgost1's Place,All,,,0,0,0,0,0,0.0,0.0,0.0,0.0,2023-06-07,1033,mid,False,,58
2026-04-05,1557606948,ProPro1052's Place,All,,,0,0,0,0,0,0.0,0.0,0.0,0.0,2020-02-17,2238,mid,False,,59
2026-04-05,498598030,puppyluver112232's Place,All,,,0,0,0,0,0,0.0,0.0,0.0,0.0,2017-12-05,3042,mid,False,,60
2026-04-06,383310974,[🥚🐰] Adopt Me!,RPG,Roleplay & Avatar Sim,Pet Care,548197,43005445602,28775518,8954215,1498744,0.8566,0.6691,0.00066911,0.00757417,2017-07-14,3187,top,True,2019,1
2026-04-06,994732206,[🥚] Blox Fruits,Adventure,RPG,Action RPG,417380,60428276914,18466268,11899651,1028424,0.9205,0.3056,0.00030559,0.00364026,2019-01-16,2637,top,True,2021,2
2026-04-06,1686885941,Brookhaven 🏡RP,Town and City,Roleplay & Avatar Sim,Life,367251,80896406661,26933174,7910556,1298123,0.859,0.3329,0.00033293,0.00366476,2020-04-21,2176,top,True,2020,3
2026-04-06,6035872082,RIVALS,FPS,Shooter,Deathmatch Shooter,318440,13539736807,68279832,9013430,539106,0.9436,5.0429,0.00504292,0.06029359,2024-05-26,679,breakout,True,2025,4
2026-04-06,66654135,Murder Mystery 2,Horror,Survival,1 vs All,167965,24851850543,21574491,9431339,954778,0.9081,0.8681,0.00086812,0.00948467,2014-01-18,4460,top,True,2017,5
2026-04-06,3808081382,The Strongest Battlegrounds,Fighting,Action,Battlegrounds & Fighting,75162,17447438421,6742373,4898871,948055,0.8379,0.3864,0.00038644,0.00363521,2022-08-02,1343,breakout,True,2024,6
2026-04-06,5361032378,Sol's RNG[ Eon67 ],All,Simulation,Incremental Simulator,61449,1744821282,907610,1277108,129127,0.9082,0.5202,0.00052017,0.00520877,2023-12-03,855,breakout,True,2025,7
2026-04-06,601130232,Bee Swarm Simulator,Adventure,Simulation,Incremental Simulator,56027,4319608544,6416577,2953787,137222,0.9556,1.4855,0.00148545,0.01552035,2018-03-21,2937,top,True,2018,8
2026-04-06,5750914919,Fisch 🐰 [EASTER],Adventure,Simulation,,29587,4354663492,3248733,2796274,299475,0.9033,0.746,0.00074604,0.00693753,2024-03-13,753,breakout,True,2025,9
2026-04-06,1831550657,🐣 Creatures of Sonaria 🐇 Survive Kaiju Animals,All,Roleplay & Avatar Sim,Animal Sim,24263,1892977130,9582400,1288942,106201,0.9239,5.0621,0.00506208,0.04721991,2020-06-25,2110,lower_mid,False,,10
2026-04-06,88070565,[🐰] Welcome to Bloxburg,Town and City,Roleplay & Avatar Sim,Life,19101,9871507988,13835582,5552688,733188,0.8834,1.4016,0.00140157,0.01220451,2014-11-04,4171,established,False,,11
2026-04-06,3317679266,[🎉] PLS DONATE 💸,All,Social,,18380,4969245627,4170690,3534316,258515,0.9318,0.8393,0.0008393,0.00767944,2022-02-05,1520,breakout,True,2024,12
2026-04-06,4777817887,Blade Ball,Fighting,Action,Battlegrounds & Fighting,17292,6073495479,12241179,8096473,558125,0.9355,2.0155,0.00201551,0.01839911,2023-06-17,1024,breakout,True,2024,13
2026-04-06,1720936166,[UPD] All Star Tower Defense,All,Strategy,Tower Defense,16612,7729458963,2305486,1476239,128994,0.9196,0.2983,0.00029827,0.00266567,2020-05-07,2160,established,False,,14
2026-04-06,210851291,Build A Boat For Treasure,Adventure,Simulation,Sandbox,14485,4955235495,8294210,3528828,252820,0.9331,1.6738,0.00167383,0.0149647,2016-11-02,3441,top,True,2017,15
2026-04-06,2440500124,DOORS  [APRIL FOOLS],Adventure,Survival,Escape,11728,7301132131,7734470,4478919,342139,0.929,1.0594,0.00105935,0.00922152,2021-03-14,1849,breakout,True,2022,16
2026-04-06,5650396773,a dusty trip [🚗SHOP],Adventure,Adventure,,11062,2255009295,1986751,1935954,211288,0.9016,0.881,0.00088104,0.00739643,2024-02-16,779,mid,False,,17
2026-04-06,1235188606,[SZN] Dragon Adventures 🐉,Adventure,RPG,,9163,1548658694,12586284,1036387,74705,0.9328,8.1272,0.00812722,0.06915972,2019-07-15,2456,mid,False,,18
2026-04-06,372226183,Flee the Facility,Horror,Survival,1 vs All,9105,5504936392,9410973,2632191,228673,0.9201,1.7096,0.00170955,0.01433968,2017-07-01,3201,lower_mid,False,,19
2026-04-06,245662005,JAILBREAK [VIP],Town and City,Action,Open World Action,8390,7852756029,18532923,5738507,805027,0.877,2.3601,0.00236005,0.01869961,2017-01-06,3376,top,True,2017,20
2026-04-06,1516533665,Piggy [LOVE HEARTS ❤️],Horror,Survival,,8055,14142906900,12066122,3962495,430425,0.902,0.8532,0.00085316,0.00692159,2020-01-23,2265,established,False,,21
2026-04-06,47545,🐰🍕Work at a Pizza Place,Town and City,Roleplay & Avatar Sim,Life,7831,5455740785,13261190,3369923,260068,0.9284,2.4307,0.00243069,0.02023208,2008-03-28,6582,established,False,,22
2026-04-06,321778215,Royale🌼High,All,Roleplay & Avatar Sim,Dress Up,6620,10376649253,13267885,3234437,531532,0.8589,1.2786,0.00127863,0.00966163,2017-04-10,3282,top,True,2018,23
2026-04-06,31970568,Theme Park Tycoon 2,Building,Simulation,Tycoon,6311,1552426216,6005892,2040932,254913,0.889,3.8687,0.00386871,0.03009337,2012-01-02,5208,established,False,,24
2026-04-06,65241,Natural Disaster Survival,All,Survival,,6044,4192808109,11506794,4277584,432598,0.9082,2.7444,0.00274441,0.02170092,2008-03-28,6582,top,True,2014,25
2026-04-06,111958650,Arsenal,Fighting,Shooter,Deathmatch Shooter,3289,6177345561,11458882,5085612,656908,0.8856,1.855,0.00185498,0.01330434,2015-08-18,3884,established,False,,26
2026-04-06,1359573625,Deepwoken,RPG,RPG,Action RPG,2904,1522509419,988018,396389,60560,0.8675,0.6489,0.00064894,0.00448895,2019-10-12,2367,mid,False,,27
2026-04-06,113491250,[CURSED UPDATE] Phantom Forces,FPS,Shooter,Deathmatch Shooter,2098,1761093271,5946688,2449722,247665,0.9082,3.3767,0.0033767,0.02345758,2015-08-31,3871,established,False,,28
2026-04-06,1511883870,Shinobi Life 2,All,RPG,Action RPG,2066,2649490180,3006278,2178459,144047,0.938,1.1347,0.00113466,0.00812462,2020-01-20,2267,established,False,,29
2026-04-06,1008451066,Da Hood 🔫,Town and City,Action,Open World Action,1846,2892271929,2983559,1284495,537109,0.7051,1.0316,0.00103156,0.00547101,2019-01-27,2626,established,False,,30
2026-04-06,2316994223,Pet Simulator X! 🐾,All,Simulation,Incremental Simulator,1596,8972705973,5962132,4208930,394732,0.9143,0.6645,0.00066447,0.00448085,2021-01-22,1899,breakout,True,2022,31
2026-04-06,2471084,🌳 Lumber Tycoon 2,Adventure,Simulation,Tycoon,1562,1290926058,4574520,2009913,282196,0.8769,3.5436,0.0035436,0.02285237,2009-07-30,6093,lower_mid,False,,32
2026-04-06,110181652,[🐰] Epic Minigames ✨,All,Party & Casual,Minigame,1494,2309383258,8250605,2206504,232993,0.9045,3.5726,0.00357264,0.02362134,2015-07-29,3904,lower_mid,False,,33
2026-04-06,1335695570,⚡Ninja Legends,Fighting,Simulation,Incremental Simulator,1107,2140887384,4673933,1602376,130247,0.9248,2.1832,0.00218318,0.01415423,2019-09-22,2387,top,True,2020,34
2026-04-06,2404080894,Funky Friday,All,Action,Music & Rhythm,953,1967380168,4069288,1947005,211551,0.902,2.0684,0.00206838,0.01279971,2021-02-26,1864,lower_mid,False,,35
2026-04-06,1434220026,My Restaurant! 👨‍🍳,All,Simulation,Tycoon,855,880264254,2672455,1077553,98894,0.9159,3.036,0.00303597,0.01877645,2019-12-06,2313,established,False,,36
2026-04-06,83858907,Speed Run 4,Adventure,Obby & Platformer,,607,1721258435,4514374,1026018,363560,0.7384,2.6227,0.00262272,0.01241348,2014-10-20,4185,mid,False,,37
2026-04-06,1424449565,Super Golf!,Sports,Sports & Racing,Sports,411,247079515,957299,309454,78684,0.7973,3.8745,0.00387446,0.01859907,2019-11-29,2320,mid,False,,38
2026-04-06,140239261,🏠 MeepCity 🏠,Town and City,Roleplay & Avatar Sim,,131,16270037317,14757578,2883378,514683,0.8485,0.907,0.00090704,0.00375808,2016-02-23,3694,top,True,2016,39
2026-04-06,3183403065,[🤹APRIL FOOL'S🤡] AA,All,Strategy,Tower Defense,117,2507527383,1396057,721086,65182,0.9171,0.5567,0.00055675,0.00243587,2021-12-21,1567,established,False,,40
2026-04-06,81762198,[Sides] Vehicle Simulator,Town and City,Simulation,Vehicle Sim,25,665671468,3375761,1098930,133136,0.8919,5.0712,0.00507121,0.01473709,2014-08-08,4259,mid,False,,41
2026-04-06,1344222621,malymal91's Place,All,,,0,0,0,0,0,0.0,0.0,0.0,0.0,2019-09-29,2380,mid,False,,42
2026-04-06,67400893,efrenda's Place,All,,,0,0,0,0,0,0.0,0.0,0.0,0.0,2014-01-26,4452,lower_mid,False,,43
2026-04-06,1090335239,aleor3210's Place,All,,,0,0,0,0,0,0.0,0.0,0.0,0.0,2019-03-31,2563,lower_mid,False,,44
2026-04-06,2755335127,####'s Place,All,,,0,0,0,0,0,0.0,0.0,0.0,0.0,2021-07-19,1722,lower_mid,False,,45
2026-04-06,4494776745,chgcchfhcfvggjgvhc's Place,All,,,0,0,0,0,0,0.0,0.0,0.0,0.0,2023-03-19,1113,mid,False,,46
2026-04-06,4747349896,rgost1's Place,All,,,0,0,0,0,0,0.0,0.0,0.0,0.0,2023-06-07,1034,mid,False,,47
2026-04-06,1557606948,ProPro1052's Place,All,,,0,0,0,0,0,0.0,0.0,0.0,0.0,2020-02-17,2239,mid,False,,48
2026-04-07,383310974,[🍬] Adopt Me!,RPG,Roleplay & Avatar Sim,Pet Care,475579,43022886625,28782429,8959197,1498911,0.8567,0.669,0.000669,0.00749196,2017-07-14,3188,top,True,2019,1
2026-04-07,994732206,[🥚] Blox Fruits,Adventure,RPG,Action RPG,397899,60459125240,18475315,11905423,1028716,0.9205,0.3056,0.00030558,0.0036268,2019-01-16,2638,top,True,2021,2
2026-04-07,1686885941,Brookhaven 🏡RP,Town and City,Roleplay & Avatar Sim,Life,336245,80933044921,26948194,7914623,1298634,0.859,0.333,0.00033297,0.00363998,2020-04-21,2177,top,True,2020,3
2026-04-07,6035872082,RIVALS,FPS,Shooter,Deathmatch Shooter,285912,13576023433,68455628,9026256,540645,0.9435,5.0424,0.00504239,0.05976977,2024-05-26,680,breakout,True,2025,4
2026-04-07,7326934954,[🐇] 99 Nights in the Forest 🔦,All,Survival,,238559,25787423469,6984285,4709608,485447,0.9066,0.2708,0.00027084,0.00304027,2025-03-04,399,breakout,True,2026,5
2026-04-07,66654135,Murder Mystery 2,Horror,Survival,1 vs All,163024,24874941340,21585262,9436564,955323,0.9081,0.8678,0.00086775,0.00945706,2014-01-18,4461,top,True,2017,6
2026-04-07,7436755782,[🐰] Grow a Garden 🌶️,All,Simulation,Tycoon,113847,34910936072,10665695,9140462,1038116,0.898,0.3055,0.00030551,0.00319418,2025-03-25,377,breakout,True,2025,7
2026-04-07,3808081382,The Strongest Battlegrounds,Fighting,Action,Battlegrounds & Fighting,69039,17459283733,6746451,4901092,948597,0.8378,0.3864,0.00038641,0.00360736,2022-08-02,1344,breakout,True,2024,8
2026-04-07,5361032378,Sol's RNG[ Eon67 ],All,Simulation,Incremental Simulator,59507,1747075618,908059,1277798,129164,0.9082,0.5198,0.00051976,0.00518959,2023-12-03,856,breakout,True,2025,9
2026-04-07,601130232,Bee Swarm Simulator,Adventure,Simulation,Incremental Simulator,53570,4323005547,6417018,2954312,137256,0.9556,1.4844,0.00148439,0.01544556,2018-03-21,2938,top,True,2018,10
2026-04-07,7018190066,Dead Rails [Beta],All,Adventure,Exploration,34200,6163520994,5573123,3233163,252753,0.9275,0.9042,0.00090421,0.00875551,2025-01-01,460,breakout,True,2025,11
2026-04-07,5750914919,Fisch 🐰 [EASTER],Adventure,Simulation,,26108,4356287251,3250601,2796942,299515,0.9033,0.7462,0.00074619,0.00685469,2024-03-13,754,breakout,True,2025,12
2026-04-07,1831550657,🐣 Creatures of Sonaria 🐇 Survive Kaiju Animals,All,Roleplay & Avatar Sim,Animal Sim,22946,1894848735,9590763,1289610,106281,0.9239,5.0615,0.00506149,0.04695264,2020-06-25,2111,lower_mid,False,,13
2026-04-07,88070565,[🐰] Welcome to Bloxburg,Town and City,Roleplay & Avatar Sim,Life,16994,9873317538,13836355,5553295,733195,0.8834,1.4014,0.00140139,0.01205841,2014-11-04,4172,established,False,,14
2026-04-07,3317679266,[🎉] PLS DONATE 💸,All,Social,,16870,4972657945,4173608,3536296,258724,0.9318,0.8393,0.00083931,0.00761237,2022-02-05,1521,breakout,True,2024,15
2026-04-07,1720936166,[UPD] All Star Tower Defense,All,Strategy,Tower Defense,16034,7733326100,2305764,1476551,128998,0.9197,0.2982,0.00029816,0.00265499,2020-05-07,2161,established,False,,16
2026-04-07,4777817887,Blade Ball,Fighting,Action,Battlegrounds & Fighting,15534,6075838672,12245530,8098768,558311,0.9355,2.0154,0.00201545,0.01819636,2023-06-17,1025,breakout,True,2024,17
2026-04-07,210851291,Build A Boat For Treasure,Adventure,Simulation,Sandbox,13600,4956561666,8295332,3529543,252871,0.9331,1.6736,0.00167361,0.01486428,2016-11-02,3442,top,True,2017,18
2026-04-07,1176784616,[EASTER🐣]  Tower Defense Simulator,All,Strategy,Tower Defense,13360,4628662456,3372126,1966281,125237,0.9401,0.7285,0.00072853,0.00650669,2019-06-05,2498,established,False,,19
2026-04-07,2440500124,DOORS  [APRIL FOOLS],Adventure,Survival,Escape,9917,7303202097,7735947,4479853,342223,0.929,1.0593,0.00105925,0.0090556,2021-03-14,1850,breakout,True,2022,20
2026-04-07,5650396773,a dusty trip [🚗SHOP],Adventure,Adventure,,9366,2256601790,1988186,1936512,211374,0.9016,0.8811,0.00088105,0.00726428,2024-02-16,780,mid,False,,21
2026-04-07,372226183,Flee the Facility,Horror,Survival,1 vs All,8564,5507620055,9412474,2633175,228775,0.9201,1.709,0.00170899,0.01423859,2017-07-01,3202,lower_mid,False,,22
2026-04-07,73885730,Prison Life,Town and City,Action,Open World Action,8459,2850011690,5807441,1474786,256689,0.8518,2.0377,0.00203769,0.01569526,2014-05-02,4358,established,False,,23
2026-04-07,1235188606,[SZN] Dragon Adventures 🐉,Adventure,RPG,,8242,1549429073,12593124,1036733,74723,0.9328,8.1276,0.00812759,0.06836035,2019-07-15,2457,mid,False,,24
2026-04-07,245662005,JAILBREAK [VIP],Town and City,Action,Open World Action,7837,7853965359,18533381,5738865,805078,0.877,2.3597,0.00235975,0.0185561,2017-01-06,3377,top,True,2017,25
2026-04-07,1516533665,Piggy [LOVE HEARTS ❤️],Horror,Survival,,7361,14144510403,12067081,3963200,430470,0.902,0.8531,0.00085313,0.00685208,2020-01-23,2266,established,False,,26
2026-04-07,47545,🐰🍕Work at a Pizza Place,Town and City,Roleplay & Avatar Sim,Life,7003,5456673999,13262914,3370654,260099,0.9284,2.4306,0.00243059,0.01997927,2008-03-28,6583,established,False,,27
2026-04-07,371263894,(🐰EASTER EVENT + LIMITED!) Greenville,Town and City,Roleplay & Avatar Sim,Life,6747,1347662800,2569075,995033,141455,0.8755,1.9063,0.00190632,0.01471598,2017-06-28,3204,mid,False,,28
2026-04-07,321778215,Royale🌼High,All,Roleplay & Avatar Sim,Dress Up,6521,10377244128,13268096,3234636,531574,0.8589,1.2786,0.00127858,0.00964467,2017-04-10,3283,top,True,2018,29
2026-04-07,65241,Natural Disaster Survival,All,Survival,,5591,4194568578,11508556,4278443,432712,0.9082,2.7437,0.00274368,0.02150092,2008-03-28,6583,top,True,2014,30
2026-04-07,31970568,Theme Park Tycoon 2,Building,Simulation,Tycoon,5274,1552813247,6006363,2041202,254924,0.889,3.8681,0.00386805,0.02947139,2012-01-02,5209,established,False,,31
2026-04-07,903807016,[🐰] Emergency Response: Liberty County,Town and City,Roleplay & Avatar Sim,Life,4841,1464093101,2750874,1139775,112959,0.9098,1.8789,0.00187889,0.01450502,2018-11-01,2713,mid,False,,32
2026-04-07,111958650,Arsenal,Fighting,Shooter,Deathmatch Shooter,2952,6178134929,11459059,5085881,656937,0.8856,1.8548,0.00185478,0.01312535,2015-08-18,3885,established,False,,33
2026-04-07,1359573625,Deepwoken,RPG,RPG,Action RPG,2733,1523115782,988267,396460,60574,0.8675,0.6488,0.00064885,0.00445412,2019-10-12,2368,mid,False,,34
2026-04-07,113491250,[CURSED UPDATE] Phantom Forces,FPS,Shooter,Deathmatch Shooter,1925,1761337736,5946790,2449789,247684,0.9082,3.3763,0.00337629,0.02319088,2015-08-31,3872,established,False,,35
2026-04-07,1008451066,[UPD] Da Hood 🔫,Town and City,Action,Open World Action,1858,2892582820,2983628,1284571,537135,0.7051,1.0315,0.00103148,0.00547528,2019-01-27,2627,established,False,,36
2026-04-07,2324662457,[🥚 EASTER UPD] Anime Fighters Simulator ,Adventure,Simulation,Incremental Simulator,1761,1326299232,1569255,1147723,86702,0.9298,1.1832,0.00118318,0.00822223,2021-01-25,1897,mid,False,,37
2026-04-07,1511883870,Shinobi Life 2,All,RPG,Action RPG,1674,2649670620,3006400,2178674,144055,0.938,1.1346,0.00113463,0.00790062,2020-01-20,2268,established,False,,38
2026-04-07,2316994223,Pet Simulator X! 🐾,All,Simulation,Incremental Simulator,1511,8972850610,5962124,4209031,394733,0.9143,0.6645,0.00066446,0.00444755,2021-01-22,1900,breakout,True,2022,39
2026-04-07,110181652,[🐰] Epic Minigames ✨,All,Party & Casual,Minigame,1469,2309611588,8251685,2206856,233000,0.9045,3.5728,0.00357276,0.02356789,2015-07-29,3905,lower_mid,False,,40
2026-04-07,2471084,🌳 Lumber Tycoon 2,Adventure,Simulation,Tycoon,1404,1291050154,4574662,2009996,282206,0.8769,3.5434,0.00354337,0.02251977,2009-07-30,6094,lower_mid,False,,41
2026-04-07,1335695570,⚡Ninja Legends,Fighting,Simulation,Incremental Simulator,924,2141001245,4674087,1602510,130256,0.9248,2.1831,0.00218313,0.01378949,2019-09-22,2388,top,True,2020,42
2026-04-07,2404080894,Funky Friday,All,Action,Music & Rhythm,887,1967550470,4069354,1947094,211554,0.902,2.0682,0.00206823,0.0126651,2021-02-26,1865,lower_mid,False,,43
2026-04-07,848145103,Dungeon Quest! ⚔️ RPG Adventure,Fighting,RPG,Action RPG,823,2318811785,5802333,1154865,101974,0.9189,2.5023,0.00250229,0.01543765,2018-09-25,2750,mid,False,,44
2026-04-07,1434220026,My Restaurant! 👨‍🍳,All,Simulation,Tycoon,750,880318388,2672478,1077608,98895,0.9159,3.0358,0.00303581,0.01841163,2019-12-06,2314,established,False,,45
2026-04-07,83858907,Speed Run 4,Adventure,Obby & Platformer,,543,1721391510,4514570,1026072,363585,0.7384,2.6226,0.00262263,0.01219762,2014-10-20,4186,mid,False,,46
2026-04-07,1424449565,Super Golf!,Sports,Sports & Racing,Sports,325,247139358,957481,309493,78691,0.7973,3.8743,0.00387426,0.01787505,2019-11-29,2321,mid,False,,47
2026-04-07,1168263273,[🎃] Bad Business | FPS ,FPS,Shooter,Deathmatch Shooter,170,545305239,2179532,776388,131109,0.8555,3.9969,0.0039969,0.0175817,2019-05-29,2504,lower_mid,False,,48
2026-04-07,3183403065,[🤹APRIL FOOL'S🤡] AA,All,Strategy,Tower Defense,117,2507543568,1396000,721092,65182,0.9171,0.5567,0.00055672,0.00243576,2021-12-21,1568,established,False,,49
2026-04-07,140239261,🏠 MeepCity 🏠,Town and City,Roleplay & Avatar Sim,,105,16270090298,14757580,2883430,514712,0.8485,0.907,0.00090704,0.00358921,2016-02-23,3695,top,True,2016,50
2026-04-07,1077961373,Giant Simulator,All,Simulation,Incremental Simulator,56,163532535,588212,175792,32878,0.8424,3.5969,0.00359691,0.01225118,2019-03-22,2573,lower_mid,False,,51
2026-04-07,81762198,[Sides] Vehicle Simulator,Town and City,Simulation,Vehicle Sim,6,665674300,3375758,1098934,133137,0.8919,5.0712,0.00507119,0.00880173,2014-08-08,4260,mid,False,,52
2026-04-07,1344222621,malymal91's Place,All,,,0,0,0,0,0,0.0,0.0,0.0,0.0,2019-09-29,2381,mid,False,,53
2026-04-07,67400893,efrenda's Place,All,,,0,0,0,0,0,0.0,0.0,0.0,0.0,2014-01-26,4453,lower_mid,False,,54
2026-04-07,1090335239,aleor3210's Place,All,,,0,0,0,0,0,0.0,0.0,0.0,0.0,2019-03-31,2564,lower_mid,False,,55
2026-04-07,2755335127,####'s Place,All,,,0,0,0,0,0,0.0,0.0,0.0,0.0,2021-07-19,1723,lower_mid,False,,56
2026-04-07,4494776745,chgcchfhcfvggjgvhc's Place,All,,,0,0,0,0,0,0.0,0.0,0.0,0.0,2023-03-19,1114,mid,False,,57
2026-04-07,4747349896,rgost1's Place,All,,,0,0,0,0,0,0.0,0.0,0.0,0.0,2023-06-07,1035,mid,False,,58
2026-04-07,1557606948,ProPro1052's Place,All,,,0,0,0,0,0,0.0,0.0,0.0,0.0,2020-02-17,2240,mid,False,,59
2026-04-07,498598030,puppyluver112232's Place,All,,,0,0,0,0,0,0.0,0.0,0.0,0.0,2017-12-05,3044,mid,False,,60
2026-04-08,383310974,[🍬] Adopt Me!,RPG,Roleplay & Avatar Sim,Pet Care,478012,43038154865,28788525,8963496,1499026,0.8567,0.6689,0.00066891,0.00749425,2017-07-14,3189,top,True,2019,1
2026-04-08,994732206,[🥚] Blox Fruits,Adventure,RPG,Action RPG,382664,60488762324,18484264,11910802,1028988,0.9205,0.3056,0.00030558,0.00361585,2019-01-16,2639,top,True,2021,2
2026-04-08,1686885941,Brookhaven 🏡RP,Town and City,Roleplay & Avatar Sim,Life,312367,80967209501,26962475,7918245,1299190,0.8591,0.333,0.000333,0.00361932,2020-04-21,2178,top,True,2020,3
2026-04-08,6035872082,RIVALS,FPS,Shooter,Deathmatch Shooter,258375,13609145874,68616843,9038260,541882,0.9434,5.042,0.00504197,0.05927976,2024-05-26,681,breakout,True,2025,4
2026-04-08,66654135,Murder Mystery 2,Horror,Survival,1 vs All,154664,24896392108,21595201,9441445,955780,0.9081,0.8674,0.0008674,0.00941183,2014-01-18,4462,top,True,2017,5
2026-04-08,3808081382,The Strongest Battlegrounds,Fighting,Action,Battlegrounds & Fighting,67763,17470468811,6750248,4903092,949134,0.8378,0.3864,0.00038638,0.00360095,2022-08-02,1345,breakout,True,2024,6
2026-04-08,5361032378,Sol's RNG[ Eon67 ],All,Simulation,Incremental Simulator,57683,1749219046,908465,1278373,129194,0.9082,0.5194,0.00051935,0.00517096,2023-12-03,857,breakout,True,2025,7
2026-04-08,601130232,Bee Swarm Simulator,Adventure,Simulation,Incremental Simulator,52860,4326279867,6417411,2954719,137276,0.9556,1.4834,0.00148336,0.01541589,2018-03-21,2939,top,True,2018,8
2026-04-08,5750914919,Fisch 🐰 [EASTER],Adventure,Simulation,,24130,4357678854,3252407,2797528,299542,0.9033,0.7464,0.00074636,0.00680328,2024-03-13,755,breakout,True,2025,9
2026-04-08,1831550657,🐣 Creatures of Sonaria 🐇 Survive Kaiju Animals,All,Roleplay & Avatar Sim,Animal Sim,21156,1896553515,9599093,1290248,106360,0.9238,5.0613,0.00506134,0.04657053,2020-06-25,2112,lower_mid,False,,10
2026-04-08,3317679266,PLS DONATE 💸,All,Social,,16272,4975760873,4176248,3538104,258899,0.9318,0.8393,0.00083932,0.00758413,2022-02-05,1522,breakout,True,2024,11
2026-04-08,88070565,[🐰] Welcome to Bloxburg,Town and City,Roleplay & Avatar Sim,Life,15426,9874847274,13836921,5553823,733177,0.8834,1.4012,0.00140123,0.01193738,2014-11-04,4173,established,False,,12
2026-04-08,1720936166,[UPD] All Star Tower Defense,All,Strategy,Tower Defense,15217,7737048552,2306025,1476884,128997,0.9197,0.298,0.00029805,0.00263972,2020-05-07,2162,established,False,,13
2026-04-08,4777817887,Blade Ball,Fighting,Action,Battlegrounds & Fighting,14611,6077949635,12249552,8100755,558463,0.9355,2.0154,0.00201541,0.0180805,2023-06-17,1026,breakout,True,2024,14
2026-04-08,210851291,Build A Boat For Treasure,Adventure,Simulation,Sandbox,12189,4957742059,8296287,3530238,252906,0.9331,1.6734,0.0016734,0.01469147,2016-11-02,3443,top,True,2017,15
2026-04-08,2440500124,DOORS  [APRIL FOOLS],Adventure,Survival,Escape,8600,7304974943,7737309,4480615,342288,0.929,1.0592,0.00105918,0.00891479,2021-03-14,1851,breakout,True,2022,16
2026-04-08,5650396773,a dusty trip [🚗SHOP],Adventure,Adventure,,8386,2257963514,1989417,1936974,211462,0.9016,0.8811,0.00088107,0.00717648,2024-02-16,781,mid,False,,17
2026-04-08,372226183,Flee the Facility,Horror,Survival,1 vs All,8175,5510100961,9413809,2634098,228830,0.9201,1.7085,0.00170846,0.01416126,2017-07-01,3203,lower_mid,False,,18
2026-04-08,1235188606,[SZN] Dragon Adventures 🐉,Adventure,RPG,,7341,1550092501,12598544,1037024,74744,0.9328,8.1276,0.00812761,0.06748295,2019-07-15,2458,mid,False,,19
2026-04-08,245662005,JAILBREAK [VIP],Town and City,Action,Open World Action,7150,7855082406,18533833,5739181,805129,0.877,2.3595,0.00235947,0.01836408,2017-01-06,3378,top,True,2017,20
2026-04-08,1516533665,Piggy [LOVE HEARTS ❤️],Horror,Survival,,6299,14145901263,12067977,3963809,430500,0.902,0.8531,0.00085311,0.00673209,2020-01-23,2267,established,False,,21
2026-04-08,47545,🐰🍕Work at a Pizza Place,Town and City,Roleplay & Avatar Sim,Life,6258,5457506317,13264514,3371284,260122,0.9284,2.4305,0.00243051,0.01972501,2008-03-28,6584,established,False,,22
2026-04-08,321778215,Royale🌼High,All,Roleplay & Avatar Sim,Dress Up,6197,10377772353,13268288,3234811,531600,0.8589,1.2785,0.00127853,0.00958837,2017-04-10,3284,top,True,2018,23
2026-04-08,65241,Natural Disaster Survival,All,Survival,,5507,4196216708,11510211,4279237,432851,0.9081,2.743,0.002743,0.02145759,2008-03-28,6584,top,True,2014,24
2026-04-08,31970568,Theme Park Tycoon 2,Building,Simulation,Tycoon,5006,1553152517,6006784,2041437,254931,0.889,3.8675,0.00386748,0.02928804,2012-01-02,5210,established,False,,25
2026-04-08,111958650,Arsenal,Fighting,Shooter,Deathmatch Shooter,2894,6178867724,11459289,5086129,656973,0.8856,1.8546,0.00185459,0.01309147,2015-08-18,3886,established,False,,26
2026-04-08,1359573625,Deepwoken,RPG,RPG,Action RPG,2539,1523671568,988457,396521,60584,0.8675,0.6487,0.00064873,0.00441193,2019-10-12,2369,mid,False,,27
2026-04-08,113491250,Phantom Forces,FPS,Shooter,Deathmatch Shooter,1850,1761569793,5946913,2449868,247707,0.9082,3.3759,0.00337592,0.0230664,2015-08-31,3873,established,False,,28
2026-04-08,1511883870,Shinobi Life 2,All,RPG,Action RPG,1659,2649829439,3006496,2178838,144060,0.938,1.1346,0.0011346,0.00789085,2020-01-20,2269,established,False,,29
2026-04-08,1008451066,[UPD] Da Hood 🔫,Town and City,Action,Open World Action,1527,2892886011,2983644,1284638,537160,0.7051,1.0314,0.00103137,0.00533214,2019-01-27,2628,established,False,,30
2026-04-08,2316994223,Pet Simulator X! 🐾,All,Simulation,Incremental Simulator,1439,8972989580,5962144,4209113,394745,0.9143,0.6645,0.00066445,0.00441786,2021-01-22,1901,breakout,True,2022,31
2026-04-08,110181652,[🐰] Epic Minigames ✨,All,Party & Casual,Minigame,1300,2309817405,8252633,2207149,233015,0.9045,3.5729,0.00357285,0.02317397,2015-07-29,3906,lower_mid,False,,32
2026-04-08,2471084,🌳 Lumber Tycoon 2,Adventure,Simulation,Tycoon,1191,1291165557,4574797,2010091,282211,0.8769,3.5432,0.00354315,0.02200771,2009-07-30,6095,lower_mid,False,,33
2026-04-08,1335695570,⚡Ninja Legends,Fighting,Simulation,Incremental Simulator,908,2141103916,4674233,1602615,130262,0.9248,2.1831,0.00218309,0.01375405,2019-09-22,2389,top,True,2020,34
2026-04-08,2404080894,Funky Friday,All,Action,Music & Rhythm,794,1967706149,4069426,1947177,211571,0.902,2.0681,0.00206811,0.01245791,2021-02-26,1866,lower_mid,False,,35
2026-04-08,1434220026,My Restaurant! 👨‍🍳,All,Simulation,Tycoon,658,880365202,2672479,1077664,98894,0.9159,3.0356,0.00303565,0.0180474,2019-12-06,2315,established,False,,36
2026-04-08,83858907,Speed Run 4,Adventure,Obby & Platformer,,497,1721503357,4514706,1026121,363602,0.7384,2.6225,0.00262254,0.01202612,2014-10-20,4187,mid,False,,37
2026-04-08,1424449565,Super Golf!,Sports,Sports & Racing,Sports,333,247194641,957622,309544,78699,0.7973,3.874,0.00387396,0.01794879,2019-11-29,2322,mid,False,,38
2026-04-08,3183403065,[🤹APRIL FOOL'S🤡] AA,All,Strategy,Tower Defense,133,2507559193,1395946,721101,65182,0.9171,0.5567,0.0005567,0.00250057,2021-12-21,1569,established,False,,39
2026-04-08,140239261,🏠 MeepCity 🏠,Town and City,Roleplay & Avatar Sim,,76,16270137039,14757553,2883475,514737,0.8485,0.907,0.00090703,0.00334318,2016-02-23,3696,top,True,2016,40
2026-04-08,81762198,[Sides] Vehicle Simulator,Town and City,Simulation,Vehicle Sim,14,665676844,3375744,1098935,133137,0.8919,5.0711,0.00507115,0.01224894,2014-08-08,4261,mid,False,,41
2026-04-08,1344222621,malymal91's Place,All,,,0,0,0,0,0,0.0,0.0,0.0,0.0,2019-09-29,2382,mid,False,,42
2026-04-08,67400893,efrenda's Place,All,,,0,0,0,0,0,0.0,0.0,0.0,0.0,2014-01-26,4454,lower_mid,False,,43
2026-04-08,1090335239,aleor3210's Place,All,,,0,0,0,0,0,0.0,0.0,0.0,0.0,2019-03-31,2565,lower_mid,False,,44
2026-04-08,2755335127,####'s Place,All,,,0,0,0,0,0,0.0,0.0,0.0,0.0,2021-07-19,1724,lower_mid,False,,45
2026-04-08,4494776745,chgcchfhcfvggjgvhc's Place,All,,,0,0,0,0,0,0.0,0.0,0.0,0.0,2023-03-19,1115,mid,False,,46
2026-04-08,4747349896,rgost1's Place,All,,,0,0,0,0,0,0.0,0.0,0.0,0.0,2023-06-07,1036,mid,False,,47
2026-04-08,1557606948,ProPro1052's Place,All,,,0,0,0,0,0,0.0,0.0,0.0,0.0,2020-02-17,2241,mid,False,,48
2026-04-09,383310974,[🍬] Adopt Me!,RPG,Roleplay & Avatar Sim,Pet Care,485388,43052150590,28794453,8967427,1499116,0.8568,0.6688,0.00066883,0.00750253,2017-07-14,3190,top,True,2019,1
2026-04-09,994732206,[🥚] Blox Fruits,Adventure,RPG,Action RPG,384959,60517493179,18493103,11916144,1029227,0.9205,0.3056,0.00030558,0.00361761,2019-01-16,2640,top,True,2021,2
2026-04-09,1686885941,Brookhaven 🏡RP,Town and City,Roleplay & Avatar Sim,Life,301643,80999606895,26976538,7921674,1299699,0.8591,0.333,0.00033305,0.00360978,2020-04-21,2179,top,True,2020,3
2026-04-09,6035872082,RIVALS,FPS,Shooter,Deathmatch Shooter,260239,13641337853,68774839,9050151,543136,0.9434,5.0416,0.00504165,0.05930689,2024-05-26,682,breakout,True,2025,4
2026-04-09,66654135,Murder Mystery 2,Horror,Survival,1 vs All,143259,24916221260,21604835,9446091,956235,0.9081,0.8671,0.0008671,0.00934823,2014-01-18,4463,top,True,2017,5
2026-04-09,3808081382,The Strongest Battlegrounds,Fighting,Action,Battlegrounds & Fighting,68814,17481515704,6753843,4905049,949662,0.8378,0.3863,0.00038634,0.00360548,2022-08-02,1346,breakout,True,2024,6
2026-04-09,5361032378,Sol's RNG[ Eon67 ],All,Simulation,Incremental Simulator,57657,1751337924,908837,1278961,129221,0.9082,0.5189,0.00051894,0.00516673,2023-12-03,858,breakout,True,2025,7
2026-04-09,601130232,Bee Swarm Simulator,Adventure,Simulation,Incremental Simulator,50041,4329295314,6417847,2955145,137280,0.9556,1.4824,0.00148242,0.01532865,2018-03-21,2940,top,True,2018,8
2026-04-09,5750914919,Fisch 🐰 [EASTER],Adventure,Simulation,,22072,4358987724,3254311,2798079,299576,0.9033,0.7466,0.00074657,0.00674516,2024-03-13,756,breakout,True,2025,9
2026-04-09,1831550657,🐣 Creatures of Sonaria 🐇 Survive Kaiju Animals,All,Roleplay & Avatar Sim,Animal Sim,20468,1898143888,9607106,1290948,106413,0.9238,5.0613,0.00506132,0.04641593,2020-06-25,2113,lower_mid,False,,10
2026-04-09,88070565,[🐰] Welcome to Bloxburg,Town and City,Roleplay & Avatar Sim,Life,15893,9876310462,13837445,5554327,733220,0.8834,1.4011,0.00140107,0.01197302,2014-11-04,4174,established,False,,11
2026-04-09,3317679266,PLS DONATE 💸,All,Social,,15853,4978764195,4178755,3539836,259037,0.9318,0.8393,0.00083932,0.00756368,2022-02-05,1523,breakout,True,2024,12
2026-04-09,1720936166,[UPD] All Star Tower Defense,All,Strategy,Tower Defense,15081,7740498066,2306265,1477178,129001,0.9197,0.2979,0.00029795,0.0026364,2020-05-07,2163,established,False,,13
2026-04-09,4777817887,Blade Ball,Fighting,Action,Battlegrounds & Fighting,14634,6080026915,12253610,8102724,558606,0.9355,2.0154,0.00201539,0.01808326,2023-06-17,1027,breakout,True,2024,14
2026-04-09,210851291,Build A Boat For Treasure,Adventure,Simulation,Sandbox,12474,4958856408,8297240,3530882,252951,0.9331,1.6732,0.00167322,0.01472595,2016-11-02,3444,top,True,2017,15
2026-04-09,2440500124,DOORS  [APRIL FOOLS],Adventure,Survival,Escape,8640,7306659037,7738696,4481509,342327,0.929,1.0591,0.00105913,0.00891895,2021-03-14,1852,breakout,True,2022,16
2026-04-09,372226183,Flee the Facility,Horror,Survival,1 vs All,8309,5512479645,9415119,2635021,228884,0.9201,1.708,0.00170796,0.0141828,2017-07-01,3204,lower_mid,False,,17
2026-04-09,5650396773,a dusty trip [🚗SHOP],Adventure,Adventure,,7910,2259264276,1990711,1937398,211503,0.9016,0.8811,0.00088113,0.00713061,2024-02-16,782,mid,False,,18
2026-04-09,1235188606,[SZN] Dragon Adventures 🐉,Adventure,RPG,,7506,1550714221,12604507,1037297,74750,0.9328,8.1282,0.00812819,0.06765716,2019-07-15,2459,mid,False,,19
2026-04-09,245662005,JAILBREAK ,Town and City,Action,Open World Action,6987,7856155051,18534314,5739518,805173,0.877,2.3592,0.00235921,0.01831436,2017-01-06,3379,top,True,2017,20
2026-04-09,1516533665,Piggy [LOVE HEARTS ❤️],Horror,Survival,,6225,14147203921,12068818,3964381,430538,0.902,0.8531,0.00085309,0.00672288,2020-01-23,2268,established,False,,21
2026-04-09,65241,Natural Disaster Survival,All,Survival,,5837,4197829737,11511956,4280049,432972,0.9081,2.7424,0.00274236,0.02159733,2008-03-28,6585,top,True,2014,22
2026-04-09,321778215,Royale🌼High,All,Roleplay & Avatar Sim,Dress Up,5706,10378256181,13268482,3234969,531629,0.8589,1.2785,0.00127849,0.00949743,2017-04-10,3285,top,True,2018,23
2026-04-09,47545,🐰🍕Work at a Pizza Place,Town and City,Roleplay & Avatar Sim,Life,5703,5458249460,13265981,3371821,260146,0.9284,2.4304,0.00243045,0.01951509,2008-03-28,6585,established,False,,24
2026-04-09,31970568,Theme Park Tycoon 2,Building,Simulation,Tycoon,4951,1553471090,6007206,2041692,254937,0.889,3.867,0.00386696,0.02924644,2012-01-02,5211,established,False,,25
2026-04-09,111958650,Arsenal,Fighting,Shooter,Deathmatch Shooter,2945,6179576555,11459459,5086323,657022,0.8856,1.8544,0.00185441,0.01311878,2015-08-18,3887,established,False,,26
2026-04-09,1359573625,Deepwoken,RPG,RPG,Action RPG,2617,1524220726,988644,396600,60600,0.8675,0.6486,0.00064862,0.00442815,2019-10-12,2370,mid,False,,27
2026-04-09,113491250,Phantom Forces,FPS,Shooter,Deathmatch Shooter,1882,1761810568,5947102,2449966,247729,0.9082,3.3756,0.00337556,0.02311642,2015-08-31,3874,established,False,,28
2026-04-09,1511883870,Shinobi Life 2,All,RPG,Action RPG,1721,2649982916,3006587,2178984,144065,0.938,1.1346,0.00113457,0.00792967,2020-01-20,2270,established,False,,29
2026-04-09,1008451066,Da Hood 🔫,Town and City,Action,Open World Action,1718,2893166735,2983709,1284725,537193,0.7051,1.0313,0.0010313,0.00541741,2019-01-27,2629,established,False,,30
2026-04-09,2316994223,Pet Simulator X! 🐾,All,Simulation,Incremental Simulator,1489,8973123202,5962139,4209209,394748,0.9143,0.6644,0.00066444,0.00443853,2021-01-22,1902,breakout,True,2022,31
2026-04-09,2471084,🌳 Lumber Tycoon 2,Adventure,Simulation,Tycoon,1312,1291272999,4574914,2010175,282216,0.8769,3.5429,0.00354295,0.02230687,2009-07-30,6096,lower_mid,False,,32
2026-04-09,110181652,[🐰] Epic Minigames ✨,All,Party & Casual,Minigame,1298,2310012173,8253541,2207416,233020,0.9045,3.5729,0.00357294,0.02316982,2015-07-29,3907,lower_mid,False,,33
2026-04-09,1335695570,⚡Ninja Legends,Fighting,Simulation,Incremental Simulator,922,2141199857,4674386,1602697,130264,0.9248,2.1831,0.00218307,0.01378478,2019-09-22,2390,top,True,2020,34
2026-04-09,2404080894,Funky Friday,All,Action,Music & Rhythm,818,1967861429,4069472,1947267,211582,0.902,2.068,0.00206797,0.01251253,2021-02-26,1867,lower_mid,False,,35
2026-04-09,1434220026,My Restaurant! 👨‍🍳,All,Simulation,Tycoon,675,880408456,2672477,1077727,98897,0.9159,3.0355,0.0030355,0.01811735,2019-12-06,2316,established,False,,36
2026-04-09,83858907,Speed Run 4,Adventure,Obby & Platformer,,536,1721612650,4514861,1026175,363618,0.7384,2.6225,0.00262246,0.01217179,2014-10-20,4188,mid,False,,37
2026-04-09,1424449565,Super Golf!,Sports,Sports & Racing,Sports,298,247249809,957818,309586,78711,0.7973,3.8739,0.00387389,0.0176065,2019-11-29,2323,mid,False,,38
2026-04-09,3183403065,[🤹APRIL FOOL'S🤡] AA,All,Strategy,Tower Defense,111,2507573800,1395908,721106,65184,0.9171,0.5567,0.00055668,0.00240893,2021-12-21,1570,established,False,,39
2026-04-09,140239261,🏠 MeepCity 🏠,Town and City,Roleplay & Avatar Sim,,78,16270180815,14757550,2883513,514766,0.8485,0.907,0.00090703,0.00336288,2016-02-23,3697,top,True,2016,40
2026-04-09,81762198,[Sides] Vehicle Simulator,Town and City,Simulation,Vehicle Sim,11,665679467,3375724,1098937,133139,0.8919,5.0711,0.0050711,0.0112395,2014-08-08,4262,mid,False,,41
2026-04-09,1344222621,malymal91's Place,All,,,0,0,0,0,0,0.0,0.0,0.0,0.0,2019-09-29,2383,mid,False,,42
2026-04-09,67400893,efrenda's Place,All,,,0,0,0,0,0,0.0,0.0,0.0,0.0,2014-01-26,4455,lower_mid,False,,43
2026-04-09,1090335239,aleor3210's Place,All,,,0,0,0,0,0,0.0,0.0,0.0,0.0,2019-03-31,2566,lower_mid,False,,44
2026-04-09,2755335127,####'s Place,All,,,0,0,0,0,0,0.0,0.0,0.0,0.0,2021-07-19,1725,lower_mid,False,,45
2026-04-09,4494776745,chgcchfhcfvggjgvhc's Place,All,,,0,0,0,0,0,0.0,0.0,0.0,0.0,2023-03-19,1116,mid,False,,46
2026-04-09,4747349896,rgost1's Place,All,,,0,0,0,0,0,0.0,0.0,0.0,0.0,2023-06-07,1037,mid,False,,47
2026-04-09,1557606948,ProPro1052's Place,All,,,0,0,0,0,0,0.0,0.0,0.0,0.0,2020-02-17,2242,mid,False,,48
2026-04-10,383310974,[🍬] Adopt Me!,RPG,Roleplay & Avatar Sim,Pet Care,495457,43065752762,28800295,8971147,1499191,0.8568,0.6688,0.00066875,0.00751384,2017-07-14,3191,top,True,2019,1
2026-04-10,994732206,[🥚] Blox Fruits,Adventure,RPG,Action RPG,402106,60546174313,18501980,11921428,1029563,0.9205,0.3056,0.00030558,0.00362992,2019-01-16,2641,top,True,2021,2
2026-04-10,1686885941,Brookhaven 🏡RP,Town and City,Roleplay & Avatar Sim,Life,331155,81032644671,26990209,7925026,1300259,0.8591,0.3331,0.00033308,0.00363684,2020-04-21,2180,top,True,2020,3
2026-04-10,6035872082,RIVALS,FPS,Shooter,Deathmatch Shooter,274094,13673450461,68936103,9061953,544406,0.9433,5.0416,0.0050416,0.05954957,2024-05-26,683,breakout,True,2025,4
2026-04-10,66654135,Murder Mystery 2,Horror,Survival,1 vs All,134914,24935804962,21614393,9450644,956703,0.9081,0.8668,0.0008668,0.00929778,2014-01-18,4464,top,True,2017,5
2026-04-10,3808081382,The Strongest Battlegrounds,Fighting,Action,Battlegrounds & Fighting,72667,17492667348,6757350,4906979,950155,0.8378,0.3863,0.0003863,0.00362261,2022-08-02,1347,breakout,True,2024,6
2026-04-10,5361032378,Sol's RNG[ Eon67 ],All,Simulation,Incremental Simulator,58376,1753467621,909293,1279582,129237,0.9083,0.5186,0.00051857,0.00516905,2023-12-03,859,breakout,True,2025,7
2026-04-10,601130232,Bee Swarm Simulator,Adventure,Simulation,Incremental Simulator,49217,4331965604,6418298,2955594,137285,0.9556,1.4816,0.00148161,0.01529685,2018-03-21,2941,top,True,2018,8
2026-04-10,5750914919,Fisch 🐰 [EASTER],Adventure,Simulation,,23990,4360284309,3256190,2798664,299596,0.9033,0.7468,0.00074678,0.00680334,2024-03-13,757,breakout,True,2025,9
2026-04-10,1831550657,🐣 Creatures of Sonaria 🐇 Survive Kaiju Animals,All,Roleplay & Avatar Sim,Animal Sim,21264,1899742966,9616443,1291698,106481,0.9238,5.062,0.00506197,0.04660014,2020-06-25,2114,lower_mid,False,,10
2026-04-10,3317679266,PLS DONATE 💸,All,Social,,16165,4981728889,4181153,3541504,259186,0.9318,0.8393,0.0008393,0.0075787,2022-02-05,1524,breakout,True,2024,11
2026-04-10,4777817887,Blade Ball,Fighting,Action,Battlegrounds & Fighting,14987,6082116001,12257926,8104859,558750,0.9355,2.0154,0.0020154,0.01812836,2023-06-17,1028,breakout,True,2024,12
2026-04-10,88070565,[🗺️] Welcome to Bloxburg,Town and City,Roleplay & Avatar Sim,Life,14735,9877854976,13838314,5554907,733220,0.8834,1.4009,0.00140094,0.01187843,2014-11-04,4175,established,False,,13
2026-04-10,1720936166,[UPD] All Star Tower Defense,All,Strategy,Tower Defense,14228,7743774710,2306514,1477442,129025,0.9197,0.2979,0.00029785,0.00261962,2020-05-07,2164,established,False,,14
2026-04-10,210851291,Build A Boat For Treasure,Adventure,Simulation,Sandbox,13045,4959984469,8298158,3531484,252979,0.9332,1.673,0.00167302,0.01479416,2016-11-02,3445,top,True,2017,15
2026-04-10,2440500124,DOORS  [APRIL FOOLS],Adventure,Survival,Escape,9395,7308321665,7740164,4482425,342380,0.929,1.0591,0.00105909,0.00900106,2021-03-14,1853,breakout,True,2022,16
2026-04-10,372226183,Flee the Facility,Horror,Survival,1 vs All,8838,5514865059,9416527,2635883,228946,0.9201,1.7075,0.00170748,0.0142758,2017-07-01,3205,lower_mid,False,,17
2026-04-10,5650396773,a dusty trip [🚗SHOP],Adventure,Adventure,,8240,2260471229,1991832,1937772,211561,0.9016,0.8812,0.00088116,0.00716323,2024-02-16,783,mid,False,,18
2026-04-10,1235188606,[SZN] Dragon Adventures 🐉,Adventure,RPG,,7975,1551358972,12611630,1037602,74767,0.9328,8.1294,0.00812941,0.0681271,2019-07-15,2460,mid,False,,19
2026-04-10,245662005,JAILBREAK ,Town and City,Action,Open World Action,6957,7857198301,18534725,5739855,805203,0.877,2.3589,0.00235895,0.01830348,2017-01-06,3380,top,True,2017,20
2026-04-10,1516533665,Piggy [LOVE HEARTS ❤️],Horror,Survival,,6615,14148518539,12069869,3964955,430556,0.902,0.8531,0.00085308,0.00676967,2020-01-23,2269,established,False,,21
2026-04-10,47545,🐰🍕Work at a Pizza Place,Town and City,Roleplay & Avatar Sim,Life,5942,5458982131,13267517,3372400,260163,0.9284,2.4304,0.0024304,0.0196075,2008-03-28,6586,established,False,,22
2026-04-10,65241,Natural Disaster Survival,All,Survival,,5928,4199442103,11513604,4280819,433090,0.9081,2.7417,0.0027417,0.02163046,2008-03-28,6586,top,True,2014,23
2026-04-10,321778215,Royale🌼High,All,Roleplay & Avatar Sim,Dress Up,5524,10378714290,13268696,3235125,531665,0.8589,1.2785,0.00127845,0.00946155,2017-04-10,3286,top,True,2018,24
2026-04-10,31970568,Theme Park Tycoon 2,Building,Simulation,Tycoon,5464,1553815960,6007633,2041949,254942,0.889,3.8664,0.00386637,0.02958119,2012-01-02,5212,established,False,,25
2026-04-10,111958650,Arsenal,Fighting,Shooter,Deathmatch Shooter,2939,6180306202,11459702,5086539,657076,0.8856,1.8542,0.00185423,0.01311411,2015-08-18,3888,established,False,,26
2026-04-10,1359573625,Deepwoken,RPG,RPG,Action RPG,2536,1524772568,988821,396650,60615,0.8674,0.6485,0.0006485,0.00440959,2019-10-12,2371,mid,False,,27
2026-04-10,113491250,Phantom Forces,FPS,Shooter,Deathmatch Shooter,1892,1762045437,5947273,2450065,247743,0.9082,3.3752,0.00337521,0.0231302,2015-08-31,3875,established,False,,28
2026-04-10,1008451066,Da Hood 🔫,Town and City,Action,Open World Action,1772,2893473185,2983770,1284784,537217,0.7051,1.0312,0.00103121,0.00543944,2019-01-27,2630,established,False,,29
2026-04-10,1511883870,Shinobi Life 2,All,RPG,Action RPG,1670,2650132888,3006696,2179151,144074,0.938,1.1345,0.00113455,0.00789752,2020-01-20,2271,established,False,,30
2026-04-10,2316994223,Pet Simulator X! 🐾,All,Simulation,Incremental Simulator,1451,8973255950,5962143,4209297,394751,0.9143,0.6644,0.00066443,0.00442278,2021-01-22,1903,breakout,True,2022,31
2026-04-10,110181652,[🐰] Epic Minigames ✨,All,Party & Casual,Minigame,1387,2310211216,8254539,2207717,233027,0.9045,3.5731,0.00357307,0.02338503,2015-07-29,3908,lower_mid,False,,32
2026-04-10,2471084,🌳 Lumber Tycoon 2,Adventure,Simulation,Tycoon,1362,1291383569,4575031,2010266,282226,0.8769,3.5427,0.00354274,0.02242167,2009-07-30,6097,lower_mid,False,,33
2026-04-10,2404080894,Funky Friday,All,Action,Music & Rhythm,970,1968021013,4069548,1947399,211581,0.902,2.0678,0.00206784,0.01282938,2021-02-26,1868,lower_mid,False,,34
2026-04-10,1335695570,⚡Ninja Legends,Fighting,Simulation,Incremental Simulator,902,2141298596,4674516,1602806,130267,0.9248,2.183,0.00218303,0.01374035,2019-09-22,2391,top,True,2020,35
2026-04-10,1434220026,My Restaurant! 👨‍🍳,All,Simulation,Tycoon,698,880451867,2672495,1077783,98899,0.916,3.0354,0.00303537,0.01820965,2019-12-06,2317,established,False,,36
2026-04-10,1424449565,Super Golf!,Sports,Sports & Racing,Sports,493,247326444,958160,309655,78725,0.7973,3.8741,0.00387407,0.01915834,2019-11-29,2324,mid,False,,37
2026-04-10,83858907,Speed Run 4,Adventure,Obby & Platformer,,486,1721722549,4515023,1026229,363635,0.7384,2.6224,0.00262239,0.01198223,2014-10-20,4189,mid,False,,38
2026-04-10,3183403065,[🤹APRIL FOOL'S🤡] AA,All,Strategy,Tower Defense,112,2507588418,1395878,721112,65185,0.9171,0.5567,0.00055666,0.0024134,2021-12-21,1571,established,False,,39
2026-04-10,140239261,🏠 MeepCity 🏠,Town and City,Roleplay & Avatar Sim,,76,16270225750,14757547,2883554,514793,0.8485,0.907,0.00090703,0.00334312,2016-02-23,3698,top,True,2016,40
2026-04-10,81762198,[Sides] Vehicle Simulator,Town and City,Simulation,Vehicle Sim,8,665682025,3375707,1098937,133141,0.8919,5.0711,0.00507105,0.00993818,2014-08-08,4263,mid,False,,41
2026-04-10,1344222621,malymal91's Place,All,,,0,0,0,0,0,0.0,0.0,0.0,0.0,2019-09-29,2384,mid,False,,42
2026-04-10,67400893,efrenda's Place,All,,,0,0,0,0,0,0.0,0.0,0.0,0.0,2014-01-26,4456,lower_mid,False,,43
2026-04-10,1090335239,aleor3210's Place,All,,,0,0,0,0,0,0.0,0.0,0.0,0.0,2019-03-31,2567,lower_mid,False,,44
2026-04-10,2755335127,####'s Place,All,,,0,0,0,0,0,0.0,0.0,0.0,0.0,2021-07-19,1726,lower_mid,False,,45
2026-04-10,4494776745,chgcchfhcfvggjgvhc's Place,All,,,0,0,0,0,0,0.0,0.0,0.0,0.0,2023-03-19,1117,mid,False,,46
2026-04-10,4747349896,rgost1's Place,All,,,0,0,0,0,0,0.0,0.0,0.0,0.0,2023-06-07,1038,mid,False,,47
2026-04-10,1557606948,ProPro1052's Place,All,,,0,0,0,0,0,0.0,0.0,0.0,0.0,2020-02-17,2243,mid,False,,48
2026-04-11,383310974,[1.2X🍭] Adopt Me!,RPG,Roleplay & Avatar Sim,Pet Care,505063,43082403730,28806539,8975396,1499327,0.8569,0.6686,0.00066864,0.00752398,2017-07-14,3192,top,True,2019,1
2026-04-11,1686885941,Brookhaven 🏡RP,Town and City,Roleplay & Avatar Sim,Life,473283,81074758287,27007249,7929625,1301266,0.859,0.3331,0.00033312,0.00373934,2020-04-21,2181,top,True,2020,2
2026-04-11,994732206,[🥚] Blox Fruits,Adventure,RPG,Action RPG,444687,60579890184,18512884,11927144,1029868,0.9205,0.3056,0.00030559,0.00365841,2019-01-16,2642,top,True,2021,3
2026-04-11,6035872082,RIVALS,FPS,Shooter,Deathmatch Shooter,357435,13713686927,69138243,9075936,546011,0.9433,5.0416,0.00504155,0.0608067,2024-05-26,684,breakout,True,2025,4
2026-04-11,7326934954,[🐇] 99 Nights in the Forest 🔦,All,Survival,,295649,25877582519,7038089,4723109,487822,0.9064,0.272,0.00027198,0.00310534,2025-03-04,403,breakout,True,2026,5
2026-04-11,66654135,Murder Mystery 2,Horror,Survival,1 vs All,154752,24957306766,21625052,9455537,957328,0.9081,0.8665,0.00086648,0.00940217,2014-01-18,4465,top,True,2017,6
2026-04-11,5361032378,Sol's RNG[ x3 EGG DROPS!🥚],All,Simulation,Incremental Simulator,132955,1756314139,909976,1280524,129263,0.9083,0.5181,0.00051812,0.00555216,2023-12-03,860,breakout,True,2025,7
2026-04-11,7436755782,[🐰] Grow a Garden 🌶️,All,Simulation,Tycoon,112284,34947879471,10703355,9157977,1038701,0.8981,0.3063,0.00030627,0.00319871,2025-03-25,381,breakout,True,2025,8
2026-04-11,3808081382,The Strongest Battlegrounds,Fighting,Action,Battlegrounds & Fighting,89057,17506131492,6761791,4909331,950822,0.8377,0.3863,0.00038625,0.00368788,2022-08-02,1347,breakout,True,2024,9
2026-04-11,601130232,Bee Swarm Simulator,Adventure,Simulation,Incremental Simulator,51158,4334258584,6418815,2956081,137306,0.9556,1.4809,0.00148095,0.01534473,2018-03-21,2942,top,True,2018,10
2026-04-11,7018190066,Dead Rails [Beta],All,Adventure,Exploration,45740,6180698384,5597507,3238287,253466,0.9274,0.9056,0.00090564,0.00901278,2025-01-01,464,breakout,True,2025,11
2026-04-11,1831550657,🐣 Creatures of Sonaria 🐇 Survive Kaiju Animals,All,Roleplay & Avatar Sim,Animal Sim,33528,1902175550,9629862,1292700,106562,0.9238,5.0626,0.00506255,0.04873521,2020-06-25,2115,lower_mid,False,,12
2026-04-11,5750914919,Fisch 🐰 [EASTER],Adventure,Simulation,,28788,4361804908,3258298,2799380,299630,0.9033,0.747,0.00074701,0.00692849,2024-03-13,758,breakout,True,2025,13
2026-04-11,3317679266,PLS DONATE 💸,All,Social,,19679,4985098037,4183901,3543376,259331,0.9318,0.8393,0.00083928,0.00773236,2022-02-05,1525,breakout,True,2024,14
2026-04-11,210851291,Build A Boat For Treasure,Adventure,Simulation,Sandbox,18226,4961407589,8299403,3532253,253023,0.9332,1.6728,0.00167279,0.0153142,2016-11-02,3446,top,True,2017,15
2026-04-11,4777817887,Blade Ball,Fighting,Action,Battlegrounds & Fighting,17366,6084484314,12262880,8107326,558946,0.9355,2.0154,0.00201543,0.01840634,2023-06-17,1029,breakout,True,2024,16
2026-04-11,1176784616,[🐣] Tower Defense Simulator,All,Strategy,Tower Defense,15995,4635392551,3374263,1968450,125354,0.9401,0.7279,0.00072793,0.00662461,2019-06-05,2502,established,False,,17
2026-04-11,88070565,[🗺️] Welcome to Bloxburg,Town and City,Roleplay & Avatar Sim,Life,15468,9879424780,13839241,5555502,733236,0.8834,1.4008,0.00140081,0.01193753,2014-11-04,4176,established,False,,18
2026-04-11,1720936166,[UPD] All Star Tower Defense,All,Strategy,Tower Defense,14288,7747019557,2306907,1477745,129031,0.9197,0.2978,0.00029778,0.00262015,2020-05-07,2165,established,False,,19
2026-04-11,2440500124,DOORS  [APRIL FOOLS],Adventure,Survival,Escape,13727,7310529141,7741997,4483439,342438,0.929,1.059,0.00105902,0.00937355,2021-03-14,1854,breakout,True,2022,20
2026-04-11,1235188606,[EASTER 🐣] Dragon Adventures 🐉,Adventure,RPG,,13713,1552389862,12621375,1038012,74797,0.9328,8.1303,0.00813029,0.07224471,2019-07-15,2461,mid,False,,21
2026-04-11,73885730,Prison Life,Town and City,Action,Open World Action,10719,2855334036,5812277,1476684,257138,0.8517,2.0356,0.00203559,0.01608845,2014-05-02,4362,established,False,,22
2026-04-11,5650396773,a dusty trip [🚗SHOP],Adventure,Adventure,,10427,2261840515,1993031,1938241,211622,0.9016,0.8812,0.00088115,0.00735015,2024-02-16,784,mid,False,,23
2026-04-11,372226183,Flee the Facility,Horror,Survival,1 vs All,9395,5517532293,9418401,2636839,229013,0.9201,1.707,0.001707,0.0143678,2017-07-01,3206,lower_mid,False,,24
2026-04-11,245662005,JAILBREAK ,Town and City,Action,Open World Action,8817,7858342939,18535201,5740212,805236,0.877,2.3587,0.00235867,0.01879136,2017-01-06,3381,top,True,2017,25
2026-04-11,47545,🐰🍕Work at a Pizza Place,Town and City,Roleplay & Avatar Sim,Life,8121,5459887272,13269374,3373038,260199,0.9284,2.4303,0.00243034,0.02031184,2008-03-28,6587,established,False,,26
2026-04-11,1516533665,Piggy [LOVE HEARTS ❤️],Horror,Survival,,8075,14150059434,12071228,3965602,430610,0.902,0.8531,0.00085309,0.00692316,2020-01-23,2270,established,False,,27
2026-04-11,65241,Natural Disaster Survival,All,Survival,,7646,4201352531,11515639,4281720,433256,0.9081,2.7409,0.00274094,0.02225746,2008-03-28,6587,top,True,2014,28
2026-04-11,31970568,Theme Park Tycoon 2,Building,Simulation,Tycoon,6492,1554229214,6008209,2042233,254955,0.889,3.8657,0.00386572,0.0301688,2012-01-02,5213,established,False,,29
2026-04-11,321778215,Royale🌼High,All,Roleplay & Avatar Sim,Dress Up,6235,10379199097,13268869,3235319,531688,0.8589,1.2784,0.00127841,0.00959417,2017-04-10,3287,top,True,2018,30
2026-04-11,371263894,(🐰EASTER EVENT + LIMITED!) Greenville,Town and City,Roleplay & Avatar Sim,Life,5566,1350349553,2571049,996416,141556,0.8756,1.904,0.00190399,0.01437847,2017-06-28,3208,mid,False,,31
2026-04-11,903807016,Emergency Response: Liberty County,Town and City,Roleplay & Avatar Sim,Life,4823,1466863964,2752752,1140730,113108,0.9098,1.8766,0.00187662,0.01448052,2018-11-01,2717,mid,False,,32
2026-04-11,111958650,Arsenal,Fighting,Shooter,Deathmatch Shooter,3601,6181151051,11460019,5086809,657130,0.8856,1.854,0.00185403,0.01344607,2015-08-18,3889,established,False,,33
2026-04-11,1359573625,Deepwoken,RPG,RPG,Action RPG,3432,1525387221,989023,396701,60633,0.8674,0.6484,0.00064838,0.00457872,2019-10-12,2372,mid,False,,34
2026-04-11,113491250,Phantom Forces,FPS,Shooter,Deathmatch Shooter,2203,1762306988,5947476,2450178,247754,0.9082,3.3748,0.00337482,0.02359377,2015-08-31,3876,established,False,,35
2026-04-11,2404080894,[SILLY BILLY] Funky Friday,All,Action,Music & Rhythm,2156,1968344899,4069763,1947680,211631,0.902,2.0676,0.00206761,0.01431634,2021-02-26,1869,lower_mid,False,,36
2026-04-11,1511883870,Shinobi Life 2,All,RPG,Action RPG,2142,2650299435,3007162,2179346,144079,0.938,1.1346,0.00113465,0.00816305,2020-01-20,2272,established,False,,37
2026-04-11,1008451066,Da Hood 🔫,Town and City,Action,Open World Action,2018,2893789712,2983849,1284850,537261,0.7051,1.0311,0.00103112,0.00553341,2019-01-27,2631,established,False,,38
2026-04-11,2471084,🌳 Lumber Tycoon 2,Adventure,Simulation,Tycoon,1911,1291508343,4575194,2010350,282232,0.8769,3.5425,0.00354252,0.02347176,2009-07-30,6098,lower_mid,False,,39
2026-04-11,2316994223,Pet Simulator X! 🐾,All,Simulation,Incremental Simulator,1864,8973406672,5962128,4209392,394756,0.9143,0.6644,0.00066442,0.00457475,2021-01-22,1904,breakout,True,2022,40
2026-04-11,110181652,[🐰] Epic Minigames ✨,All,Party & Casual,Minigame,1604,2310450692,8255783,2208026,233046,0.9045,3.5732,0.00357323,0.02385576,2015-07-29,3909,lower_mid,False,,41
2026-04-11,2324662457,[🥚 EASTER UPD] Anime Fighters Simulator ,Adventure,Simulation,Incremental Simulator,1575,1326546811,1569256,1147847,86704,0.9298,1.183,0.00118296,0.00809804,2021-01-25,1901,mid,False,,42
2026-04-11,1335695570,⚡Ninja Legends,Fighting,Simulation,Incremental Simulator,1283,2141414997,4674658,1602916,130272,0.9248,2.183,0.00218298,0.01445073,2019-09-22,2392,top,True,2020,43
2026-04-11,1434220026,My Restaurant! 👨‍🍳,All,Simulation,Tycoon,870,880505160,2672525,1077854,98896,0.916,3.0352,0.00303522,0.01882051,2019-12-06,2318,established,False,,44
2026-04-11,848145103,Dungeon Quest! ⚔️ RPG Adventure,Fighting,RPG,Action RPG,784,2319229478,5805021,1155056,101985,0.9189,2.503,0.002503,0.01533057,2018-09-25,2754,mid,False,,45
2026-04-11,83858907,Speed Run 4,Adventure,Obby & Platformer,,566,1721847145,4515188,1026288,363658,0.7384,2.6223,0.00262229,0.01227627,2014-10-20,4190,mid,False,,46
2026-04-11,1424449565,Super Golf!,Sports,Sports & Racing,Sports,551,247422030,958564,309746,78739,0.7973,3.8742,0.00387421,0.01950238,2019-11-29,2325,mid,False,,47
2026-04-11,1168263273,[🎃] Bad Business | FPS ,FPS,Shooter,Deathmatch Shooter,172,545412703,2179475,776446,131128,0.8555,3.996,0.00399601,0.01761735,2019-05-29,2508,lower_mid,False,,48
2026-04-11,3183403065,[🤹APRIL FOOL'S🤡] AA,All,Strategy,Tower Defense,145,2507603422,1395825,721113,65187,0.9171,0.5566,0.00055664,0.00254408,2021-12-21,1572,established,False,,49
2026-04-11,140239261,🏠 MeepCity 🏠,Town and City,Roleplay & Avatar Sim,,126,16270274160,14757535,2883597,514815,0.8485,0.907,0.00090702,0.00372819,2016-02-23,3699,top,True,2016,50
2026-04-11,1077961373,Giant Simulator,All,Simulation,Incremental Simulator,59,163539024,588204,175805,32879,0.8424,3.5967,0.00359672,0.01240604,2019-03-22,2577,lower_mid,False,,51
2026-04-11,81762198,[Sides] Vehicle Simulator,Town and City,Simulation,Vehicle Sim,17,665684943,3375683,1098939,133140,0.8919,5.071,0.00507099,0.01307319,2014-08-08,4264,mid,False,,52
2026-04-11,1344222621,malymal91's Place,All,,,0,0,0,0,0,0.0,0.0,0.0,0.0,2019-09-29,2385,mid,False,,53
2026-04-11,67400893,efrenda's Place,All,,,0,0,0,0,0,0.0,0.0,0.0,0.0,2014-01-26,4457,lower_mid,False,,54
2026-04-11,1090335239,aleor3210's Place,All,,,0,0,0,0,0,0.0,0.0,0.0,0.0,2019-03-31,2568,lower_mid,False,,55
2026-04-11,2755335127,####'s Place,All,,,0,0,0,0,0,0.0,0.0,0.0,0.0,2021-07-19,1727,lower_mid,False,,56
2026-04-11,4494776745,chgcchfhcfvggjgvhc's Place,All,,,0,0,0,0,0,0.0,0.0,0.0,0.0,2023-03-19,1118,mid,False,,57
2026-04-11,4747349896,rgost1's Place,All,,,0,0,0,0,0,0.0,0.0,0.0,0.0,2023-06-07,1039,mid,False,,58
2026-04-11,1557606948,ProPro1052's Place,All,,,0,0,0,0,0,0.0,0.0,0.0,0.0,2020-02-17,2244,mid,False,,59
2026-04-11,498598030,puppyluver112232's Place,All,,,0,0,0,0,0,0.0,0.0,0.0,0.0,2017-12-05,3048,mid,False,,60
2026-04-12,383310974,[1.2X🍭] Adopt Me!,RPG,Roleplay & Avatar Sim,Pet Care,567364,43100676678,28813656,8980627,1499414,0.8569,0.6685,0.00066852,0.00758985,2017-07-14,3193,top,True,2019,1
2026-04-12,1686885941,Brookhaven 🏡RP,Town and City,Roleplay & Avatar Sim,Life,457407,81123229991,27025996,7934686,1302257,0.859,0.3331,0.00033315,0.00372987,2020-04-21,2182,top,True,2020,2
2026-04-12,994732206,[🥚] Blox Fruits,Adventure,RPG,Action RPG,422060,60616923963,18523751,11933647,1030285,0.9205,0.3056,0.00030559,0.00364367,2019-01-16,2643,top,True,2021,3
2026-04-12,6035872082,RIVALS,FPS,Shooter,Deathmatch Shooter,336272,13758425308,69368635,9091553,547758,0.9432,5.0419,0.0050419,0.06051562,2024-05-26,685,breakout,True,2025,4
2026-04-12,66654135,Murder Mystery 2,Horror,Survival,1 vs All,182395,24981870977,21637087,9461202,957918,0.9081,0.8661,0.00086611,0.0095274,2014-01-18,4466,top,True,2017,5
2026-04-12,3808081382,The Strongest Battlegrounds,Fighting,Action,Battlegrounds & Fighting,86814,17520960623,6766609,4911859,951536,0.8377,0.3862,0.0003862,0.00367899,2022-08-02,1349,breakout,True,2024,6
2026-04-12,5361032378,Sol's RNG [ Eon 1-19🥚],All,Simulation,Incremental Simulator,77465,1759856204,910823,1281801,129310,0.9084,0.5176,0.00051756,0.00529251,2023-12-03,861,breakout,True,2025,7
2026-04-12,601130232,Bee Swarm Simulator,Adventure,Simulation,Incremental Simulator,51212,4336578760,6419407,2956666,137347,0.9556,1.4803,0.00148029,0.01533936,2018-03-21,2943,top,True,2018,8
2026-04-12,5750914919,Fisch 🔱 [OLYMPUS],Adventure,Simulation,,43795,4365455912,3260729,2800648,299756,0.9033,0.7469,0.00074694,0.00721096,2024-03-13,759,breakout,True,2025,9
2026-04-12,1831550657,🐣 Creatures of Sonaria 🐇 Survive Kaiju Animals,All,Roleplay & Avatar Sim,Animal Sim,33230,1904818944,9646468,1293927,106640,0.9239,5.0642,0.00506424,0.04871054,2020-06-25,2116,lower_mid,False,,10
2026-04-12,3317679266,PLS DONATE 💸,All,Social,,19620,4988843961,4186801,3545414,259515,0.9318,0.8392,0.00083923,0.0077295,2022-02-05,1526,breakout,True,2024,11
2026-04-12,210851291,Build A Boat For Treasure,Adventure,Simulation,Sandbox,18878,4963115867,8300770,3533163,253109,0.9332,1.6725,0.00167249,0.01536622,2016-11-02,3447,top,True,2017,12
2026-04-12,4777817887,Blade Ball,Fighting,Action,Battlegrounds & Fighting,18759,6087315664,12268959,8110224,559214,0.9355,2.0155,0.0020155,0.01855223,2023-06-17,1030,breakout,True,2024,13
2026-04-12,88070565,[🗺️] Welcome to Bloxburg,Town and City,Roleplay & Avatar Sim,Life,17087,9881215483,13840212,5556137,733253,0.8834,1.4007,0.00140066,0.01205949,2014-11-04,4177,established,False,,14
2026-04-12,1720936166,[UPD] All Star Tower Defense,All,Strategy,Tower Defense,15701,7750660312,2307308,1478100,129071,0.9197,0.2977,0.00029769,0.00264518,2020-05-07,2166,established,False,,15
2026-04-12,2440500124,DOORS  [APRIL FOOLS],Adventure,Survival,Escape,14293,7313099619,7743954,4484627,342515,0.929,1.0589,0.00105892,0.0094124,2021-03-14,1855,breakout,True,2022,16
2026-04-12,1235188606,[EASTER 🐣] Dragon Adventures 🐉,Adventure,RPG,,12985,1553552112,12632945,1038503,74812,0.9328,8.1317,0.00813165,0.07184442,2019-07-15,2462,mid,False,,17
2026-04-12,5650396773,a dusty trip [🛒SHOPS],Adventure,Adventure,,10970,2263492423,1994371,1938818,211707,0.9016,0.8811,0.0008811,0.00738998,2024-02-16,785,mid,False,,18
2026-04-12,372226183,Flee the Facility,Horror,Survival,1 vs All,10165,5520710145,9420593,2638007,229110,0.9201,1.7064,0.00170641,0.01448656,2017-07-01,3207,lower_mid,False,,19
2026-04-12,245662005,JAILBREAK ,Town and City,Action,Open World Action,9677,7859625954,18535824,5740613,805290,0.877,2.3584,0.00235836,0.0189814,2017-01-06,3382,top,True,2017,20
2026-04-12,1516533665,Piggy [LOVE HEARTS ❤️],Horror,Survival,,8760,14151886211,12072604,3966374,430654,0.9021,0.8531,0.00085307,0.00698577,2020-01-23,2271,established,False,,21
2026-04-12,47545,🐰🍕Work at a Pizza Place,Town and City,Roleplay & Avatar Sim,Life,8610,5460975413,13271689,3373847,260226,0.9284,2.4303,0.00243028,0.02044344,2008-03-28,6588,established,False,,22
2026-04-12,65241,Natural Disaster Survival,All,Survival,,8356,4203591260,11517926,4282713,433437,0.9081,2.74,0.00274002,0.02247057,2008-03-28,6588,top,True,2014,23
2026-04-12,31970568,Theme Park Tycoon 2,Building,Simulation,Tycoon,7511,1554712449,6008749,2042526,254970,0.889,3.8649,0.00386486,0.0306633,2012-01-02,5214,established,False,,24
2026-04-12,321778215,Royale🌼High,All,Roleplay & Avatar Sim,Dress Up,6054,10379727752,13269059,3235516,531720,0.8589,1.2784,0.00127836,0.00956148,2017-04-10,3288,top,True,2018,25
2026-04-12,1359573625,Deepwoken,RPG,RPG,Action RPG,3705,1526115857,989190,396759,60644,0.8674,0.6482,0.00064817,0.00462031,2019-10-12,2373,mid,False,,26
2026-04-12,111958650,Arsenal,Fighting,Shooter,Deathmatch Shooter,3578,6182108112,11460378,5087149,657224,0.8856,1.8538,0.0018538,0.01343378,2015-08-18,3890,established,False,,27
2026-04-12,1511883870,Shinobi Life 2,All,RPG,Action RPG,2328,2650507384,3007531,2179525,144082,0.938,1.1347,0.0011347,0.00825203,2020-01-20,2273,established,False,,28
2026-04-12,113491250,Phantom Forces,FPS,Shooter,Deathmatch Shooter,2326,1762602010,5947696,2450286,247784,0.9082,3.3744,0.00337438,0.02375695,2015-08-31,3877,established,False,,29
2026-04-12,1008451066,Da Hood 🔫,Town and City,Action,Open World Action,2144,2894142526,2983879,1284927,537300,0.7051,1.031,0.00103101,0.00557678,2019-01-27,2632,established,False,,30
2026-04-12,2316994223,Pet Simulator X! 🐾,All,Simulation,Incremental Simulator,2002,8973572662,5962115,4209493,394763,0.9143,0.6644,0.00066441,0.00461802,2021-01-22,1905,breakout,True,2022,31
2026-04-12,2404080894,[SILLY BILLY] Funky Friday,All,Action,Music & Rhythm,1915,1968736197,4069982,1947956,211700,0.902,2.0673,0.00206731,0.01409309,2021-02-26,1870,lower_mid,False,,32
2026-04-12,2471084,🌳 Lumber Tycoon 2,Adventure,Simulation,Tycoon,1867,1291652503,4575367,2010449,282235,0.8769,3.5423,0.00354226,0.02339782,2009-07-30,6099,lower_mid,False,,33
2026-04-12,110181652,[🐰] Epic Minigames ✨,All,Party & Casual,Minigame,1739,2310712036,8257208,2208415,233066,0.9045,3.5734,0.00357345,0.02411843,2015-07-29,3910,lower_mid,False,,34
2026-04-12,1335695570,⚡Ninja Legends,Fighting,Simulation,Incremental Simulator,1274,2141553790,4674822,1603036,130278,0.9248,2.1829,0.00218291,0.01443613,2019-09-22,2393,top,True,2020,35
2026-04-12,1434220026,My Restaurant! 👨‍🍳,All,Simulation,Tycoon,947,880566319,2672536,1077930,98899,0.916,3.035,0.00303502,0.01905484,2019-12-06,2319,established,False,,36
2026-04-12,83858907,Speed Run 4,Adventure,Obby & Platformer,,638,1721987605,4515334,1026353,363684,0.7384,2.6222,0.00262216,0.01250709,2014-10-20,4191,mid,False,,37
2026-04-12,1424449565,Super Golf!,Sports,Sports & Racing,Sports,555,247521986,958986,309839,78768,0.7973,3.8743,0.00387435,0.01952512,2019-11-29,2326,mid,False,,38
2026-04-12,3183403065,[🤹APRIL FOOL'S🤡] AA,All,Strategy,Tower Defense,157,2507621013,1395751,721116,65194,0.9171,0.5566,0.0005566,0.00258423,2021-12-21,1573,established,False,,39
2026-04-12,140239261,🏠 MeepCity 🏠,Town and City,Roleplay & Avatar Sim,,105,16270329716,14757487,2883644,514851,0.8485,0.907,0.00090702,0.00358903,2016-02-23,3700,top,True,2016,40
2026-04-12,81762198,[Sides] Vehicle Simulator,Town and City,Simulation,Vehicle Sim,12,665688436,3375652,1098944,133141,0.8919,5.0709,0.00507092,0.01160113,2014-08-08,4265,mid,False,,41
2026-04-12,1344222621,malymal91's Place,All,,,0,0,0,0,0,0.0,0.0,0.0,0.0,2019-09-29,2386,mid,False,,42
2026-04-12,67400893,efrenda's Place,All,,,0,0,0,0,0,0.0,0.0,0.0,0.0,2014-01-26,4458,lower_mid,False,,43
2026-04-12,1090335239,aleor3210's Place,All,,,0,0,0,0,0,0.0,0.0,0.0,0.0,2019-03-31,2569,lower_mid,False,,44
2026-04-12,2755335127,####'s Place,All,,,0,0,0,0,0,0.0,0.0,0.0,0.0,2021-07-19,1728,lower_mid,False,,45
2026-04-12,4494776745,chgcchfhcfvggjgvhc's Place,All,,,0,0,0,0,0,0.0,0.0,0.0,0.0,2023-03-19,1119,mid,False,,46
2026-04-12,4747349896,rgost1's Place,All,,,0,0,0,0,0,0.0,0.0,0.0,0.0,2023-06-07,1040,mid,False,,47
2026-04-12,1557606948,ProPro1052's Place,All,,,0,0,0,0,0,0.0,0.0,0.0,0.0,2020-02-17,2245,mid,False,,48
2026-04-13,383310974,[1.2X🍭] Adopt Me!,RPG,Roleplay & Avatar Sim,Pet Care,536216,43118827133,28820356,8985374,1499462,0.857,0.6684,0.00066839,0.00755661,2017-07-14,3194,top,True,2019,1
2026-04-13,994732206,Blox Fruits,Adventure,RPG,Action RPG,353273,60647273746,18533164,11939526,1030618,0.9205,0.3056,0.00030559,0.0035937,2019-01-16,2644,top,True,2021,2
2026-04-13,1686885941,Brookhaven 🏡RP,Town and City,Roleplay & Avatar Sim,Life,309412,81165590907,27042512,7939215,1303086,0.859,0.3332,0.00033318,0.00361829,2020-04-21,2183,top,True,2020,3
2026-04-13,6035872082,RIVALS,FPS,Shooter,Deathmatch Shooter,239362,13795856379,69567499,9105738,549093,0.9431,5.0426,0.00504264,0.05890471,2024-05-26,686,breakout,True,2025,4
2026-04-13,7326934954,[🐇] 99 Nights in the Forest 🔦,All,Survival,,198704,25941620483,7072453,4733559,489601,0.9063,0.2726,0.00027263,0.0030142,2025-03-04,405,breakout,True,2026,5
2026-04-13,7436755782,[🍭] Grow a Garden 🌶️,All,Simulation,Tycoon,166773,34988940213,10726494,9175891,1038635,0.8983,0.3066,0.00030657,0.00331147,2025-03-25,383,breakout,True,2025,6
2026-04-13,66654135,Murder Mystery 2,Horror,Survival,1 vs All,134842,25005796941,21648039,9466432,958568,0.9081,0.8657,0.00086572,0.00928553,2014-01-18,4468,top,True,2017,7
2026-04-13,3808081382,The Strongest Battlegrounds,Fighting,Action,Battlegrounds & Fighting,64826,17533483930,6770788,4914059,952134,0.8377,0.3862,0.00038616,0.00358405,2022-08-02,1350,breakout,True,2024,8
2026-04-13,5361032378,Sol's RNG [ Eon 1-19🥚],All,Simulation,Incremental Simulator,64814,1762664101,911487,1282780,129378,0.9084,0.5171,0.00051711,0.00520429,2023-12-03,862,breakout,True,2025,9
2026-04-13,601130232,Bee Swarm Simulator,Adventure,Simulation,Incremental Simulator,47479,4338833114,6419961,2957181,137351,0.9556,1.4797,0.00147965,0.0152258,2018-03-21,2944,top,True,2018,10
2026-04-13,5750914919,Fisch 🔱 [OLYMPUS],Adventure,Simulation,,33011,4367911869,3262936,2801611,299877,0.9033,0.747,0.00074702,0.007021,2024-03-13,760,breakout,True,2025,11
2026-04-13,7018190066,Dead Rails [Beta],All,Adventure,Exploration,28580,6190987277,5606401,3241212,253930,0.9273,0.9056,0.00090557,0.00861659,2025-01-01,466,breakout,True,2025,12
2026-04-13,1831550657,🐣 Creatures of Sonaria 🐇 Survive Kaiju Animals,All,Roleplay & Avatar Sim,Animal Sim,23625,1907182490,9661562,1295111,106759,0.9238,5.0659,0.00506588,0.047129,2020-06-25,2117,lower_mid,False,,13
2026-04-13,3317679266,PLS DONATE 💸,All,Social,,15804,4992295603,4189445,3547309,259694,0.9318,0.8392,0.00083918,0.00755983,2022-02-05,1527,breakout,True,2024,14
2026-04-13,4777817887,Blade Ball,Fighting,Action,Battlegrounds & Fighting,14143,6089807230,12274397,8112924,559409,0.9355,2.0156,0.00201556,0.01802029,2023-06-17,1031,breakout,True,2024,15
2026-04-13,88070565,[🗺️] Welcome to Bloxburg,Town and City,Roleplay & Avatar Sim,Life,12096,9882868808,13841095,5556745,733250,0.8834,1.4005,0.00140051,0.01163104,2014-11-04,4178,established,False,,16
2026-04-13,210851291,Build A Boat For Treasure,Adventure,Simulation,Sandbox,11862,4964630133,8301863,3533983,253160,0.9332,1.6722,0.0016722,0.01463858,2016-11-02,3448,top,True,2017,17
2026-04-13,1720936166,[UPD] All Star Tower Defense,All,Strategy,Tower Defense,11422,7753878927,2307616,1478395,129082,0.9197,0.2976,0.00029761,0.00255738,2020-05-07,2167,established,False,,18
2026-04-13,1176784616,[🐣] Tower Defense Simulator,All,Strategy,Tower Defense,10119,4639266577,3375912,1970019,125445,0.9401,0.7277,0.00072768,0.00630913,2019-06-05,2504,established,False,,19
2026-04-13,1235188606,[EASTER 🐣] Dragon Adventures 🐉,Adventure,RPG,,9566,1554575103,12642536,1038922,74826,0.9328,8.1325,0.00813247,0.06953475,2019-07-15,2463,mid,False,,20
2026-04-13,372226183,Flee the Facility,Horror,Survival,1 vs All,8540,5523825119,9422682,2639129,229219,0.9201,1.7058,0.00170583,0.01420818,2017-07-01,3208,lower_mid,False,,21
2026-04-13,73885730,Prison Life,Town and City,Action,Open World Action,8255,2858598199,5815218,1477854,257390,0.8517,2.0343,0.00203429,0.01562527,2014-05-02,4364,established,False,,22
2026-04-13,2440500124,DOORS  [APRIL FOOLS],Adventure,Survival,Escape,7695,7315264754,7745741,4485614,342584,0.929,1.0588,0.00105885,0.00880274,2021-03-14,1856,breakout,True,2022,23
2026-04-13,5650396773,a dusty trip [🛒SHOPS],Adventure,Adventure,,6607,2265074731,1995730,1939338,211788,0.9015,0.8811,0.00088109,0.00698705,2024-02-16,786,mid,False,,24
2026-04-13,245662005,JAILBREAK ,Town and City,Action,Open World Action,6414,7860896054,18536323,5740959,805342,0.877,2.358,0.00235804,0.01812846,2017-01-06,3383,top,True,2017,25
2026-04-13,65241,Natural Disaster Survival,All,Survival,,5951,4205691738,11520073,4283705,433611,0.9081,2.7392,0.00273916,0.02161903,2008-03-28,6589,top,True,2014,26
2026-04-13,1516533665,Piggy [LOVE HEARTS ❤️],Horror,Survival,,5636,14153641436,12073878,3967092,430706,0.9021,0.8531,0.00085306,0.00664636,2020-01-23,2272,established,False,,27
2026-04-13,47545,🐰🍕Work at a Pizza Place,Town and City,Roleplay & Avatar Sim,Life,5496,5461906469,13273517,3374510,260251,0.9284,2.4302,0.0024302,0.01943026,2008-03-28,6589,established,False,,28
2026-04-13,321778215,Royale🌼High,All,Roleplay & Avatar Sim,Dress Up,5257,10380238078,13269248,3235702,531747,0.8589,1.2783,0.00127832,0.00940621,2017-04-10,3289,top,True,2018,29
2026-04-13,31970568,Theme Park Tycoon 2,Building,Simulation,Tycoon,4670,1555158692,6009314,2042814,254974,0.889,3.8641,0.00386412,0.02902558,2012-01-02,5215,established,False,,30
2026-04-13,371263894,(🐰EASTER EVENT + LIMITED!) Greenville,Town and City,Roleplay & Avatar Sim,Life,3654,1351669962,2572253,997093,141627,0.8756,1.903,0.00190302,0.01367035,2017-06-28,3210,mid,False,,31
2026-04-13,903807016,Emergency Response: Liberty County,Town and City,Roleplay & Avatar Sim,Life,3163,1468403670,2753603,1141230,113171,0.9098,1.8752,0.00187524,0.0137501,2018-11-01,2719,mid,False,,32
2026-04-13,111958650,Arsenal,Fighting,Shooter,Deathmatch Shooter,2913,6182976248,11460666,5087422,657288,0.8856,1.8536,0.00185358,0.01309474,2015-08-18,3891,established,False,,33
2026-04-13,1359573625,Deepwoken,RPG,RPG,Action RPG,2318,1526766279,989397,396834,60658,0.8674,0.648,0.00064803,0.00435575,2019-10-12,2374,mid,False,,34
2026-04-13,2324662457,[☀️ SEAVEN DEADLY SINS] Anime Fighters Simulator ,Adventure,Simulation,Incremental Simulator,2109,1326751631,1569281,1147945,86704,0.9298,1.1828,0.0011828,0.00841787,2021-01-25,1903,mid,False,,35
2026-04-13,113491250,Phantom Forces,FPS,Shooter,Deathmatch Shooter,1805,1762878800,5947942,2450415,247812,0.9082,3.374,0.00337399,0.02297742,2015-08-31,3878,established,False,,36
2026-04-13,1511883870,Shinobi Life 2,All,RPG,Action RPG,1623,2650698387,3007671,2179697,144099,0.938,1.1347,0.00113467,0.00786807,2020-01-20,2274,established,False,,37
2026-04-13,2316994223,Pet Simulator X! 🐾,All,Simulation,Incremental Simulator,1488,8973730698,5962087,4209608,394765,0.9143,0.6644,0.00066439,0.0044378,2021-01-22,1906,breakout,True,2022,38
2026-04-13,1008451066,Da Hood 🔫,Town and City,Action,Open World Action,1409,2894461895,2983917,1284992,537342,0.7051,1.0309,0.00103091,0.00527121,2019-01-27,2633,established,False,,39
2026-04-13,2404080894,[SILLY BILLY] Funky Friday,All,Action,Music & Rhythm,1313,1969037304,4070140,1948130,211729,0.902,2.0671,0.00206707,0.01338821,2021-02-26,1871,lower_mid,False,,40
2026-04-13,2471084,🌳 Lumber Tycoon 2,Adventure,Simulation,Tycoon,1297,1291791331,4575537,2010534,282243,0.8769,3.542,0.00354201,0.0222655,2009-07-30,6100,lower_mid,False,,41
2026-04-13,110181652,[🐰] Epic Minigames ✨,All,Party & Casual,Minigame,1203,2310959178,8258723,2208801,233077,0.9046,3.5737,0.00357372,0.02293021,2015-07-29,3911,lower_mid,False,,42
2026-04-13,1335695570,⚡Ninja Legends,Fighting,Simulation,Incremental Simulator,918,2141679599,4674987,1603163,130283,0.9248,2.1829,0.00218286,0.01377485,2019-09-22,2394,top,True,2020,43
2026-04-13,1434220026,My Restaurant! 👨‍🍳,All,Simulation,Tycoon,696,880622744,2672575,1078006,98896,0.916,3.0349,0.00303487,0.01819906,2019-12-06,2320,established,False,,44
2026-04-13,848145103,Dungeon Quest! ⚔️ RPG Adventure,Fighting,RPG,Action RPG,645,2319459169,5806342,1155166,101990,0.9189,2.5033,0.00250332,0.01488432,2018-09-25,2756,mid,False,,45
2026-04-13,83858907,Speed Run 4,Adventure,Obby & Platformer,,448,1722105451,4515492,1026404,363722,0.7384,2.6221,0.00262208,0.01182331,2014-10-20,4192,mid,False,,46
2026-04-13,1424449565,Super Golf!,Sports,Sports & Racing,Sports,347,247604279,959303,309912,78790,0.7973,3.8743,0.00387434,0.01807751,2019-11-29,2327,mid,False,,47
2026-04-13,3183403065,[🤹APRIL FOOL'S🤡] AA,All,Strategy,Tower Defense,142,2507637702,1395705,721130,65195,0.9171,0.5566,0.00055658,0.00253321,2021-12-21,1574,established,False,,48
2026-04-13,1168263273,[🎃] Bad Business | FPS ,FPS,Shooter,Deathmatch Shooter,121,545484925,2179459,776481,131147,0.8555,3.9955,0.00399545,0.01642078,2019-05-29,2510,lower_mid,False,,49
2026-04-13,1077961373,Giant Simulator,All,Simulation,Incremental Simulator,54,163542695,588197,175809,32879,0.8424,3.5966,0.0035966,0.01214201,2019-03-22,2579,lower_mid,False,,50
2026-04-13,140239261,🏠 MeepCity 🏠,Town and City,Roleplay & Avatar Sim,,48,16270378349,14757440,2883675,514874,0.8485,0.907,0.00090701,0.00299515,2016-02-23,3701,top,True,2016,51
2026-04-13,81762198,[Sides] Vehicle Simulator,Town and City,Simulation,Vehicle Sim,10,665691693,3375636,1098950,133142,0.8919,5.0709,0.00507087,0.01084545,2014-08-08,4266,mid,False,,52
2026-04-13,1344222621,malymal91's Place,All,,,0,0,0,0,0,0.0,0.0,0.0,0.0,2019-09-29,2387,mid,False,,53
2026-04-13,67400893,efrenda's Place,All,,,0,0,0,0,0,0.0,0.0,0.0,0.0,2014-01-26,4459,lower_mid,False,,54
2026-04-13,1090335239,aleor3210's Place,All,,,0,0,0,0,0,0.0,0.0,0.0,0.0,2019-03-31,2570,lower_mid,False,,55
2026-04-13,2755335127,####'s Place,All,,,0,0,0,0,0,0.0,0.0,0.0,0.0,2021-07-19,1729,lower_mid,False,,56
2026-04-13,4494776745,chgcchfhcfvggjgvhc's Place,All,,,0,0,0,0,0,0.0,0.0,0.0,0.0,2023-03-19,1120,mid,False,,57
2026-04-13,4747349896,rgost1's Place,All,,,0,0,0,0,0,0.0,0.0,0.0,0.0,2023-06-07,1041,mid,False,,58
2026-04-13,1557606948,ProPro1052's Place,All,,,0,0,0,0,0,0.0,0.0,0.0,0.0,2020-02-17,2246,mid,False,,59
2026-04-13,498598030,puppyluver112232's Place,All,,,0,0,0,0,0,0.0,0.0,0.0,0.0,2017-12-05,3050,mid,False,,60
2026-04-14,383310974,[😻] Adopt Me!,RPG,Roleplay & Avatar Sim,Pet Care,475557,43135533801,28826072,8989875,1499461,0.857,0.6683,0.00066827,0.00748697,2017-07-14,3195,top,True,2019,1
2026-04-14,994732206,Blox Fruits,Adventure,RPG,Action RPG,332430,60672950309,18541260,11944391,1030861,0.9206,0.3056,0.00030559,0.00357669,2019-01-16,2645,top,True,2021,2
2026-04-14,1686885941,Brookhaven 🏡RP,Town and City,Roleplay & Avatar Sim,Life,281163,81196953285,27055353,7942575,1303663,0.859,0.3332,0.00033321,0.0035912,2020-04-21,2184,top,True,2020,3
2026-04-14,6035872082,RIVALS,FPS,Shooter,Deathmatch Shooter,215750,13824590235,69711702,9115463,550188,0.9431,5.0426,0.00504259,0.05840713,2024-05-26,687,breakout,True,2025,4
2026-04-14,7326934954,[🐇] 99 Nights in the Forest 🔦,All,Survival,,183889,25959539543,7083554,4736412,490024,0.9062,0.2729,0.00027287,0.00299761,2025-03-04,406,breakout,True,2026,5
2026-04-14,7436755782,[🍭] Grow a Garden 🌶️,All,Simulation,Tycoon,148339,35003398854,10734261,9181173,1038666,0.8984,0.3067,0.00030666,0.00328041,2025-03-25,384,breakout,True,2025,6
2026-04-14,66654135,Murder Mystery 2,Horror,Survival,1 vs All,121391,25025552089,21657205,9470770,959035,0.908,0.8654,0.0008654,0.00919952,2014-01-18,4468,top,True,2017,7
2026-04-14,5361032378,Sol's RNG [ Eon 1-19🥚],All,Simulation,Incremental Simulator,63802,1765176281,912008,1283588,129408,0.9084,0.5167,0.00051667,0.00519266,2023-12-03,863,breakout,True,2025,8
2026-04-14,3808081382,The Strongest Battlegrounds,Fighting,Action,Battlegrounds & Fighting,61159,17543296333,6773994,4915690,952631,0.8377,0.3861,0.00038613,0.0035648,2022-08-02,1351,breakout,True,2024,9
2026-04-14,601130232,Bee Swarm Simulator,Adventure,Simulation,Incremental Simulator,45562,4340827547,6420379,2957548,137369,0.9556,1.4791,0.00147907,0.01516154,2018-03-21,2945,top,True,2018,10
2026-04-14,5750914919,Fisch 🔱 [OLYMPUS],Adventure,Simulation,,29509,4369683110,3264957,2802327,299946,0.9033,0.7472,0.00074718,0.00694683,2024-03-13,761,breakout,True,2025,11
2026-04-14,7018190066,Dead Rails [Beta],All,Adventure,Exploration,26216,6194271929,5609806,3242179,254092,0.9273,0.9056,0.00090564,0.00854453,2025-01-01,467,breakout,True,2025,12
2026-04-14,1235188606,[EASTER 🐣] Dragon Adventures 🐉,Adventure,RPG,,23406,1556778348,12705638,1041080,74907,0.9329,8.1615,0.00816149,0.07659965,2019-07-15,2464,mid,False,,13
2026-04-14,1831550657,🐣 Creatures of Sonaria 🐇 Survive Kaiju Animals,All,Roleplay & Avatar Sim,Animal Sim,22320,1908981211,9671097,1295936,106819,0.9239,5.0661,0.0050661,0.0468654,2020-06-25,2118,lower_mid,False,,14
2026-04-14,3317679266,PLS DONATE 💸,All,Social,,14599,4995047207,4191487,3548712,259825,0.9318,0.8391,0.00083913,0.00749729,2022-02-05,1528,breakout,True,2024,15
2026-04-14,4777817887,Blade Ball,Fighting,Action,Battlegrounds & Fighting,13187,6091724952,12278461,8114769,559537,0.9355,2.0156,0.0020156,0.01788862,2023-06-17,1032,breakout,True,2024,16
2026-04-14,88070565,[🗺️] Welcome to Bloxburg,Town and City,Roleplay & Avatar Sim,Life,10993,9883972687,13841721,5557201,733256,0.8834,1.4004,0.00140042,0.01151208,2014-11-04,4179,established,False,,17
2026-04-14,1720936166,[UPD] All Star Tower Defense,All,Strategy,Tower Defense,10990,7756509058,2307858,1478594,129095,0.9197,0.2975,0.00029754,0.00254623,2020-05-07,2168,established,False,,18
2026-04-14,210851291,Build A Boat For Treasure,Adventure,Simulation,Sandbox,10911,4965700824,8302795,3534553,253212,0.9332,1.672,0.00167203,0.01450664,2016-11-02,3449,top,True,2017,19
2026-04-14,1176784616,[🐣] Tower Defense Simulator,All,Strategy,Tower Defense,9200,4640554486,3376432,1970547,125482,0.9401,0.7276,0.00072759,0.00624322,2019-06-05,2505,established,False,,20
2026-04-14,372226183,Flee the Facility,Horror,Survival,1 vs All,8032,5526112836,9424187,2639889,229297,0.9201,1.7054,0.00170539,0.01410829,2017-07-01,3209,lower_mid,False,,21
2026-04-14,73885730,Prison Life,Town and City,Action,Open World Action,7769,2859817493,5816270,1478254,257497,0.8517,2.0338,0.00203379,0.01551601,2014-05-02,4365,established,False,,22
2026-04-14,2440500124,DOORS  [APRIL FOOLS],Adventure,Survival,Escape,6788,7316728910,7747012,4486338,342625,0.929,1.0588,0.00105881,0.0086791,2021-03-14,1857,breakout,True,2022,23
2026-04-14,245662005,JAILBREAK ,Town and City,Action,Open World Action,5810,7861880264,18536720,5741251,805376,0.877,2.3578,0.0023578,0.01792213,2017-01-06,3384,top,True,2017,24
2026-04-14,5650396773,a dusty trip [🛒SHOPS],Adventure,Adventure,,5804,2266132617,1996580,1939649,211828,0.9015,0.8811,0.00088105,0.00688383,2024-02-16,787,mid,False,,25
2026-04-14,65241,Natural Disaster Survival,All,Survival,,5619,4207289520,11521713,4284420,433754,0.9081,2.7385,0.00273851,0.02147085,2008-03-28,6590,top,True,2014,26
2026-04-14,47545,🍕Work at a Pizza Place,Town and City,Roleplay & Avatar Sim,Life,5360,5462603956,13274909,3374998,260274,0.9284,2.4301,0.00243014,0.01937337,2008-03-28,6590,established,False,,27
2026-04-14,1516533665,Piggy [LOVE HEARTS ❤️],Horror,Survival,,4999,14154803322,12074772,3967604,430742,0.9021,0.8531,0.00085305,0.00655406,2020-01-23,2273,established,False,,28
2026-04-14,321778215,Royale🌼High,All,Roleplay & Avatar Sim,Dress Up,4274,10380629556,13269382,3235819,531770,0.8589,1.2783,0.00127828,0.00917872,2017-04-10,3290,top,True,2018,29
2026-04-14,31970568,Theme Park Tycoon 2,Building,Simulation,Tycoon,4239,1555476003,6009737,2043040,254984,0.889,3.8636,0.0038636,0.0286894,2012-01-02,5216,established,False,,30
2026-04-14,371263894,(🐰EASTER EVENT!) Greenville,Town and City,Roleplay & Avatar Sim,Life,3230,1352109466,2572636,997306,141643,0.8756,1.9027,0.00190268,0.01346268,2017-06-28,3211,mid,False,,31
2026-04-14,111958650,Arsenal,Fighting,Shooter,Deathmatch Shooter,2865,6183663466,11460898,5087646,657316,0.8856,1.8534,0.00185342,0.01306629,2015-08-18,3892,established,False,,32
2026-04-14,903807016,Emergency Response: Liberty County,Town and City,Roleplay & Avatar Sim,Life,2789,1468924566,2753892,1141376,113193,0.9098,1.8748,0.00187477,0.01353202,2018-11-01,2720,mid,False,,33
2026-04-14,1359573625,Deepwoken,RPG,RPG,Action RPG,2399,1527264440,989641,396955,60681,0.8674,0.648,0.00064798,0.00437466,2019-10-12,2375,mid,False,,34
2026-04-14,2324662457,[☀️ SEAVEN DEADLY SINS] Anime Fighters Simulator ,Adventure,Simulation,Incremental Simulator,2024,1326826344,1569270,1147979,86706,0.9298,1.1827,0.00118272,0.00837213,2021-01-25,1904,mid,False,,35
2026-04-14,113491250,Phantom Forces,FPS,Shooter,Deathmatch Shooter,1825,1763110185,5948103,2450481,247838,0.9082,3.3736,0.00337364,0.0230086,2015-08-31,3879,established,False,,36
2026-04-14,1511883870,Shinobi Life 2,All,RPG,Action RPG,1491,2650833880,3007766,2179802,144111,0.938,1.1346,0.00113465,0.00777767,2020-01-20,2275,established,False,,37
2026-04-14,1008451066,Da Hood 🔫,Town and City,Action,Open World Action,1433,2894698139,2983990,1285055,537369,0.7051,1.0308,0.00103085,0.00528317,2019-01-27,2634,established,False,,38
2026-04-14,2316994223,Pet Simulator X! 🐾,All,Simulation,Incremental Simulator,1403,8973861102,5962079,4209679,394767,0.9143,0.6644,0.00066438,0.00440203,2021-01-22,1907,breakout,True,2022,39
2026-04-14,2404080894,[SILLY BILLY] Funky Friday,All,Action,Music & Rhythm,1323,1969287592,4070334,1948252,211760,0.902,2.0669,0.00206691,0.01340117,2021-02-26,1872,lower_mid,False,,40
2026-04-14,110181652,[🐰] Epic Minigames ✨,All,Party & Casual,Minigame,1288,2311167447,8259982,2209091,233095,0.9046,3.5739,0.00357394,0.02315229,2015-07-29,3912,lower_mid,False,,41
2026-04-14,2471084,🌳 Lumber Tycoon 2,Adventure,Simulation,Tycoon,1225,1291898200,4575680,2010610,282257,0.8769,3.5418,0.00354183,0.02208708,2009-07-30,6101,lower_mid,False,,42
2026-04-14,1335695570,⚡Ninja Legends,Fighting,Simulation,Incremental Simulator,845,2141774705,4675089,1603261,130287,0.9248,2.1828,0.00218281,0.01360748,2019-09-22,2395,top,True,2020,43
2026-04-14,1434220026,My Restaurant! 👨‍🍳,All,Simulation,Tycoon,639,880665823,2672604,1078051,98897,0.916,3.0348,0.00303475,0.01796126,2019-12-06,2321,established,False,,44
2026-04-14,848145103,Dungeon Quest! ⚔️ RPG Adventure,Fighting,RPG,Action RPG,607,2319540805,5806786,1155202,101992,0.9189,2.5034,0.00250342,0.01474549,2018-09-25,2757,mid,False,,45
2026-04-14,83858907,Speed Run 4,Adventure,Obby & Platformer,,445,1722195042,4515633,1026446,363737,0.7384,2.622,0.00262202,0.01181008,2014-10-20,4193,mid,False,,46
2026-04-14,1424449565,Super Golf!,Sports,Sports & Racing,Sports,358,247667080,959516,309965,78803,0.7973,3.8742,0.00387422,0.01817309,2019-11-29,2328,mid,False,,47
2026-04-14,1168263273,[🎃] Bad Business | FPS ,FPS,Shooter,Deathmatch Shooter,140,545510392,2179470,776497,131154,0.8555,3.9953,0.00399529,0.01691473,2019-05-29,2511,lower_mid,False,,48
2026-04-14,3183403065,[🤹APRIL FOOL'S🤡] AA,All,Strategy,Tower Defense,138,2507653105,1395651,721133,65194,0.9171,0.5566,0.00055656,0.00251862,2021-12-21,1575,established,False,,49
2026-04-14,140239261,🏠 MeepCity 🏠,Town and City,Roleplay & Avatar Sim,,68,16270412489,14757407,2883709,514891,0.8485,0.907,0.00090701,0.00325855,2016-02-23,3702,top,True,2016,50
2026-04-14,1077961373,Giant Simulator,All,Simulation,Incremental Simulator,54,163544176,588188,175811,32879,0.8425,3.5965,0.00359651,0.01214174,2019-03-22,2580,lower_mid,False,,51
2026-04-14,81762198,[Sides] Vehicle Simulator,Town and City,Simulation,Vehicle Sim,8,665694114,3375614,1098953,133144,0.8919,5.0708,0.00507082,0.00993772,2014-08-08,4267,mid,False,,52
2026-04-14,1344222621,malymal91's Place,All,,,0,0,0,0,0,0.0,0.0,0.0,0.0,2019-09-29,2388,mid,False,,53
2026-04-14,67400893,efrenda's Place,All,,,0,0,0,0,0,0.0,0.0,0.0,0.0,2014-01-26,4460,lower_mid,False,,54
2026-04-14,1090335239,aleor3210's Place,All,,,0,0,0,0,0,0.0,0.0,0.0,0.0,2019-03-31,2571,lower_mid,False,,55
2026-04-14,2755335127,####'s Place,All,,,0,0,0,0,0,0.0,0.0,0.0,0.0,2021-07-19,1730,lower_mid,False,,56
2026-04-14,4494776745,chgcchfhcfvggjgvhc's Place,All,,,0,0,0,0,0,0.0,0.0,0.0,0.0,2023-03-19,1121,mid,False,,57
2026-04-14,4747349896,rgost1's Place,All,,,0,0,0,0,0,0.0,0.0,0.0,0.0,2023-06-07,1042,mid,False,,58
2026-04-14,1557606948,ProPro1052's Place,All,,,0,0,0,0,0,0.0,0.0,0.0,0.0,2020-02-17,2247,mid,False,,59
2026-04-14,498598030,puppyluver112232's Place,All,,,0,0,0,0,0,0.0,0.0,0.0,0.0,2017-12-05,3051,mid,False,,60
2026-04-15,383310974,[😻] Adopt Me!,RPG,Roleplay & Avatar Sim,Pet Care,494155,43148005951,28831634,8993630,1499534,0.8571,0.6682,0.0006682,0.00750862,2017-07-14,3196,top,True,2019,1
2026-04-15,994732206,Blox Fruits,Adventure,RPG,Action RPG,336905,60697576152,18549751,11949521,1031084,0.9206,0.3056,0.00030561,0.0035807,2019-01-16,2646,top,True,2021,2
2026-04-15,1686885941,Brookhaven 🏡RP,Town and City,Roleplay & Avatar Sim,Life,283389,81227024307,27068159,7945864,1304188,0.859,0.3332,0.00033324,0.00359383,2020-04-21,2185,top,True,2020,3
2026-04-15,6035872082,RIVALS,FPS,Shooter,Deathmatch Shooter,221522,13852285953,69847839,9124517,551143,0.943,5.0423,0.00504233,0.05852727,2024-05-26,688,breakout,True,2025,4
2026-04-15,66654135,Murder Mystery 2,Horror,Survival,1 vs All,103069,25044944500,21667828,9476470,959370,0.9081,0.8652,0.00086516,0.00906858,2014-01-18,4469,top,True,2017,5
2026-04-15,5361032378,Sol's RNG [ Eon 1-19🥚],All,Simulation,Incremental Simulator,63893,1767660556,912608,1284442,129427,0.9085,0.5163,0.00051628,0.00518969,2023-12-03,864,breakout,True,2025,6
2026-04-15,3808081382,The Strongest Battlegrounds,Fighting,Action,Battlegrounds & Fighting,62325,17552940986,6777082,4917408,953033,0.8377,0.3861,0.00038609,0.00357053,2022-08-02,1352,breakout,True,2024,7
2026-04-15,601130232,Bee Swarm Simulator,Adventure,Simulation,Incremental Simulator,43660,4342614100,6420769,2957904,137389,0.9556,1.4785,0.00147855,0.01509595,2018-03-21,2946,top,True,2018,8
2026-04-15,5750914919,Fisch 🔱 [OLYMPUS],Adventure,Simulation,,28501,4371337735,3267169,2803051,299996,0.9033,0.7474,0.00074741,0.0069255,2024-03-13,762,breakout,True,2025,9
2026-04-15,1831550657,🐣 Creatures of Sonaria 🐇 Survive Kaiju Animals,All,Roleplay & Avatar Sim,Animal Sim,21347,1910724754,9679847,1296688,106895,0.9238,5.0661,0.00506606,0.04665593,2020-06-25,2119,lower_mid,False,,10
2026-04-15,3317679266,PLS DONATE 💸,All,Social,,14386,4997642933,4193539,3550105,259941,0.9318,0.8391,0.0008391,0.00748555,2022-02-05,1529,breakout,True,2024,11
2026-04-15,4777817887,Blade Ball,Fighting,Action,Battlegrounds & Fighting,13157,6093614616,12282506,8116583,559694,0.9355,2.0156,0.00201564,0.0178846,2023-06-17,1033,breakout,True,2024,12
2026-04-15,1235188606,[EASTER 🐣] Dragon Adventures 🐉,Adventure,RPG,,12792,1558848182,12762777,1043165,74997,0.9329,8.1873,0.00818731,0.07223158,2019-07-15,2465,mid,False,,13
2026-04-15,1720936166,[UPD] All Star Tower Defense,All,Strategy,Tower Defense,11028,7759002552,2308048,1478793,129105,0.9197,0.2975,0.00029747,0.00254658,2020-05-07,2169,established,False,,14
2026-04-15,88070565,[🗺️] Welcome to Bloxburg,Town and City,Roleplay & Avatar Sim,Life,10877,9884968153,13842242,5557569,733265,0.8834,1.4003,0.00140033,0.0114983,2014-11-04,4180,established,False,,15
2026-04-15,210851291,Build A Boat For Treasure,Adventure,Simulation,Sandbox,10731,4966698747,8303661,3535150,253242,0.9332,1.6719,0.00167187,0.01447934,2016-11-02,3450,top,True,2017,16
2026-04-15,372226183,Flee the Facility,Horror,Survival,1 vs All,7823,5528288473,9425665,2640674,229353,0.9201,1.705,0.00170499,0.01406365,2017-07-01,3210,lower_mid,False,,17
2026-04-15,2440500124,DOORS  [APRIL FOOLS],Adventure,Survival,Escape,6764,7318092217,7748232,4487104,342677,0.929,1.0588,0.00105878,0.00867538,2021-03-14,1858,breakout,True,2022,18
2026-04-15,245662005,Jailbreak,Town and City,Action,Open World Action,5940,7862859796,18537145,5741583,805405,0.877,2.3576,0.00235756,0.0179661,2017-01-06,3385,top,True,2017,19
2026-04-15,5650396773,a dusty trip [🛒SHOPS],Adventure,Adventure,,5384,2267086154,1997341,1939927,211869,0.9015,0.881,0.00088102,0.00682387,2024-02-16,788,mid,False,,20
2026-04-15,65241,Natural Disaster Survival,All,Survival,,5270,4208795911,11523221,4285169,433883,0.9081,2.7379,0.00273789,0.02130634,2008-03-28,6591,top,True,2014,21
2026-04-15,47545,🍕Work at a Pizza Place,Town and City,Roleplay & Avatar Sim,Life,5142,5463286360,13276336,3375482,260295,0.9284,2.4301,0.0024301,0.01927946,2008-03-28,6591,established,False,,22
2026-04-15,1516533665,Piggy [LOVE HEARTS ❤️],Horror,Survival,,4736,14155867592,12075659,3968112,430763,0.9021,0.853,0.00085305,0.00651252,2020-01-23,2274,established,False,,23
2026-04-15,31970568,Theme Park Tycoon 2,Building,Simulation,Tycoon,4409,1555793525,6010165,2043271,254987,0.8891,3.8631,0.00386309,0.02882093,2012-01-02,5217,established,False,,24
2026-04-15,321778215,Royale🌼High,All,Roleplay & Avatar Sim,Dress Up,3923,10381036264,13269521,3235958,531789,0.8589,1.2782,0.00127825,0.00908441,2017-04-10,3291,top,True,2018,25
2026-04-15,111958650,Arsenal,Fighting,Shooter,Deathmatch Shooter,2779,6184340637,11461151,5087875,657360,0.8856,1.8533,0.00185325,0.01301511,2015-08-18,3893,established,False,,26
2026-04-15,1359573625,Deepwoken,RPG,RPG,Action RPG,2426,1527763965,989834,397024,60700,0.8674,0.6479,0.0006479,0.00438029,2019-10-12,2376,mid,False,,27
2026-04-15,113491250,Phantom Forces,FPS,Shooter,Deathmatch Shooter,1832,1763332097,5948266,2450585,247857,0.9081,3.3733,0.00337331,0.02301799,2015-08-31,3880,established,False,,28
2026-04-15,2404080894,[SILLY BILLY] Funky Friday,All,Action,Music & Rhythm,1523,1969537952,4070474,1948407,211789,0.902,2.0667,0.00206672,0.0136621,2021-02-26,1873,lower_mid,False,,29
2026-04-15,1511883870,Shinobi Life 2,All,RPG,Action RPG,1480,2650961844,3007875,2179912,144121,0.938,1.1346,0.00113464,0.00776969,2020-01-20,2276,established,False,,30
2026-04-15,2316994223,Pet Simulator X! 🐾,All,Simulation,Incremental Simulator,1383,8973988048,5962055,4209764,394772,0.9143,0.6644,0.00066437,0.00439324,2021-01-22,1908,breakout,True,2022,31
2026-04-15,1008451066,Da Hood 🔫,Town and City,Action,Open World Action,1331,2894929236,2984052,1285130,537387,0.7051,1.0308,0.00103079,0.00522927,2019-01-27,2635,established,False,,32
2026-04-15,110181652,[🐰] Epic Minigames ✨,All,Party & Casual,Minigame,1222,2311369077,8261140,2209374,233110,0.9046,3.5741,0.00357413,0.02298373,2015-07-29,3913,lower_mid,False,,33
2026-04-15,2471084,🌳 Lumber Tycoon 2,Adventure,Simulation,Tycoon,1160,1292004710,4575823,2010698,282271,0.8769,3.5416,0.00354165,0.02191675,2009-07-30,6102,lower_mid,False,,34
2026-04-15,1335695570,⚡Ninja Legends,Fighting,Simulation,Incremental Simulator,880,2141868459,4675212,1603359,130295,0.9248,2.1828,0.00218277,0.01368908,2019-09-22,2396,top,True,2020,35
2026-04-15,1434220026,My Restaurant! 👨‍🍳,All,Simulation,Tycoon,596,880706929,2672612,1078113,98896,0.916,3.0346,0.00303462,0.01776725,2019-12-06,2322,established,False,,36
2026-04-15,83858907,Speed Run 4,Adventure,Obby & Platformer,,420,1722281321,4515744,1026493,363755,0.7384,2.622,0.00262195,0.01169809,2014-10-20,4194,mid,False,,37
2026-04-15,1424449565,Super Golf!,Sports,Sports & Racing,Sports,271,247724669,959721,310025,78811,0.7973,3.8741,0.00387414,0.01731585,2019-11-29,2329,mid,False,,38
2026-04-15,3183403065,[🤹APRIL FOOL'S🤡] AA,All,Strategy,Tower Defense,133,2507667625,1395606,721138,65197,0.9171,0.5565,0.00055654,0.00249982,2021-12-21,1576,established,False,,39
2026-04-15,140239261,🏠 MeepCity 🏠,Town and City,Roleplay & Avatar Sim,,72,16270444245,14757353,2883728,514924,0.8485,0.907,0.000907,0.00330187,2016-02-23,3703,top,True,2016,40
2026-04-15,81762198,[Sides] Vehicle Simulator,Town and City,Simulation,Vehicle Sim,7,665696579,3375598,1098958,133147,0.8919,5.0708,0.00507078,0.00940491,2014-08-08,4268,mid,False,,41
2026-04-15,1344222621,malymal91's Place,All,,,0,0,0,0,0,0.0,0.0,0.0,0.0,2019-09-29,2389,mid,False,,42
2026-04-15,67400893,efrenda's Place,All,,,0,0,0,0,0,0.0,0.0,0.0,0.0,2014-01-26,4461,lower_mid,False,,43
2026-04-15,1090335239,aleor3210's Place,All,,,0,0,0,0,0,0.0,0.0,0.0,0.0,2019-03-31,2572,lower_mid,False,,44
2026-04-15,2755335127,####'s Place,All,,,0,0,0,0,0,0.0,0.0,0.0,0.0,2021-07-19,1731,lower_mid,False,,45
2026-04-15,4494776745,chgcchfhcfvggjgvhc's Place,All,,,0,0,0,0,0,0.0,0.0,0.0,0.0,2023-03-19,1122,mid,False,,46
2026-04-15,4747349896,rgost1's Place,All,,,0,0,0,0,0,0.0,0.0,0.0,0.0,2023-06-07,1043,mid,False,,47
2026-04-15,1557606948,ProPro1052's Place,All,,,0,0,0,0,0,0.0,0.0,0.0,0.0,2020-02-17,2248,mid,False,,48
2026-04-16,383310974,[😻] Adopt Me!,RPG,Roleplay & Avatar Sim,Pet Care,505181,43160048051,28837340,8997430,1499624,0.8571,0.6681,0.00066815,0.00752103,2017-07-14,3197,top,True,2019,1
2026-04-16,994732206,Blox Fruits,Adventure,RPG,Action RPG,348887,60722550989,18558673,11954864,1031241,0.9206,0.3056,0.00030563,0.00359086,2019-01-16,2647,top,True,2021,2
2026-04-16,1686885941,Brookhaven 🏡RP,Town and City,Roleplay & Avatar Sim,Life,291692,81257134941,27081223,7949179,1304722,0.859,0.3333,0.00033328,0.0036025,2020-04-21,2186,top,True,2020,3
2026-04-16,6035872082,RIVALS,FPS,Shooter,Deathmatch Shooter,216855,13879800453,69986579,9134613,552174,0.943,5.0423,0.00504233,0.05842348,2024-05-26,689,breakout,True,2025,4
2026-04-16,7326934954,[🐇] 99 Nights in the Forest 🔦,All,Survival,,186901,25994180236,7106236,4741898,490859,0.9062,0.2734,0.00027338,0.00300708,2025-03-04,408,breakout,True,2026,5
2026-04-16,7436755782,[🍭] Grow a Garden 🌶️,All,Simulation,Tycoon,139609,35030927259,10749834,9191594,1038706,0.8985,0.3069,0.00030687,0.00326623,2025-03-25,386,breakout,True,2025,6
2026-04-16,66654135,Murder Mystery 2,Horror,Survival,1 vs All,111262,25063161514,21678705,9482386,959903,0.9081,0.865,0.00086496,0.00912667,2014-01-18,4470,top,True,2017,7
2026-04-16,5361032378,Sol's RNG [ Eon 1-19🥚],All,Simulation,Incremental Simulator,63965,1770222900,913179,1285300,129465,0.9085,0.5159,0.00051586,0.00518613,2023-12-03,865,breakout,True,2025,8
2026-04-16,3808081382,The Strongest Battlegrounds,Fighting,Action,Battlegrounds & Fighting,63813,17562696806,6780599,4919355,953462,0.8376,0.3861,0.00038608,0.003578,2022-08-02,1353,breakout,True,2024,9
2026-04-16,601130232,Bee Swarm Simulator,Adventure,Simulation,Incremental Simulator,43585,4344299245,6421153,2958355,137417,0.9556,1.4781,0.00147806,0.01508854,2018-03-21,2947,top,True,2018,10
2026-04-16,5750914919,Fisch 🔱 [OLYMPUS],Adventure,Simulation,,27420,4372906858,3269560,2803849,300066,0.9033,0.7477,0.00074769,0.006902,2024-03-13,763,breakout,True,2025,11
2026-04-16,7018190066,Dead Rails [Beta],All,Adventure,Exploration,22575,6199943385,5616655,3244047,254363,0.9273,0.9059,0.00090592,0.00842123,2025-01-01,469,breakout,True,2025,12
2026-04-16,1831550657,🐣 Creatures of Sonaria 🐇 Survive Kaiju Animals,All,Roleplay & Avatar Sim,Animal Sim,20646,1912379185,9687771,1297463,106959,0.9238,5.0658,0.00506582,0.04649747,2020-06-25,2120,lower_mid,False,,13
2026-04-16,3317679266,PLS DONATE 💸,All,Social,,14612,5000231831,4195744,3551676,260083,0.9318,0.8391,0.00083911,0.00749774,2022-02-05,1530,breakout,True,2024,14
2026-04-16,4777817887,Blade Ball,Fighting,Action,Battlegrounds & Fighting,13369,6095484599,12286659,8118576,559834,0.9355,2.0157,0.0020157,0.0179153,2023-06-17,1034,breakout,True,2024,15
2026-04-16,1720936166,[UPD] All Star Tower Defense,All,Strategy,Tower Defense,12336,7761513665,2308281,1478997,129106,0.9197,0.2974,0.0002974,0.0025767,2020-05-07,2170,established,False,,16
2026-04-16,210851291,Build A Boat For Treasure,Adventure,Simulation,Sandbox,11608,4967706576,8304600,3535774,253280,0.9332,1.6717,0.00167172,0.0146006,2016-11-02,3451,top,True,2017,17
2026-04-16,1235188606,[EASTER 🐣] Dragon Adventures 🐉,Adventure,RPG,,11377,1559895774,12775239,1043890,75014,0.933,8.1898,0.0081898,0.0713602,2019-07-15,2466,mid,False,,18
2026-04-16,88070565,[🗺️] Welcome to Bloxburg,Town and City,Roleplay & Avatar Sim,Life,10684,9885921022,13842740,5557990,733280,0.8834,1.4002,0.00140025,0.01147554,2014-11-04,4181,established,False,,19
2026-04-16,1176784616,[🐣] Tower Defense Simulator,All,Strategy,Tower Defense,8795,4642969571,3377544,1971671,125520,0.9401,0.7275,0.00072745,0.00621134,2019-06-05,2507,established,False,,20
2026-04-16,372226183,Flee the Facility,Horror,Survival,1 vs All,7895,5530425800,9427077,2641476,229418,0.9201,1.7046,0.00170458,0.01407471,2017-07-01,3211,lower_mid,False,,21
2026-04-16,73885730,Prison Life,Town and City,Action,Open World Action,7307,2862127134,5818348,1479166,257684,0.8516,2.0329,0.00203288,0.01540265,2014-05-02,4367,established,False,,22
2026-04-16,2440500124,DOORS  [APRIL FOOLS],Adventure,Survival,Escape,6714,7319412341,7749508,4487874,342717,0.9291,1.0588,0.00105876,0.00866798,2021-03-14,1859,breakout,True,2022,23
2026-04-16,245662005,Jailbreak,Town and City,Action,Open World Action,6253,7863819658,18537646,5741912,805449,0.877,2.3573,0.00235733,0.01807054,2017-01-06,3386,top,True,2017,24
2026-04-16,5650396773,a dusty trip [🛒SHOPS],Adventure,Adventure,,5856,2268025219,1998105,1940215,211921,0.9015,0.881,0.00088099,0.00689033,2024-02-16,789,mid,False,,25
2026-04-16,65241,Natural Disaster Survival,All,Survival,,5039,4210217461,11524775,4285992,433997,0.9081,2.7373,0.00273733,0.02119049,2008-03-28,6592,top,True,2014,26
2026-04-16,47545,🍕Work at a Pizza Place,Town and City,Roleplay & Avatar Sim,Life,4892,5463929680,13277657,3375947,260308,0.9284,2.4301,0.00243006,0.0191668,2008-03-28,6592,established,False,,27
2026-04-16,1516533665,Piggy [LOVE HEARTS ❤️],Horror,Survival,,4510,14156898447,12076495,3968596,430783,0.9021,0.853,0.00085305,0.00647493,2020-01-23,2275,established,False,,28
2026-04-16,31970568,Theme Park Tycoon 2,Building,Simulation,Tycoon,4486,1556108785,6010648,2043527,255001,0.8891,3.8626,0.00386261,0.02887707,2012-01-02,5218,established,False,,29
2026-04-16,321778215,Royale🌼High,All,Roleplay & Avatar Sim,Dress Up,4005,10381407252,13269639,3236088,531784,0.8589,1.2782,0.00127821,0.00910693,2017-04-10,3292,top,True,2018,30
2026-04-16,903807016,Emergency Response: Liberty County,Town and City,Roleplay & Avatar Sim,Life,3123,1469964610,2754626,1141795,113226,0.9098,1.8739,0.00187394,0.01371892,2018-11-01,2722,mid,False,,31
2026-04-16,371263894,Greenville,Town and City,Roleplay & Avatar Sim,Life,3070,1352929425,2573500,997809,141711,0.8756,1.9022,0.00190217,0.01337448,2017-06-28,3213,mid,False,,32
2026-04-16,111958650,Arsenal,Fighting,Shooter,Deathmatch Shooter,2865,6185015937,11461466,5088161,657408,0.8856,1.8531,0.0018531,0.01306402,2015-08-18,3894,established,False,,33
2026-04-16,1359573625,Deepwoken,RPG,RPG,Action RPG,2469,1528260936,990007,397091,60718,0.8674,0.6478,0.0006478,0.00438942,2019-10-12,2377,mid,False,,34
2026-04-16,113491250,Phantom Forces,FPS,Shooter,Deathmatch Shooter,1800,1763551654,5948426,2450682,247894,0.9081,3.373,0.00337298,0.02296156,2015-08-31,3881,established,False,,35
2026-04-16,2324662457,[☀️ SEAVEN DEADLY SINS] Anime Fighters Simulator ,Adventure,Simulation,Incremental Simulator,1785,1326957967,1569283,1148047,86704,0.9298,1.1826,0.00118262,0.00823332,2021-01-25,1906,mid,False,,36
2026-04-16,1511883870,Shinobi Life 2,All,RPG,Action RPG,1555,2651087213,3007986,2180033,144121,0.938,1.1346,0.00113462,0.00782222,2020-01-20,2277,established,False,,37
2026-04-16,2404080894,[SILLY BILLY] Funky Friday,All,Action,Music & Rhythm,1527,1969789110,4070702,1948584,211804,0.902,2.0666,0.00206657,0.01366603,2021-02-26,1874,lower_mid,False,,38
2026-04-16,1008451066,Da Hood 🔫,Town and City,Action,Open World Action,1443,2895154657,2984066,1285179,537416,0.7051,1.0307,0.00103071,0.00528754,2019-01-27,2636,established,False,,39
2026-04-16,2316994223,Pet Simulator X! 🐾,All,Simulation,Incremental Simulator,1405,8974114918,5962069,4209839,394778,0.9143,0.6644,0.00066436,0.00440277,2021-01-22,1909,breakout,True,2022,40
2026-04-16,110181652,[🐰] Epic Minigames ✨,All,Party & Casual,Minigame,1366,2311569254,8262289,2209678,233119,0.9046,3.5743,0.00357432,0.02334505,2015-07-29,3914,lower_mid,False,,41
2026-04-16,2471084,🌳 Lumber Tycoon 2,Adventure,Simulation,Tycoon,1290,1292107752,4575994,2010785,282277,0.8769,3.5415,0.0035415,0.02224549,2009-07-30,6103,lower_mid,False,,42
2026-04-16,1335695570,⚡Ninja Legends,Fighting,Simulation,Incremental Simulator,909,2141961735,4675360,1603469,130302,0.9248,2.1827,0.00218275,0.01375431,2019-09-22,2397,top,True,2020,43
2026-04-16,1434220026,My Restaurant! 👨‍🍳,All,Simulation,Tycoon,591,880747415,2672566,1078169,98895,0.916,3.0344,0.00303443,0.01774284,2019-12-06,2323,established,False,,44
2026-04-16,848145103,Dungeon Quest! ⚔️ RPG Adventure,Fighting,RPG,Action RPG,580,2319702432,5807623,1155304,101997,0.9189,2.5036,0.00250361,0.01464214,2018-09-25,2759,mid,False,,45
2026-04-16,83858907,Speed Run 4,Adventure,Obby & Platformer,,464,1722372849,4515887,1026560,363781,0.7384,2.6219,0.0026219,0.01189026,2014-10-20,4195,mid,False,,46
2026-04-16,1424449565,Super Golf!,Sports,Sports & Racing,Sports,336,247776669,959875,310074,78823,0.7973,3.874,0.00387395,0.01797688,2019-11-29,2330,mid,False,,47
2026-04-16,1168263273,[🎃] Bad Business | FPS ,FPS,Shooter,Deathmatch Shooter,131,545559039,2179478,776529,131166,0.8555,3.9949,0.00399494,0.01668774,2019-05-29,2513,lower_mid,False,,48
2026-04-16,3183403065,[🤹APRIL FOOL'S🤡] AA,All,Strategy,Tower Defense,110,2507681384,1395547,721145,65196,0.9171,0.5565,0.00055651,0.0024036,2021-12-21,1577,established,False,,49
2026-04-16,140239261,🏠 MeepCity 🏠,Town and City,Roleplay & Avatar Sim,,63,16270476604,14757314,2883754,514948,0.8485,0.907,0.000907,0.00320058,2016-02-23,3704,top,True,2016,50
2026-04-16,1077961373,Giant Simulator,All,Simulation,Incremental Simulator,55,163547072,588177,175815,32879,0.8425,3.5964,0.00359638,0.01219593,2019-03-22,2582,lower_mid,False,,51
2026-04-16,81762198,[Sides] Vehicle Simulator,Town and City,Simulation,Vehicle Sim,13,665699080,3375586,1098965,133147,0.8919,5.0707,0.00507074,0.01193586,2014-08-08,4269,mid,False,,52
2026-04-16,1344222621,malymal91's Place,All,,,0,0,0,0,0,0.0,0.0,0.0,0.0,2019-09-29,2390,mid,False,,53
2026-04-16,67400893,efrenda's Place,All,,,0,0,0,0,0,0.0,0.0,0.0,0.0,2014-01-26,4462,lower_mid,False,,54
2026-04-16,1090335239,aleor3210's Place,All,,,0,0,0,0,0,0.0,0.0,0.0,0.0,2019-03-31,2573,lower_mid,False,,55
2026-04-16,2755335127,####'s Place,All,,,0,0,0,0,0,0.0,0.0,0.0,0.0,2021-07-19,1732,lower_mid,False,,56
2026-04-16,4494776745,chgcchfhcfvggjgvhc's Place,All,,,0,0,0,0,0,0.0,0.0,0.0,0.0,2023-03-19,1123,mid,False,,57
2026-04-16,4747349896,rgost1's Place,All,,,0,0,0,0,0,0.0,0.0,0.0,0.0,2023-06-07,1044,mid,False,,58
2026-04-16,1557606948,ProPro1052's Place,All,,,0,0,0,0,0,0.0,0.0,0.0,0.0,2020-02-17,2249,mid,False,,59
2026-04-16,498598030,puppyluver112232's Place,All,,,0,0,0,0,0,0.0,0.0,0.0,0.0,2017-12-05,3053,mid,False,,60
2026-04-17,994732206,Blox Fruits,Adventure,RPG,Action RPG,329050,60746523687,18567113,11959925,1031511,0.9206,0.3056,0.00030565,0.00357465,2019-01-16,2648,top,True,2021,1
2026-04-17,1686885941,Brookhaven 🏡RP,Town and City,Roleplay & Avatar Sim,Life,327172,81287988180,27095150,7952608,1305223,0.859,0.3333,0.00033332,0.00363588,2020-04-21,2187,top,True,2020,2
2026-04-17,383310974,[😻] Adopt Me!,RPG,Roleplay & Avatar Sim,Pet Care,301638,43170943085,28842832,9001108,1499711,0.8572,0.6681,0.00066811,0.00722561,2017-07-14,3198,top,True,2019,3
2026-04-17,6035872082,RIVALS,FPS,Shooter,Deathmatch Shooter,243111,13907989455,70130367,9144510,553195,0.943,5.0425,0.00504245,0.05896573,2024-05-26,690,breakout,True,2025,4
2026-04-17,66654135,Murder Mystery 2,Horror,Survival,1 vs All,115830,25080635538,21687844,9486537,960378,0.9081,0.8647,0.00086472,0.00915571,2014-01-18,4471,top,True,2017,5
2026-04-17,3808081382,The Strongest Battlegrounds,Fighting,Action,Battlegrounds & Fighting,69021,17572815943,6784009,4921177,953933,0.8376,0.3861,0.00038605,0.00360303,2022-08-02,1354,breakout,True,2024,6
2026-04-17,5361032378,Sol's RNG [ Eon 1-19🥚],All,Simulation,Incremental Simulator,66094,1772648475,913823,1286306,129498,0.9085,0.5155,0.00051551,0.00519827,2023-12-03,866,breakout,True,2025,7
2026-04-17,601130232,Bee Swarm Simulator,Adventure,Simulation,Incremental Simulator,43562,4345927271,6421544,2958763,137438,0.9556,1.4776,0.0014776,0.01508305,2018-03-21,2948,top,True,2018,8
2026-04-17,5750914919,Fisch 🔱 [OLYMPUS],Adventure,Simulation,,27972,4374447652,3271643,2804606,300092,0.9033,0.7479,0.0007479,0.00691755,2024-03-13,764,breakout,True,2025,9
2026-04-17,1831550657,🐣 Creatures of Sonaria 🐇 Survive Kaiju Animals,All,Roleplay & Avatar Sim,Animal Sim,19972,1913961203,9695175,1298182,107010,0.9238,5.0655,0.0050655,0.0463395,2020-06-25,2121,lower_mid,False,,10
2026-04-17,3317679266,PLS DONATE 💸,All,Social,,14561,5002830920,4197983,3553213,260183,0.9318,0.8391,0.00083912,0.00749513,2022-02-05,1531,breakout,True,2024,11
2026-04-17,4777817887,Blade Ball,Fighting,Action,Battlegrounds & Fighting,13708,6097349029,12290526,8120349,559988,0.9355,2.0157,0.00201572,0.01796261,2023-06-17,1035,breakout,True,2024,12
2026-04-17,88070565,[📈] Welcome to Bloxburg 🏡,Town and City,Roleplay & Avatar Sim,Life,13261,9887069382,13843295,5558442,733283,0.8835,1.4001,0.00140014,0.01174203,2014-11-04,4182,established,False,,13
2026-04-17,210851291,Build A Boat For Treasure,Adventure,Simulation,Sandbox,12758,4968763716,8305559,3536354,253304,0.9332,1.6716,0.00167155,0.01474659,2016-11-02,3452,top,True,2017,14
2026-04-17,1720936166,[UPD] All Star Tower Defense,All,Strategy,Tower Defense,11717,7764056563,2308443,1479225,129113,0.9197,0.2973,0.00029732,0.00256198,2020-05-07,2171,established,False,,15
2026-04-17,1235188606,[EASTER 🐣] Dragon Adventures 🐉,Adventure,RPG,,9856,1560799796,12786493,1044436,75031,0.933,8.1923,0.00819227,0.07028632,2019-07-15,2467,mid,False,,16
2026-04-17,372226183,Flee the Facility,Horror,Survival,1 vs All,8250,5532545546,9428441,2642221,229484,0.9201,1.7042,0.00170418,0.0141403,2017-07-01,3212,lower_mid,False,,17
2026-04-17,2440500124,DOORS  [APRIL FOOLS],Adventure,Survival,Escape,7362,7320715768,7750548,4488537,342754,0.9291,1.0587,0.00105871,0.00875823,2021-03-14,1860,breakout,True,2022,18
2026-04-17,245662005,Jailbreak,Town and City,Action,Open World Action,6294,7864783184,18538105,5742219,805499,0.877,2.3571,0.0023571,0.01808227,2017-01-06,3387,top,True,2017,19
2026-04-17,5650396773,a dusty trip [🛒SHOPS],Adventure,Adventure,,5758,2268943533,1998876,1940488,211956,0.9015,0.881,0.00088097,0.00687678,2024-02-16,790,mid,False,,20
2026-04-17,65241,Natural Disaster Survival,All,Survival,,5254,4211615063,11526080,4286709,434120,0.908,2.7367,0.00273674,0.02128944,2008-03-28,6593,top,True,2014,21
2026-04-17,47545,🍕Work at a Pizza Place,Town and City,Roleplay & Avatar Sim,Life,5233,5464569491,13278989,3376479,260330,0.9284,2.43,0.00243002,0.01931857,2008-03-28,6593,established,False,,22
2026-04-17,31970568,Theme Park Tycoon 2,Building,Simulation,Tycoon,4690,1556413521,6011049,2043776,255004,0.8891,3.8621,0.00386212,0.02902636,2012-01-02,5219,established,False,,23
2026-04-17,1516533665,Piggy [LOVE HEARTS ❤️],Horror,Survival,,4675,14157892668,12077198,3969046,430805,0.9021,0.853,0.00085304,0.00650253,2020-01-23,2276,established,False,,24
2026-04-17,321778215,Royale🌼High,All,Roleplay & Avatar Sim,Dress Up,3967,10381760517,13269710,3236215,531793,0.8589,1.2782,0.00127818,0.00909624,2017-04-10,3293,top,True,2018,25
2026-04-17,111958650,Arsenal,Fighting,Shooter,Deathmatch Shooter,2910,6185720214,11461723,5088447,657464,0.8856,1.8529,0.00185293,0.01308835,2015-08-18,3895,established,False,,26
2026-04-17,1359573625,Deepwoken,RPG,RPG,Action RPG,2643,1528773146,990202,397177,60722,0.8674,0.6477,0.00064771,0.00442715,2019-10-12,2378,mid,False,,27
2026-04-17,113491250,Phantom Forces,FPS,Shooter,Deathmatch Shooter,1889,1763787809,5948647,2450786,247907,0.9081,3.3727,0.00337265,0.02310705,2015-08-31,3882,established,False,,28
2026-04-17,2404080894,[SILLY BILLY] Funky Friday,All,Action,Music & Rhythm,1751,1970056249,4070964,1948775,211820,0.902,2.0664,0.00206642,0.01392006,2021-02-26,1875,lower_mid,False,,29
2026-04-17,1511883870,Shinobi Life 2,All,RPG,Action RPG,1578,2651212948,3008078,2180179,144130,0.938,1.1346,0.0011346,0.0078377,2020-01-20,2278,established,False,,30
2026-04-17,2316994223,Pet Simulator X! 🐾,All,Simulation,Incremental Simulator,1435,8974245015,5962094,4209911,394780,0.9143,0.6644,0.00066436,0.00441555,2021-01-22,1910,breakout,True,2022,31
2026-04-17,1008451066,[UPD] Da Hood 🔫,Town and City,Action,Open World Action,1426,2895416681,2984108,1285264,537433,0.7051,1.0306,0.00103063,0.00527858,2019-01-27,2637,established,False,,32
2026-04-17,2471084,🌳 Lumber Tycoon 2,Adventure,Simulation,Tycoon,1306,1292214626,4576111,2010871,282277,0.8769,3.5413,0.00354129,0.02228258,2009-07-30,6104,lower_mid,False,,33
2026-04-17,110181652,[🐰] Epic Minigames ✨,All,Party & Casual,Minigame,1232,2311761803,8263280,2209981,233131,0.9046,3.5745,0.00357445,0.02301251,2015-07-29,3915,lower_mid,False,,34
2026-04-17,1335695570,⚡Ninja Legends,Fighting,Simulation,Incremental Simulator,908,2142053464,4675468,1603569,130304,0.9248,2.1827,0.0021827,0.01375187,2019-09-22,2398,top,True,2020,35
2026-04-17,1434220026,My Restaurant! 👨‍🍳,All,Simulation,Tycoon,697,880789716,2672568,1078219,98895,0.916,3.0343,0.00303429,0.01819987,2019-12-06,2324,established,False,,36
2026-04-17,83858907,Speed Run 4,Adventure,Obby & Platformer,,485,1722473503,4516034,1026625,363809,0.7383,2.6218,0.00262183,0.01197542,2014-10-20,4196,mid,False,,37
2026-04-17,1424449565,Super Golf!,Sports,Sports & Racing,Sports,261,247829397,960035,310118,78832,0.7973,3.8738,0.00387377,0.01719862,2019-11-29,2331,mid,False,,38
2026-04-17,3183403065,[🤹APRIL FOOL'S🤡] AA,All,Strategy,Tower Defense,133,2507695595,1395501,721147,65199,0.9171,0.5565,0.00055649,0.0024996,2021-12-21,1578,established,False,,39
2026-04-17,140239261,🏠 MeepCity 🏠,Town and City,Roleplay & Avatar Sim,,58,16270510157,14757271,2883780,514972,0.8485,0.907,0.00090699,0.00313795,2016-02-23,3705,top,True,2016,40
2026-04-17,81762198,[Sides] Vehicle Simulator,Town and City,Simulation,Vehicle Sim,7,665701845,3375582,1098967,133149,0.8919,5.0707,0.00507071,0.00940478,2014-08-08,4270,mid,False,,41
2026-04-17,1344222621,malymal91's Place,All,,,0,0,0,0,0,0.0,0.0,0.0,0.0,2019-09-29,2391,mid,False,,42
2026-04-17,67400893,efrenda's Place,All,,,0,0,0,0,0,0.0,0.0,0.0,0.0,2014-01-26,4463,lower_mid,False,,43
2026-04-17,1090335239,aleor3210's Place,All,,,0,0,0,0,0,0.0,0.0,0.0,0.0,2019-03-31,2574,lower_mid,False,,44
2026-04-17,2755335127,####'s Place,All,,,0,0,0,0,0,0.0,0.0,0.0,0.0,2021-07-19,1733,lower_mid,False,,45
2026-04-17,4494776745,chgcchfhcfvggjgvhc's Place,All,,,0,0,0,0,0,0.0,0.0,0.0,0.0,2023-03-19,1124,mid,False,,46
2026-04-17,4747349896,rgost1's Place,All,,,0,0,0,0,0,0.0,0.0,0.0,0.0,2023-06-07,1045,mid,False,,47
2026-04-17,1557606948,ProPro1052's Place,All,,,0,0,0,0,0,0.0,0.0,0.0,0.0,2020-02-17,2250,mid,False,,48
2026-04-18,1686885941,Brookhaven 🏡RP,Town and City,Roleplay & Avatar Sim,Life,501533,81330148158,27113275,7957570,1305978,0.859,0.3334,0.00033337,0.00375878,2020-04-21,2188,top,True,2020,1
2026-04-18,994732206,Blox Fruits,Adventure,RPG,Action RPG,376821,60773624436,18576451,11965230,1031812,0.9206,0.3057,0.00030567,0.00361304,2019-01-16,2649,top,True,2021,2
2026-04-18,6035872082,RIVALS,FPS,Shooter,Deathmatch Shooter,336245,13946057217,70315025,9157664,554600,0.9429,5.0419,0.00504193,0.06049774,2024-05-26,691,breakout,True,2025,3
2026-04-18,7326934954,[🐇] 99 Nights in the Forest 🔦,All,Survival,,290156,26035741577,7132952,4748160,491893,0.9061,0.274,0.00027397,0.00312253,2025-03-04,410,breakout,True,2026,4
2026-04-18,383310974,[🎁] Adopt Me!,RPG,Roleplay & Avatar Sim,Pet Care,258519,43185618448,28850220,9006905,1499774,0.8573,0.6681,0.00066805,0.00713729,2017-07-14,3199,top,True,2019,5
2026-04-18,7436755782,[🍭] Grow a Garden 🌶️,All,Simulation,Tycoon,169972,35059113662,10766309,9201671,1039037,0.8985,0.3071,0.00030709,0.00332316,2025-03-25,388,breakout,True,2025,6
2026-04-18,66654135,Murder Mystery 2,Horror,Survival,1 vs All,147399,25100608890,21698334,9491341,960862,0.9081,0.8645,0.00086445,0.00934204,2014-01-18,4472,top,True,2017,7
2026-04-18,5361032378,Sol's RNG [ x3 EGG DROPS!🥚],All,Simulation,Incremental Simulator,116652,1775383266,914763,1287757,129538,0.9086,0.5152,0.00051525,0.00546195,2023-12-03,867,breakout,True,2025,8
2026-04-18,3808081382,The Strongest Battlegrounds,Fighting,Action,Battlegrounds & Fighting,85486,17585403570,6788072,4923442,954513,0.8376,0.386,0.00038601,0.0036717,2022-08-02,1355,breakout,True,2024,9
2026-04-18,601130232,Bee Swarm Simulator,Adventure,Simulation,Incremental Simulator,43401,4347690329,6422046,2959193,137458,0.9556,1.4771,0.00147712,0.01507288,2018-03-21,2949,top,True,2018,10
2026-04-18,5750914919,Fisch 🔱 [OLYMPUS],Adventure,Simulation,,36186,4376282993,3274254,2805505,300119,0.9034,0.7482,0.00074818,0.00709434,2024-03-13,765,breakout,True,2025,11
2026-04-18,7018190066,Dead Rails [Beta],All,Adventure,Exploration,35287,6206000173,5623749,3245991,254616,0.9273,0.9062,0.00090618,0.0087987,2025-01-01,471,breakout,True,2025,12
2026-04-18,1831550657,🐣 Creatures of Sonaria 🐇 Survive Kaiju Animals,All,Roleplay & Avatar Sim,Animal Sim,29155,1916177771,9704351,1299039,107091,0.9238,5.0644,0.00506443,0.04809923,2020-06-25,2122,lower_mid,False,,13
2026-04-18,3317679266,PLS DONATE 💸,All,Social,,17880,5005794660,4200545,3554897,260332,0.9318,0.8391,0.00083914,0.00765575,2022-02-05,1532,breakout,True,2024,14
2026-04-18,210851291,Build A Boat For Treasure,Adventure,Simulation,Sandbox,17223,4970073232,8306676,3537119,253351,0.9332,1.6713,0.00167134,0.01521271,2016-11-02,3453,top,True,2017,15
2026-04-18,4777817887,Blade Ball,Fighting,Action,Battlegrounds & Fighting,17032,6099546637,12295227,8122545,560190,0.9355,2.0158,0.00201576,0.01837228,2023-06-17,1036,breakout,True,2024,16
2026-04-18,88070565,[📈] Welcome to Bloxburg 🏡,Town and City,Roleplay & Avatar Sim,Life,17023,9888355956,13843941,5558920,733268,0.8835,1.4,0.00140002,0.01205007,2014-11-04,4183,established,False,,17
2026-04-18,1176784616,[🐣] Tower Defense Simulator,All,Strategy,Tower Defense,13886,4645655981,3378694,1972795,125566,0.9402,0.7273,0.00072728,0.00652219,2019-06-05,2509,established,False,,18
2026-04-18,1235188606,[EASTER 🐣] Dragon Adventures 🐉,Adventure,RPG,,13799,1561895123,12798653,1044999,75059,0.933,8.1943,0.00819431,0.0728771,2019-07-15,2468,mid,False,,19
2026-04-18,1720936166,[UPD] All Star Tower Defense,All,Strategy,Tower Defense,12410,7766673592,2308635,1479411,129127,0.9197,0.2972,0.00029725,0.00257704,2020-05-07,2172,established,False,,20
2026-04-18,2440500124,DOORS  [APRIL FOOLS],Adventure,Survival,Escape,11904,7322486061,7751923,4489302,342827,0.9291,1.0586,0.00105865,0.00923022,2021-03-14,1861,breakout,True,2022,21
2026-04-18,73885730,Prison Life,Town and City,Action,Open World Action,9730,2864599713,5820497,1480114,257879,0.8516,2.0319,0.00203187,0.01589027,2014-05-02,4369,established,False,,22
2026-04-18,372226183,Flee the Facility,Horror,Survival,1 vs All,9547,5534978678,9430046,2643058,229558,0.9201,1.7037,0.00170372,0.01436535,2017-07-01,3213,lower_mid,False,,23
2026-04-18,245662005,Jailbreak,Town and City,Action,Open World Action,8537,7865907141,18538618,5742586,805543,0.877,2.3568,0.00235683,0.01871013,2017-01-06,3388,top,True,2017,24
2026-04-18,5650396773,a dusty trip [🛒SHOPS],Adventure,Adventure,,8032,2270042581,1999851,1940804,212008,0.9015,0.881,0.00088098,0.00714105,2024-02-16,791,mid,False,,25
2026-04-18,1516533665,Piggy,Horror,Survival,,7546,14159147695,12078156,3969707,430833,0.9021,0.853,0.00085303,0.00687091,2020-01-23,2277,established,False,,26
2026-04-18,47545,🍕Work at a Pizza Place,Town and City,Roleplay & Avatar Sim,Life,7022,5465351886,13280618,3377003,260359,0.9284,2.43,0.00242997,0.01998154,2008-03-28,6594,established,False,,27
2026-04-18,31970568,Theme Park Tycoon 2,Building,Simulation,Tycoon,6476,1556781572,6011539,2044049,255022,0.8891,3.8615,0.00386152,0.03012965,2012-01-02,5220,established,False,,28
2026-04-18,65241,Natural Disaster Survival,All,Survival,,6306,4213201310,11527735,4287504,434238,0.908,2.7361,0.0027361,0.02173768,2008-03-28,6594,top,True,2014,29
2026-04-18,321778215,Royale🌼High,All,Roleplay & Avatar Sim,Dress Up,5209,10382142989,13269840,3236335,531829,0.8589,1.2781,0.00127814,0.00939489,2017-04-10,3294,top,True,2018,30
2026-04-18,903807016,Emergency Response: Liberty County,Town and City,Roleplay & Avatar Sim,Life,4862,1471097654,2755465,1142221,113292,0.9098,1.8731,0.00187307,0.01446638,2018-11-01,2724,mid,False,,31
2026-04-18,371263894,Greenville,Town and City,Roleplay & Avatar Sim,Life,3866,1353774959,2574418,998340,141757,0.8757,1.9017,0.00190166,0.01375503,2017-06-28,3215,mid,False,,32
2026-04-18,1359573625,Deepwoken,RPG,RPG,Action RPG,3774,1529395839,990391,397230,60739,0.8674,0.6476,0.00064757,0.00462612,2019-10-12,2379,mid,False,,33
2026-04-18,111958650,Arsenal,Fighting,Shooter,Deathmatch Shooter,3458,6186525059,11461964,5088686,657530,0.8856,1.8527,0.00185273,0.01336984,2015-08-18,3896,established,False,,34
2026-04-18,2404080894,[DUSTIN] Funky Friday,All,Action,Music & Rhythm,2495,1970453653,4071255,1949067,211857,0.902,2.0662,0.00206615,0.0145778,2021-02-26,1876,lower_mid,False,,35
2026-04-18,113491250,Phantom Forces,FPS,Shooter,Deathmatch Shooter,2176,1764055756,5948904,2450900,247943,0.9081,3.3723,0.00337229,0.02353728,2015-08-31,3883,established,False,,36
2026-04-18,1511883870,Shinobi Life 2,All,RPG,Action RPG,2023,2651359006,3008181,2180306,144147,0.938,1.1346,0.00113458,0.00810174,2020-01-20,2279,established,False,,37
2026-04-18,2324662457,[☀️ SEAVEN DEADLY SINS] Anime Fighters Simulator ,Adventure,Simulation,Incremental Simulator,1948,1327085049,1569257,1148135,86706,0.9298,1.1825,0.00118248,0.00832845,2021-01-25,1908,mid,False,,38
2026-04-18,1008451066,[UPD] Da Hood 🔫,Town and City,Action,Open World Action,1886,2895685615,2984147,1285325,537466,0.7051,1.0305,0.00103055,0.00548118,2019-01-27,2638,established,False,,39
2026-04-18,2471084,🌳 Lumber Tycoon 2,Adventure,Simulation,Tycoon,1866,1292335063,4576236,2010951,282286,0.8769,3.5411,0.00354106,0.02338844,2009-07-30,6105,lower_mid,False,,40
2026-04-18,2316994223,Pet Simulator X! 🐾,All,Simulation,Incremental Simulator,1845,8974387585,5962074,4209999,394791,0.9143,0.6643,0.00066434,0.00456801,2021-01-22,1911,breakout,True,2022,41
2026-04-18,110181652,[🐰] Epic Minigames ✨,All,Party & Casual,Minigame,1486,2311971498,8264481,2210296,233151,0.9046,3.5746,0.00357465,0.02361957,2015-07-29,3916,lower_mid,False,,42
2026-04-18,1335695570,⚡Ninja Legends,Fighting,Simulation,Incremental Simulator,1223,2142164776,4675615,1603687,130308,0.9249,2.1827,0.00218266,0.01435225,2019-09-22,2399,top,True,2020,43
2026-04-18,1434220026,My Restaurant! 👨‍🍳,All,Simulation,Tycoon,906,880840871,2672603,1078304,98900,0.916,3.0341,0.00303415,0.01892704,2019-12-06,2325,established,False,,44
2026-04-18,848145103,Dungeon Quest! ⚔️ RPG Adventure,Fighting,RPG,Action RPG,648,2319871310,5808526,1155391,102004,0.9189,2.5038,0.00250381,0.014898,2018-09-25,2761,mid,False,,45
2026-04-18,83858907,Speed Run 4,Adventure,Obby & Platformer,,522,1722588402,4516168,1026675,363827,0.7383,2.6217,0.00262173,0.012117,2014-10-20,4197,mid,False,,46
2026-04-18,1424449565,Super Golf!,Sports,Sports & Racing,Sports,391,247901271,960311,310166,78845,0.7973,3.8738,0.00387376,0.018443,2019-11-29,2332,mid,False,,47
2026-04-18,1168263273,[🎃] Bad Business | FPS ,FPS,Shooter,Deathmatch Shooter,187,545614745,2179478,776560,131179,0.8555,3.9945,0.00399454,0.01789438,2019-05-29,2515,lower_mid,False,,48
2026-04-18,3183403065,[🤹APRIL FOOL'S🤡] AA,All,Strategy,Tower Defense,169,2507712001,1395446,721158,65197,0.9171,0.5565,0.00055646,0.00262093,2021-12-21,1579,established,False,,49
2026-04-18,140239261,🏠 MeepCity 🏠,Town and City,Roleplay & Avatar Sim,,91,16270550912,14757248,2883817,514996,0.8485,0.907,0.00090699,0.0034798,2016-02-23,3706,top,True,2016,50
2026-04-18,1077961373,Giant Simulator,All,Simulation,Incremental Simulator,41,163550060,588173,175823,32880,0.8425,3.5963,0.00359629,0.01132406,2019-03-22,2584,lower_mid,False,,51
2026-04-18,81762198,[Sides] Vehicle Simulator,Town and City,Simulation,Vehicle Sim,14,665705012,3375563,1098976,133148,0.8919,5.0707,0.00507066,0.01224771,2014-08-08,4271,mid,False,,52
2026-04-18,1344222621,malymal91's Place,All,,,0,0,0,0,0,0.0,0.0,0.0,0.0,2019-09-29,2392,mid,False,,53
2026-04-18,67400893,efrenda's Place,All,,,0,0,0,0,0,0.0,0.0,0.0,0.0,2014-01-26,4464,lower_mid,False,,54
2026-04-18,1090335239,aleor3210's Place,All,,,0,0,0,0,0,0.0,0.0,0.0,0.0,2019-03-31,2575,lower_mid,False,,55
2026-04-18,2755335127,####'s Place,All,,,0,0,0,0,0,0.0,0.0,0.0,0.0,2021-07-19,1734,lower_mid,False,,56
2026-04-18,4494776745,chgcchfhcfvggjgvhc's Place,All,,,0,0,0,0,0,0.0,0.0,0.0,0.0,2023-03-19,1125,mid,False,,57
2026-04-18,4747349896,rgost1's Place,All,,,0,0,0,0,0,0.0,0.0,0.0,0.0,2023-06-07,1046,mid,False,,58
2026-04-18,1557606948,ProPro1052's Place,All,,,0,0,0,0,0,0.0,0.0,0.0,0.0,2020-02-17,2251,mid,False,,59
2026-04-18,498598030,puppyluver112232's Place,All,,,0,0,0,0,0,0.0,0.0,0.0,0.0,2017-12-05,3055,mid,False,,60
2026-04-19,1686885941,Brookhaven 🏡RP,Town and City,Roleplay & Avatar Sim,Life,489798,81379513248,27133552,7962669,1306838,0.859,0.3334,0.00033342,0.00375252,2020-04-21,2189,top,True,2020,1
2026-04-19,994732206,Blox Fruits,Adventure,RPG,Action RPG,375845,60804002143,18586138,11971250,1032151,0.9206,0.3057,0.00030567,0.00361244,2019-01-16,2650,top,True,2021,2
2026-04-19,6035872082,RIVALS,FPS,Shooter,Deathmatch Shooter,339301,13989355712,70531209,9172130,556190,0.9428,5.0418,0.00504178,0.06053448,2024-05-26,692,breakout,True,2025,3
2026-04-19,383310974,[🎁] Adopt Me!,RPG,Roleplay & Avatar Sim,Pet Care,326200,43202605222,28858732,9013934,1499821,0.8573,0.668,0.00066799,0.00727052,2017-07-14,3200,top,True,2019,4
2026-04-19,7326934954,99 Nights in the Forest 🔦,All,Survival,,304768,26074096562,7154343,4755028,493253,0.906,0.2744,0.00027439,0.00313912,2025-03-04,411,breakout,True,2026,5
2026-04-19,7436755782,[🍬] Grow a Garden 🌶️,All,Simulation,Tycoon,200511,35082627957,10777650,9210210,1039079,0.8986,0.3072,0.00030721,0.00337035,2025-03-25,389,breakout,True,2025,6
2026-04-19,66654135,Murder Mystery 2,Horror,Survival,1 vs All,152057,25123557365,21709978,9496709,961446,0.9081,0.8641,0.00086413,0.0093629,2014-01-18,4473,top,True,2017,7
2026-04-19,3808081382,The Strongest Battlegrounds,Fighting,Action,Battlegrounds & Fighting,85485,17599676267,6792931,4926001,955174,0.8376,0.386,0.00038597,0.00367124,2022-08-02,1356,breakout,True,2024,8
2026-04-19,5361032378,Sol's RNG [ Eon 1-19🥚],All,Simulation,Incremental Simulator,72866,1778413510,915857,1289254,129586,0.9087,0.515,0.00051499,0.00523936,2023-12-03,868,breakout,True,2025,9
2026-04-19,5750914919,Fisch 🌊 [MERMAID COVE],Adventure,Simulation,,43260,4379681196,3276661,2806965,300214,0.9034,0.7482,0.00074815,0.00721486,2024-03-13,766,breakout,True,2025,10
2026-04-19,601130232,Bee Swarm Simulator,Adventure,Simulation,Incremental Simulator,41856,4349544635,6422659,2959727,137475,0.9556,1.4766,0.00147663,0.01501679,2018-03-21,2950,top,True,2018,11
2026-04-19,7018190066,Dead Rails [Beta],All,Adventure,Exploration,36105,6209998033,5627653,3247249,254801,0.9272,0.9062,0.00090622,0.00881818,2025-01-01,472,breakout,True,2025,12
2026-04-19,1831550657,🐣 Creatures of Sonaria 🐇 Survive Kaiju Animals,All,Roleplay & Avatar Sim,Animal Sim,27219,1918481052,9715434,1300000,107173,0.9238,5.0641,0.00506413,0.0477748,2020-06-25,2123,lower_mid,False,,13
2026-04-19,88070565,[📈] Welcome to Bloxburg 🏡,Town and City,Roleplay & Avatar Sim,Life,18491,9889989528,13844729,5559507,733281,0.8835,1.3999,0.00139987,0.01215118,2014-11-04,4184,established,False,,14
2026-04-19,210851291,Build A Boat For Treasure,Adventure,Simulation,Sandbox,18307,4971672958,8308051,3537974,253409,0.9332,1.6711,0.00167108,0.01530552,2016-11-02,3454,top,True,2017,15
2026-04-19,4777817887,Blade Ball,Fighting,Action,Battlegrounds & Fighting,18001,6102275047,12301307,8125313,560424,0.9355,2.0159,0.00201586,0.0184774,2023-06-17,1037,breakout,True,2024,16
2026-04-19,3317679266,PLS DONATE 💸,All,Social,,17863,5009194993,4203446,3556842,260484,0.9318,0.8391,0.00083915,0.00765508,2022-02-05,1533,breakout,True,2024,17
2026-04-19,1176784616,[🐣] Tower Defense Simulator,All,Strategy,Tower Defense,13756,4647387980,3379462,1973462,125599,0.9402,0.7272,0.00072717,0.00651484,2019-06-05,2510,established,False,,18
2026-04-19,2440500124,DOORS  [APRIL FOOLS],Adventure,Survival,Escape,12610,7324682171,7753495,4490224,342875,0.9291,1.0585,0.00105854,0.00928603,2021-03-14,1862,breakout,True,2022,19
2026-04-19,1235188606,[EASTER 🐣] Dragon Adventures 🐉,Adventure,RPG,,12524,1563060970,12809821,1045527,75087,0.933,8.1953,0.00819534,0.0721457,2019-07-15,2469,mid,False,,20
2026-04-19,1720936166,[UPD] All Star Tower Defense,All,Strategy,Tower Defense,11767,7769335477,2308795,1479616,129129,0.9197,0.2972,0.00029717,0.00256182,2020-05-07,2173,established,False,,21
2026-04-19,372226183,Flee the Facility,Horror,Survival,1 vs All,10461,5537963847,9432137,2644160,229669,0.9201,1.7032,0.00170318,0.01450397,2017-07-01,3214,lower_mid,False,,22
2026-04-19,73885730,Prison Life,Town and City,Action,Open World Action,9377,2866085943,5821768,1480657,258004,0.8516,2.0313,0.00203126,0.0158213,2014-05-02,4370,established,False,,23
2026-04-19,5650396773,a dusty trip [🚗QUEST],Adventure,Adventure,,9147,2271431409,2001018,1941225,212076,0.9015,0.881,0.00088095,0.00724401,2024-02-16,792,mid,False,,24
2026-04-19,245662005,Jailbreak,Town and City,Action,Open World Action,9021,7867248382,18539388,5743240,805578,0.877,2.3565,0.00235653,0.01882184,2017-01-06,3389,top,True,2017,25
2026-04-19,1516533665,Piggy,Horror,Survival,,8022,14160762167,12079423,3970582,430883,0.9021,0.853,0.00085302,0.00691798,2020-01-23,2278,established,False,,26
2026-04-19,47545,🍕Work at a Pizza Place,Town and City,Roleplay & Avatar Sim,Life,7778,5466329608,13282818,3377745,260390,0.9284,2.4299,0.00242993,0.02021207,2008-03-28,6595,established,False,,27
2026-04-19,31970568,Theme Park Tycoon 2,Building,Simulation,Tycoon,7159,1557236734,6012145,2044337,255034,0.8891,3.8608,0.00386078,0.03046832,2012-01-02,5221,established,False,,28
2026-04-19,903807016,[⏰] Emergency Response: Liberty County,Town and City,Roleplay & Avatar Sim,Life,6709,1472009934,2756063,1142532,113357,0.9097,1.8723,0.00187231,0.01500853,2018-11-01,2725,mid,False,,29
2026-04-19,65241,Natural Disaster Survival,All,Survival,,6568,4215106677,11529731,4288437,434379,0.908,2.7353,0.00273534,0.02183249,2008-03-28,6595,top,True,2014,30
2026-04-19,321778215,Royale🌼High,All,Roleplay & Avatar Sim,Dress Up,5616,10382603367,13270027,3236498,531868,0.8589,1.2781,0.0012781,0.00947714,2017-04-10,3295,top,True,2018,31
2026-04-19,1359573625,Deepwoken,RPG,RPG,Action RPG,4020,1530150688,990602,397325,60757,0.8674,0.6474,0.00064739,0.00466024,2019-10-12,2380,mid,False,,32
2026-04-19,371263894,Greenville,Town and City,Roleplay & Avatar Sim,Life,3964,1354315281,2575026,998675,141780,0.8757,1.9013,0.00190135,0.01379476,2017-06-28,3216,mid,False,,33
2026-04-19,111958650,Arsenal,Fighting,Shooter,Deathmatch Shooter,3733,6187435311,11462302,5089026,657606,0.8856,1.8525,0.00185251,0.01349369,2015-08-18,3897,established,False,,34
2026-04-19,2404080894,[DUSTIN] Funky Friday,All,Action,Music & Rhythm,2306,1970890188,4071586,1949342,211879,0.902,2.0659,0.00206586,0.01442908,2021-02-26,1877,lower_mid,False,,35
2026-04-19,113491250,Phantom Forces,FPS,Shooter,Deathmatch Shooter,2265,1764331684,5949128,2451011,247968,0.9081,3.3719,0.00337189,0.02365706,2015-08-31,3884,established,False,,36
2026-04-19,1511883870,Shinobi Life 2,All,RPG,Action RPG,2043,2651539883,3008342,2180463,144153,0.938,1.1346,0.00113456,0.0081121,2020-01-20,2280,established,False,,37
2026-04-19,1008451066,[UPD] Da Hood 🔫,Town and City,Action,Open World Action,1878,2895995647,2984145,1285407,537490,0.7051,1.0304,0.00103044,0.00547754,2019-01-27,2639,established,False,,38
2026-04-19,2471084,🌳 Lumber Tycoon 2,Adventure,Simulation,Tycoon,1871,1292473662,4576402,2011052,282297,0.8769,3.5408,0.00354081,0.02339512,2009-07-30,6106,lower_mid,False,,39
2026-04-19,2316994223,Pet Simulator X! 🐾,All,Simulation,Incremental Simulator,1806,8974550314,5962066,4210119,394794,0.9143,0.6643,0.00066433,0.00455496,2021-01-22,1912,breakout,True,2022,40
2026-04-19,110181652,[🐰] Epic Minigames ✨,All,Party & Casual,Minigame,1539,2312211269,8265954,2210683,233170,0.9046,3.5749,0.00357491,0.0237348,2015-07-29,3917,lower_mid,False,,41
2026-04-19,1335695570,⚡Ninja Legends,Fighting,Simulation,Incremental Simulator,1366,2142301824,4675772,1603817,130314,0.9249,2.1826,0.00218259,0.01457489,2019-09-22,2400,top,True,2020,42
2026-04-19,2324662457,[🌊 DISTRICT ARC] Anime Fighters Simulator ,Adventure,Simulation,Incremental Simulator,1361,1327156751,1569286,1148182,86712,0.9298,1.1824,0.00118244,0.00793415,2021-01-25,1909,mid,False,,43
2026-04-19,1434220026,My Restaurant! 👨‍🍳,All,Simulation,Tycoon,891,880901956,2672627,1078395,98905,0.916,3.034,0.00303397,0.01887961,2019-12-06,2326,established,False,,44
2026-04-19,848145103,Dungeon Quest! ⚔️ RPG Adventure,Fighting,RPG,Action RPG,682,2319975040,5809094,1155438,102008,0.9189,2.5039,0.00250395,0.01501628,2018-09-25,2762,mid,False,,45
2026-04-19,83858907,Speed Run 4,Adventure,Obby & Platformer,,553,1722712845,4516318,1026734,363854,0.7383,2.6216,0.00262163,0.01222794,2014-10-20,4198,mid,False,,46
2026-04-19,1424449565,Super Golf!,Sports,Sports & Racing,Sports,453,247979055,960545,310219,78866,0.7973,3.8735,0.00387349,0.01889483,2019-11-29,2333,mid,False,,47
2026-04-19,1168263273,[🎃] Bad Business | FPS ,FPS,Shooter,Deathmatch Shooter,161,545649254,2179489,776579,131189,0.8555,3.9943,0.0039943,0.01738459,2019-05-29,2516,lower_mid,False,,48
2026-04-19,3183403065,[🤹APRIL FOOL'S🤡] AA,All,Strategy,Tower Defense,147,2507727740,1395380,721159,65197,0.9171,0.5564,0.00055643,0.00255007,2021-12-21,1580,established,False,,49
2026-04-19,140239261,🏠 MeepCity 🏠,Town and City,Roleplay & Avatar Sim,,94,16270602191,14757198,2883861,515028,0.8485,0.907,0.00090699,0.00350444,2016-02-23,3707,top,True,2016,50
2026-04-19,1077961373,Giant Simulator,All,Simulation,Incremental Simulator,47,163551666,588165,175824,32880,0.8425,3.5962,0.0035962,0.01172836,2019-03-22,2585,lower_mid,False,,51
2026-04-19,81762198,[Sides] Vehicle Simulator,Town and City,Simulation,Vehicle Sim,10,665708558,3375543,1098981,133150,0.8919,5.0706,0.0050706,0.01084484,2014-08-08,4272,mid,False,,52
2026-04-19,1344222621,malymal91's Place,All,,,0,0,0,0,0,0.0,0.0,0.0,0.0,2019-09-29,2393,mid,False,,53
2026-04-19,67400893,efrenda's Place,All,,,0,0,0,0,0,0.0,0.0,0.0,0.0,2014-01-26,4465,lower_mid,False,,54
2026-04-19,1090335239,aleor3210's Place,All,,,0,0,0,0,0,0.0,0.0,0.0,0.0,2019-03-31,2576,lower_mid,False,,55
2026-04-19,2755335127,####'s Place,All,,,0,0,0,0,0,0.0,0.0,0.0,0.0,2021-07-19,1735,lower_mid,False,,56
2026-04-19,4494776745,chgcchfhcfvggjgvhc's Place,All,,,0,0,0,0,0,0.0,0.0,0.0,0.0,2023-03-19,1126,mid,False,,57
2026-04-19,4747349896,rgost1's Place,All,,,0,0,0,0,0,0.0,0.0,0.0,0.0,2023-06-07,1047,mid,False,,58
2026-04-19,1557606948,ProPro1052's Place,All,,,0,0,0,0,0,0.0,0.0,0.0,0.0,2020-02-17,2252,mid,False,,59
2026-04-19,498598030,puppyluver112232's Place,All,,,0,0,0,0,0,0.0,0.0,0.0,0.0,2017-12-05,3056,mid,False,,60
2026-04-20,1686885941,Brookhaven 🏡RP,Town and City,Roleplay & Avatar Sim,Life,331501,81423427065,27152036,7967335,1307611,0.859,0.3335,0.00033347,0.00364123,2020-04-21,2190,top,True,2020,1
2026-04-20,994732206,Blox Fruits,Adventure,RPG,Action RPG,320612,60830343341,18595729,11976550,1032436,0.9206,0.3057,0.0003057,0.00356806,2019-01-16,2651,top,True,2021,2
2026-04-20,383310974,[🎁] Adopt Me!,RPG,Roleplay & Avatar Sim,Pet Care,278094,43217192765,28866811,9019460,1499888,0.8574,0.6679,0.00066795,0.00717932,2017-07-14,3201,top,True,2019,3
2026-04-20,6035872082,RIVALS,FPS,Shooter,Deathmatch Shooter,216578,14025254652,70717808,9184562,557445,0.9428,5.0422,0.00504218,0.05840208,2024-05-26,693,breakout,True,2025,4
2026-04-20,66654135,Murder Mystery 2,Horror,Survival,1 vs All,111283,25145505036,21721318,9501767,962015,0.9081,0.8638,0.00086383,0.00911469,2014-01-18,4475,top,True,2017,5
2026-04-20,5361032378,Sol's RNG [ Eon 1-19🥚],All,Simulation,Incremental Simulator,65650,1781168500,916741,1290590,129618,0.9087,0.5147,0.00051469,0.00518791,2023-12-03,869,breakout,True,2025,6
2026-04-20,3808081382,The Strongest Battlegrounds,Fighting,Action,Battlegrounds & Fighting,64171,17611955605,6797334,4928272,955742,0.8376,0.3859,0.00038595,0.00357827,2022-08-02,1357,breakout,True,2024,7
2026-04-20,601130232,Bee Swarm Simulator,Adventure,Simulation,Incremental Simulator,39284,4351447248,6423468,2960250,137499,0.9556,1.4762,0.00147617,0.01492266,2018-03-21,2951,top,True,2018,8
2026-04-20,5750914919,Fisch 🌊 [MERMAID COVE],Adventure,Simulation,,29660,4381889675,3279579,2807963,300267,0.9034,0.7484,0.00074844,0.00696258,2024-03-13,767,breakout,True,2025,9
2026-04-20,1831550657,🐣 Creatures of Sonaria 🐇 Survive Kaiju Animals,All,Roleplay & Avatar Sim,Animal Sim,19728,1920593862,9725374,1300902,107244,0.9238,5.0637,0.00506373,0.04626549,2020-06-25,2124,lower_mid,False,,10
2026-04-20,3317679266,PLS DONATE 💸,All,Social,,14078,5012359682,4206013,3558605,260634,0.9318,0.8391,0.00083913,0.00746871,2022-02-05,1534,breakout,True,2024,11
2026-04-20,4777817887,Blade Ball,Fighting,Action,Battlegrounds & Fighting,13023,6104791690,12306944,8127857,560652,0.9355,2.0159,0.00201595,0.0178677,2023-06-17,1038,breakout,True,2024,12
2026-04-20,210851291,Build A Boat For Treasure,Adventure,Simulation,Sandbox,11383,4973156084,8309336,3538832,253456,0.9332,1.6708,0.00167084,0.01456257,2016-11-02,3455,top,True,2017,13
2026-04-20,88070565,[📈] Welcome to Bloxburg 🏡,Town and City,Roleplay & Avatar Sim,Life,11026,9891623976,13845466,5560078,733282,0.8835,1.3997,0.00139972,0.01151064,2014-11-04,4185,established,False,,14
2026-04-20,1720936166,[UPD] All Star Tower Defense,All,Strategy,Tower Defense,10288,7771834361,2308955,1479813,129141,0.9197,0.2971,0.00029709,0.00252448,2020-05-07,2174,established,False,,15
2026-04-20,1235188606,[EASTER 🐣] Dragon Adventures 🐉,Adventure,RPG,,9660,1564085510,12819872,1046034,75109,0.933,8.1964,0.0081964,0.07017047,2019-07-15,2470,mid,False,,16
2026-04-20,372226183,Flee the Facility,Horror,Survival,1 vs All,7988,5540974680,9433980,2645230,229747,0.9201,1.7026,0.00170258,0.01407653,2017-07-01,3215,lower_mid,False,,17
2026-04-20,2440500124,DOORS 👁️,Adventure,Survival,Escape,6552,7326687984,7755517,4491209,342942,0.9291,1.0585,0.00105853,0.00864212,2021-03-14,1863,breakout,True,2022,18
2026-04-20,5650396773,a dusty trip [🚗QUEST],Adventure,Adventure,,6041,2272813969,2002257,1941690,212140,0.9015,0.881,0.00088096,0.00691461,2024-02-16,793,mid,False,,19
2026-04-20,245662005,Jailbreak,Town and City,Action,Open World Action,5707,7868529352,18540272,5743701,805611,0.877,2.3563,0.00235626,0.01787376,2017-01-06,3390,top,True,2017,20
2026-04-20,65241,Natural Disaster Survival,All,Survival,,4845,4216919580,11531937,4289357,434523,0.908,2.7347,0.00273468,0.02107165,2008-03-28,6596,top,True,2014,21
2026-04-20,47545,🍕Work at a Pizza Place,Town and City,Roleplay & Avatar Sim,Life,4834,5467210273,13284780,3378372,260428,0.9284,2.4299,0.0024299,0.01913903,2008-03-28,6596,established,False,,22
2026-04-20,31970568,Theme Park Tycoon 2,Building,Simulation,Tycoon,4135,1557653590,6012691,2044643,255054,0.8891,3.8601,0.0038601,0.02857977,2012-01-02,5222,established,False,,23
2026-04-20,321778215,Royale🌼High,All,Roleplay & Avatar Sim,Dress Up,4035,10383066715,13270193,3236640,531909,0.8589,1.2781,0.00127806,0.00911396,2017-04-10,3296,top,True,2018,24
2026-04-20,1516533665,Piggy,Horror,Survival,,3854,14162299363,12080801,3971333,430907,0.9021,0.853,0.00085303,0.00635409,2020-01-23,2279,established,False,,25
2026-04-20,111958650,Arsenal,Fighting,Shooter,Deathmatch Shooter,2763,6188310954,11462881,5089345,657669,0.8856,1.8523,0.00185234,0.01299899,2015-08-18,3898,established,False,,26
2026-04-20,1359573625,Deepwoken,RPG,RPG,Action RPG,2244,1530834983,990812,397390,60776,0.8673,0.6472,0.00064724,0.00433187,2019-10-12,2381,mid,False,,27
2026-04-20,113491250,Phantom Forces,FPS,Shooter,Deathmatch Shooter,1652,1764583867,5949348,2451114,247996,0.9081,3.3715,0.00337153,0.02268864,2015-08-31,3885,established,False,,28
2026-04-20,1511883870,Shinobi Life 2,All,RPG,Action RPG,1522,2651710342,3008487,2180639,144148,0.938,1.1345,0.00113455,0.00779891,2020-01-20,2281,established,False,,29
2026-04-20,2404080894,[DUSTIN] Funky Friday,All,Action,Music & Rhythm,1453,1971230055,4071831,1949544,211902,0.902,2.0656,0.00206563,0.01356739,2021-02-26,1878,lower_mid,False,,30
2026-04-20,2316994223,Pet Simulator X! 🐾,All,Simulation,Incremental Simulator,1393,8974704289,5962360,4210226,394799,0.9143,0.6644,0.00066435,0.0043975,2021-01-22,1913,breakout,True,2022,31
2026-04-20,2471084,🌳 Lumber Tycoon 2,Adventure,Simulation,Tycoon,1272,1292610494,4576837,2011144,282309,0.8769,3.5408,0.00354077,0.02219752,2009-07-30,6107,lower_mid,False,,32
2026-04-20,1008451066,[UPD] Da Hood 🔫,Town and City,Action,Open World Action,1208,2896288097,2984198,1285466,537525,0.7051,1.0304,0.00103035,0.00515668,2019-01-27,2640,established,False,,33
2026-04-20,110181652,[🐰] Epic Minigames ✨,All,Party & Casual,Minigame,1070,2312435264,8267284,2211069,233184,0.9046,3.5751,0.00357514,0.022562,2015-07-29,3918,lower_mid,False,,34
2026-04-20,1335695570,⚡Ninja Legends,Fighting,Simulation,Incremental Simulator,969,2142434269,4676203,1603958,130320,0.9249,2.1827,0.00218266,0.01388282,2019-09-22,2401,top,True,2020,35
2026-04-20,1434220026,My Restaurant! 👨‍🍳,All,Simulation,Tycoon,601,880957519,2672661,1078488,98907,0.916,3.0338,0.00303381,0.01778605,2019-12-06,2327,established,False,,36
2026-04-20,83858907,Speed Run 4,Adventure,Obby & Platformer,,383,1722831758,4516537,1026791,363877,0.7383,2.6216,0.00262158,0.01151821,2014-10-20,4199,mid,False,,37
2026-04-20,1424449565,Super Golf!,Sports,Sports & Racing,Sports,302,248049737,960784,310281,78878,0.7973,3.8734,0.00387335,0.01764554,2019-11-29,2334,mid,False,,38
2026-04-20,3183403065,[🤹APRIL FOOL'S🤡] AA,All,Strategy,Tower Defense,147,2507743815,1395321,721166,65196,0.9171,0.5564,0.0005564,0.00254995,2021-12-21,1581,established,False,,39
2026-04-20,140239261,🏠 MeepCity 🏠,Town and City,Roleplay & Avatar Sim,,57,16270652098,14757430,2883897,515057,0.8485,0.907,0.000907,0.00312474,2016-02-23,3708,top,True,2016,40
2026-04-20,81762198,[Sides] Vehicle Simulator,Town and City,Simulation,Vehicle Sim,13,665711701,3375526,1098983,133150,0.8919,5.0706,0.00507055,0.01193541,2014-08-08,4273,mid,False,,41
2026-04-20,1344222621,malymal91's Place,All,,,0,0,0,0,0,0.0,0.0,0.0,0.0,2019-09-29,2394,mid,False,,42
2026-04-20,67400893,efrenda's Place,All,,,0,0,0,0,0,0.0,0.0,0.0,0.0,2014-01-26,4466,lower_mid,False,,43
2026-04-20,1090335239,aleor3210's Place,All,,,0,0,0,0,0,0.0,0.0,0.0,0.0,2019-03-31,2577,lower_mid,False,,44
2026-04-20,2755335127,####'s Place,All,,,0,0,0,0,0,0.0,0.0,0.0,0.0,2021-07-19,1736,lower_mid,False,,45
2026-04-20,4494776745,chgcchfhcfvggjgvhc's Place,All,,,0,0,0,0,0,0.0,0.0,0.0,0.0,2023-03-19,1127,mid,False,,46
2026-04-20,4747349896,rgost1's Place,All,,,0,0,0,0,0,0.0,0.0,0.0,0.0,2023-06-07,1048,mid,False,,47
2026-04-20,1557606948,ProPro1052's Place,All,,,0,0,0,0,0,0.0,0.0,0.0,0.0,2020-02-17,2253,mid,False,,48
2026-04-21,994732206,Blox Fruits,Adventure,RPG,Action RPG,309530,60852980662,18603913,11981047,1032718,0.9206,0.3057,0.00030572,0.00355843,2019-01-16,2652,top,True,2021,1
2026-04-21,1686885941,Brookhaven 🏡RP,Town and City,Roleplay & Avatar Sim,Life,305423,81458353052,27166741,7971137,1308123,0.859,0.3335,0.0003335,0.00361821,2020-04-21,2191,top,True,2020,2
2026-04-21,383310974,[🎁] Adopt Me!,RPG,Roleplay & Avatar Sim,Pet Care,293609,43228429553,28873199,9023178,1499951,0.8575,0.6679,0.00066792,0.00721051,2017-07-14,3202,top,True,2019,3
2026-04-21,6035872082,RIVALS,FPS,Shooter,Deathmatch Shooter,202798,14051625954,70849749,9193463,558313,0.9427,5.0421,0.0050421,0.05808678,2024-05-26,694,breakout,True,2025,4
2026-04-21,66654135,Murder Mystery 2,Horror,Survival,1 vs All,106398,25163011082,21730071,9505659,962466,0.9081,0.8636,0.00086357,0.00907676,2014-01-18,4475,top,True,2017,5
2026-04-21,5361032378,Sol's RNG [ Eon 1-19🥚],All,Simulation,Incremental Simulator,66996,1783780506,918175,1292257,129646,0.9088,0.5147,0.00051474,0.00519842,2023-12-03,870,breakout,True,2025,6
2026-04-21,3808081382,The Strongest Battlegrounds,Fighting,Action,Battlegrounds & Fighting,60695,17621619846,6800629,4929973,956135,0.8376,0.3859,0.00038593,0.00356,2022-08-02,1358,breakout,True,2024,7
2026-04-21,601130232,Bee Swarm Simulator,Adventure,Simulation,Incremental Simulator,38148,4353137214,6423960,2960660,137513,0.9556,1.4757,0.00147571,0.01487665,2018-03-21,2952,top,True,2018,8
2026-04-21,5750914919,Fisch 🌊 [MERMAID COVE],Adventure,Simulation,,26801,4383460722,3282244,2808664,300302,0.9034,0.7488,0.00074878,0.00689727,2024-03-13,768,breakout,True,2025,9
2026-04-21,1831550657,🐣 Creatures of Sonaria 🐇 Survive Kaiju Animals,All,Roleplay & Avatar Sim,Animal Sim,18886,1922170101,9731599,1301479,107293,0.9238,5.0628,0.00506282,0.04605309,2020-06-25,2125,lower_mid,False,,10
2026-04-21,3317679266,PLS DONATE 💸,All,Social,,13758,5014857846,4208031,3559977,260720,0.9318,0.8391,0.00083911,0.00745062,2022-02-05,1535,breakout,True,2024,11
2026-04-21,4777817887,Blade Ball,Fighting,Action,Battlegrounds & Fighting,11978,6106676321,12310823,8129593,560805,0.9355,2.016,0.00201596,0.01771002,2023-06-17,1039,breakout,True,2024,12
2026-04-21,210851291,Build A Boat For Treasure,Adventure,Simulation,Sandbox,10745,4974228033,8310330,3539374,253489,0.9332,1.6707,0.00167068,0.01447128,2016-11-02,3456,top,True,2017,13
2026-04-21,88070565,[📈] Welcome to Bloxburg 🏡,Town and City,Roleplay & Avatar Sim,Life,10312,9892762274,13846105,5560508,733284,0.8835,1.3996,0.00139962,0.01142717,2014-11-04,4186,established,False,,14
2026-04-21,1720936166,[UPD] All Star Tower Defense,All,Strategy,Tower Defense,9716,7773988368,2309097,1479960,129151,0.9197,0.297,0.00029703,0.00250832,2020-05-07,2175,established,False,,15
2026-04-21,1235188606,[EASTER 🐣] Dragon Adventures 🐉,Adventure,RPG,,7761,1564864443,12827183,1046381,75111,0.933,8.197,0.00819699,0.06850316,2019-07-15,2471,mid,False,,16
2026-04-21,372226183,Flee the Facility,Horror,Survival,1 vs All,7163,5543527036,9435384,2646149,229812,0.9201,1.7021,0.00170205,0.01390152,2017-07-01,3216,lower_mid,False,,17
2026-04-21,2440500124,DOORS 👁️,Adventure,Survival,Escape,5917,7328113211,7757006,4491951,342989,0.9291,1.0585,0.00105853,0.00854188,2021-03-14,1864,breakout,True,2022,18
2026-04-21,245662005,Jailbreak,Town and City,Action,Open World Action,5458,7869496464,18540858,5743996,805653,0.877,2.356,0.00235604,0.01777997,2017-01-06,3391,top,True,2017,19
2026-04-21,5650396773,a dusty trip [🚗QUEST],Adventure,Adventure,,5286,2273848507,2003242,1942001,212188,0.9015,0.881,0.00088099,0.0068088,2024-02-16,794,mid,False,,20
2026-04-21,47545,🍕Work at a Pizza Place,Town and City,Roleplay & Avatar Sim,Life,4606,5467889302,13286232,3378851,260452,0.9284,2.4299,0.00242986,0.01902984,2008-03-28,6597,established,False,,21
2026-04-21,65241,Natural Disaster Survival,All,Survival,,4258,4218289242,11533378,4290029,434614,0.908,2.7341,0.00273414,0.02074679,2008-03-28,6597,top,True,2014,22
2026-04-21,31970568,Theme Park Tycoon 2,Building,Simulation,Tycoon,4027,1557942839,6013081,2044841,255066,0.8891,3.8596,0.00385963,0.02848568,2012-01-02,5223,established,False,,23
2026-04-21,321778215,Royale🌼High,All,Roleplay & Avatar Sim,Dress Up,3687,10383434860,13270420,3236772,531907,0.8589,1.278,0.00127804,0.00901488,2017-04-10,3297,top,True,2018,24
2026-04-21,1516533665,Piggy,Horror,Survival,,3469,14163314642,12081548,3971817,430936,0.9021,0.853,0.00085302,0.0062731,2020-01-23,2280,established,False,,25
2026-04-21,111958650,Arsenal,Fighting,Shooter,Deathmatch Shooter,2549,6189001580,11463166,5089570,657713,0.8856,1.8522,0.00185218,0.01286565,2015-08-18,3899,established,False,,26
2026-04-21,1359573625,Deepwoken,RPG,RPG,Action RPG,2218,1531321211,990996,397457,60790,0.8673,0.6472,0.00064715,0.00432472,2019-10-12,2382,mid,False,,27
2026-04-21,113491250,Phantom Forces,FPS,Shooter,Deathmatch Shooter,1617,1764804563,5949485,2451187,248012,0.9081,3.3712,0.00337119,0.02262074,2015-08-31,3886,established,False,,28
2026-04-21,1511883870,Shinobi Life 2,All,RPG,Action RPG,1434,2651842632,3008605,2180762,144157,0.938,1.1345,0.00113453,0.00773549,2020-01-20,2282,established,False,,29
2026-04-21,1008451066,Da Hood 🔫,Town and City,Action,Open World Action,1335,2896522221,2984313,1285516,537544,0.7051,1.0303,0.00103031,0.00522904,2019-01-27,2641,established,False,,30
2026-04-21,2316994223,Pet Simulator X! 🐾,All,Simulation,Incremental Simulator,1298,8974829706,5962390,4210285,394803,0.9143,0.6643,0.00066435,0.00435459,2021-01-22,1914,breakout,True,2022,31
2026-04-21,2404080894,[DUSTIN] Funky Friday,All,Action,Music & Rhythm,1289,1971487993,4072034,1949679,211914,0.902,2.0655,0.00206546,0.01334335,2021-02-26,1879,lower_mid,False,,32
2026-04-21,2471084,🌳 Lumber Tycoon 2,Adventure,Simulation,Tycoon,1254,1292716014,4577023,2011215,282315,0.8769,3.5406,0.00354063,0.02215243,2009-07-30,6108,lower_mid,False,,33
2026-04-21,110181652,[🐰] Epic Minigames ✨,All,Party & Casual,Minigame,978,2312610319,8268228,2211348,233197,0.9046,3.5753,0.00357528,0.02227253,2015-07-29,3919,lower_mid,False,,34
2026-04-21,1335695570,⚡Ninja Legends,Fighting,Simulation,Incremental Simulator,806,2142532048,4676393,1604066,130324,0.9249,2.1826,0.00218265,0.01351142,2019-09-22,2402,top,True,2020,35
2026-04-21,1434220026,My Restaurant! 👨‍🍳,All,Simulation,Tycoon,607,880999788,2672665,1078533,98913,0.916,3.0337,0.00303367,0.01781275,2019-12-06,2328,established,False,,36
2026-04-21,83858907,Speed Run 4,Adventure,Obby & Platformer,,344,1722921815,4516673,1026843,363897,0.7383,2.6215,0.00262152,0.01131065,2014-10-20,4200,mid,False,,37
2026-04-21,1424449565,Super Golf!,Sports,Sports & Racing,Sports,269,248102579,960965,310319,78890,0.7973,3.8733,0.00387326,0.0172889,2019-11-29,2335,mid,False,,38
2026-04-21,3183403065,[🤹APRIL FOOL'S🤡] AA,All,Strategy,Tower Defense,112,2507758321,1395284,721174,65200,0.9171,0.5564,0.00055639,0.00241218,2021-12-21,1582,established,False,,39
2026-04-21,140239261,🏠 MeepCity 🏠,Town and City,Roleplay & Avatar Sim,,66,16270687764,14757469,2883938,515079,0.8485,0.907,0.000907,0.00323573,2016-02-23,3709,top,True,2016,40
2026-04-21,81762198,[Sides] Vehicle Simulator,Town and City,Simulation,Vehicle Sim,18,665714144,3375517,1098986,133149,0.8919,5.0705,0.00507052,0.01331646,2014-08-08,4274,mid,False,,41
2026-04-21,1344222621,malymal91's Place,All,,,0,0,0,0,0,0.0,0.0,0.0,0.0,2019-09-29,2395,mid,False,,42
2026-04-21,67400893,efrenda's Place,All,,,0,0,0,0,0,0.0,0.0,0.0,0.0,2014-01-26,4467,lower_mid,False,,43
2026-04-21,1090335239,aleor3210's Place,All,,,0,0,0,0,0,0.0,0.0,0.0,0.0,2019-03-31,2578,lower_mid,False,,44
2026-04-21,2755335127,####'s Place,All,,,0,0,0,0,0,0.0,0.0,0.0,0.0,2021-07-19,1737,lower_mid,False,,45
2026-04-21,4494776745,chgcchfhcfvggjgvhc's Place,All,,,0,0,0,0,0,0.0,0.0,0.0,0.0,2023-03-19,1128,mid,False,,46
2026-04-21,4747349896,rgost1's Place,All,,,0,0,0,0,0,0.0,0.0,0.0,0.0,2023-06-07,1049,mid,False,,47
2026-04-21,1557606948,ProPro1052's Place,All,,,0,0,0,0,0,0.0,0.0,0.0,0.0,2020-02-17,2254,mid,False,,48
2026-04-22,994732206,Blox Fruits,Adventure,RPG,Action RPG,319766,60875866912,18612465,11985468,1032956,0.9207,0.3057,0.00030574,0.00356792,2019-01-16,2653,top,True,2021,1
2026-04-22,1686885941,Brookhaven 🏡RP,Town and City,Roleplay & Avatar Sim,Life,301621,81492581271,27181422,7974790,1308669,0.859,0.3335,0.00033354,0.00361507,2020-04-21,2192,top,True,2020,2
2026-04-22,383310974,[🎁] Adopt Me!,RPG,Roleplay & Avatar Sim,Pet Care,267842,43239413558,28878902,9026668,1500001,0.8575,0.6679,0.00066788,0.00715786,2017-07-14,3203,top,True,2019,3
2026-04-22,6035872082,RIVALS,FPS,Shooter,Deathmatch Shooter,204445,14078655722,70983345,9202604,559160,0.9427,5.0419,0.00504191,0.05812129,2024-05-26,695,breakout,True,2025,4
2026-04-22,66654135,Murder Mystery 2,Horror,Survival,1 vs All,107452,25180537021,21738970,9509484,962907,0.9081,0.8633,0.00086332,0.00908184,2014-01-18,4476,top,True,2017,5
2026-04-22,5361032378,Sol's RNG [ Eon 1-19🥚],All,Simulation,Incremental Simulator,66655,1786420145,919397,1293702,129669,0.9089,0.5147,0.00051466,0.0051957,2023-12-03,871,breakout,True,2025,6
2026-04-22,3808081382,The Strongest Battlegrounds,Fighting,Action,Battlegrounds & Fighting,61918,17631389250,6803764,4931708,956534,0.8376,0.3859,0.00038589,0.00356608,2022-08-02,1359,breakout,True,2024,7
2026-04-22,601130232,Bee Swarm Simulator,Adventure,Simulation,Incremental Simulator,37524,4354862349,6424360,2961026,137533,0.9556,1.4752,0.00147522,0.01484842,2018-03-21,2953,top,True,2018,8
2026-04-22,5750914919,Fisch 🌊 [MERMAID COVE],Adventure,Simulation,,25189,4384932875,3284519,2809292,300328,0.9034,0.749,0.00074905,0.00685785,2024-03-13,769,breakout,True,2025,9
2026-04-22,1831550657,🐣 Creatures of Sonaria 🐇 Survive Kaiju Animals,All,Roleplay & Avatar Sim,Animal Sim,18626,1923790866,9737574,1302062,107355,0.9238,5.0617,0.00506166,0.04597727,2020-06-25,2126,lower_mid,False,,10
2026-04-22,3317679266,PLS DONATE 💸,All,Social,,13051,5017255671,4209801,3561378,260844,0.9318,0.8391,0.00083906,0.00740891,2022-02-05,1536,breakout,True,2024,11
2026-04-22,4777817887,Blade Ball,Fighting,Action,Battlegrounds & Fighting,11824,6108524923,12314524,8131232,560959,0.9355,2.016,0.00201596,0.0176855,2023-06-17,1040,breakout,True,2024,12
2026-04-22,210851291,Build A Boat For Treasure,Adventure,Simulation,Sandbox,10147,4975251966,8311216,3539886,253534,0.9332,1.6705,0.00167051,0.01438056,2016-11-02,3457,top,True,2017,13
2026-04-22,88070565,[📈] Welcome to Bloxburg 🏡,Town and City,Roleplay & Avatar Sim,Life,9872,9893855593,13846673,5560951,733267,0.8835,1.3995,0.00139952,0.0113726,2014-11-04,4187,established,False,,14
2026-04-22,1720936166,[UPD] All Star Tower Defense,All,Strategy,Tower Defense,8813,7776041520,2309202,1480113,129164,0.9197,0.297,0.00029696,0.00248113,2020-05-07,2176,established,False,,15
2026-04-22,1235188606,[EASTER 🐣] Dragon Adventures 🐉,Adventure,RPG,,7727,1565594514,12833985,1046700,75131,0.933,8.1975,0.00819752,0.06847412,2019-07-15,2472,mid,False,,16
2026-04-22,372226183,Flee the Facility,Horror,Survival,1 vs All,6764,5546037374,9436697,2646975,229885,0.9201,1.7015,0.00170152,0.01380744,2017-07-01,3217,lower_mid,False,,17
2026-04-22,2440500124,DOORS 👁️,Adventure,Survival,Escape,5516,7329486686,7758260,4492675,343017,0.9291,1.0585,0.0010585,0.00847271,2021-03-14,1865,breakout,True,2022,18
2026-04-22,5650396773,a dusty trip [🚗QUEST],Adventure,Adventure,,5474,2274868830,2004126,1942310,212220,0.9015,0.881,0.00088099,0.00683651,2024-02-16,795,mid,False,,19
2026-04-22,245662005,Jailbreak [9 Years!],Town and City,Action,Open World Action,5466,7870540643,18541375,5744385,805691,0.877,2.3558,0.00235579,0.01778117,2017-01-06,3392,top,True,2017,20
2026-04-22,47545,🍕Work at a Pizza Place,Town and City,Roleplay & Avatar Sim,Life,4426,5468537852,13287562,3379316,260469,0.9284,2.4298,0.00242982,0.01893968,2008-03-28,6598,established,False,,21
2026-04-22,65241,Natural Disaster Survival,All,Survival,,3868,4219558913,11534587,4290607,434720,0.908,2.7336,0.0027336,0.02050413,2008-03-28,6598,top,True,2014,22
2026-04-22,31970568,Theme Park Tycoon 2,Building,Simulation,Tycoon,3863,1558227005,6013452,2045044,255078,0.8891,3.8592,0.00385916,0.02833978,2012-01-02,5224,established,False,,23
2026-04-22,321778215,Royale🌼High,All,Roleplay & Avatar Sim,Dress Up,3818,10383787854,13270516,3236892,531920,0.8589,1.278,0.001278,0.00905297,2017-04-10,3298,top,True,2018,24
2026-04-22,1516533665,Piggy,Horror,Survival,,3298,14164290415,12082231,3972307,430948,0.9021,0.853,0.00085301,0.00623419,2020-01-23,2281,established,False,,25
2026-04-22,111958650,Arsenal,Fighting,Shooter,Deathmatch Shooter,2497,6189660976,11463363,5089757,657776,0.8856,1.852,0.00185202,0.01283062,2015-08-18,3900,established,False,,26
2026-04-22,1359573625,Deepwoken,RPG,RPG,Action RPG,2091,1531807348,991160,397521,60794,0.8674,0.6471,0.00064705,0.00429104,2019-10-12,2383,mid,False,,27
2026-04-22,113491250,Phantom Forces,FPS,Shooter,Deathmatch Shooter,1655,1765029647,5949635,2451275,248035,0.9081,3.3708,0.00337084,0.02268937,2015-08-31,3887,established,False,,28
2026-04-22,1511883870,Shinobi Life 2,All,RPG,Action RPG,1406,2651970469,3008679,2180882,144163,0.938,1.1345,0.00113451,0.00771434,2020-01-20,2283,established,False,,29
2026-04-22,2316994223,Pet Simulator X! 🐾,All,Simulation,Incremental Simulator,1352,8974956726,5962386,4210346,394809,0.9143,0.6643,0.00066434,0.00437927,2021-01-22,1915,breakout,True,2022,30
2026-04-22,2404080894,Funky Friday,All,Action,Music & Rhythm,1331,1971746456,4072199,1949814,211923,0.902,2.0653,0.00206528,0.01340186,2021-02-26,1880,lower_mid,False,,31
2026-04-22,1008451066,Da Hood 🔫,Town and City,Action,Open World Action,1261,2896767510,2984344,1285557,537567,0.7051,1.0302,0.00103023,0.00518724,2019-01-27,2642,established,False,,32
2026-04-22,2471084,🌳 Lumber Tycoon 2,Adventure,Simulation,Tycoon,1147,1292821981,4577148,2011290,282331,0.8769,3.5404,0.00354043,0.0218745,2009-07-30,6109,lower_mid,False,,33
2026-04-22,110181652,[🐰] Epic Minigames ✨,All,Party & Casual,Minigame,872,2312774657,8268973,2211569,233205,0.9046,3.5753,0.00357535,0.02190246,2015-07-29,3920,lower_mid,False,,34
2026-04-22,1335695570,⚡Ninja Legends,Fighting,Simulation,Incremental Simulator,822,2142627379,4676508,1604151,130329,0.9249,2.1826,0.0021826,0.0135508,2019-09-22,2403,top,True,2020,35
2026-04-22,1434220026,My Restaurant! 👨‍🍳,All,Simulation,Tycoon,661,881042759,2672686,1078588,98913,0.916,3.0335,0.00303355,0.01804854,2019-12-06,2329,established,False,,36
2026-04-22,83858907,Speed Run 4,Adventure,Obby & Platformer,,366,1723017356,4516820,1026882,363918,0.7383,2.6215,0.00262146,0.01142998,2014-10-20,4201,mid,False,,37
2026-04-22,1424449565,Super Golf!,Sports,Sports & Racing,Sports,248,248154965,961120,310366,78902,0.7973,3.8731,0.00387306,0.017038,2019-11-29,2336,mid,False,,38
2026-04-22,3183403065,[🤹APRIL FOOL'S🤡] AA,All,Strategy,Tower Defense,124,2507772272,1395241,721182,65198,0.9171,0.5564,0.00055637,0.00246359,2021-12-21,1583,established,False,,39
2026-04-22,140239261,🏠 MeepCity 🏠,Town and City,Roleplay & Avatar Sim,,60,16270722670,14757419,2883969,515099,0.8485,0.907,0.00090699,0.0031635,2016-02-23,3710,top,True,2016,40
2026-04-22,81762198,[Sides] Vehicle Simulator,Town and City,Simulation,Vehicle Sim,5,665716661,3375509,1098994,133149,0.8919,5.0705,0.00507049,0.00810333,2014-08-08,4275,mid,False,,41
2026-04-22,1344222621,malymal91's Place,All,,,0,0,0,0,0,0.0,0.0,0.0,0.0,2019-09-29,2396,mid,False,,42
2026-04-22,67400893,efrenda's Place,All,,,0,0,0,0,0,0.0,0.0,0.0,0.0,2014-01-26,4468,lower_mid,False,,43
2026-04-22,1090335239,aleor3210's Place,All,,,0,0,0,0,0,0.0,0.0,0.0,0.0,2019-03-31,2579,lower_mid,False,,44
2026-04-22,2755335127,####'s Place,All,,,0,0,0,0,0,0.0,0.0,0.0,0.0,2021-07-19,1738,lower_mid,False,,45
2026-04-22,4494776745,chgcchfhcfvggjgvhc's Place,All,,,0,0,0,0,0,0.0,0.0,0.0,0.0,2023-03-19,1129,mid,False,,46
2026-04-22,4747349896,rgost1's Place,All,,,0,0,0,0,0,0.0,0.0,0.0,0.0,2023-06-07,1050,mid,False,,47
2026-04-22,1557606948,ProPro1052's Place,All,,,0,0,0,0,0,0.0,0.0,0.0,0.0,2020-02-17,2255,mid,False,,48
2026-04-23,383310974,[🎁] Adopt Me!,RPG,Roleplay & Avatar Sim,Pet Care,349394,43250073640,28884625,9029971,1500038,0.8575,0.6679,0.00066785,0.00731009,2017-07-14,3204,top,True,2019,1
2026-04-23,994732206,Blox Fruits,Adventure,RPG,Action RPG,333281,60900243451,18620829,11989956,1033163,0.9207,0.3058,0.00030576,0.0035798,2019-01-16,2654,top,True,2021,2
2026-04-23,1686885941,Brookhaven 🏡RP,Town and City,Roleplay & Avatar Sim,Life,307252,81524488402,27196288,7978186,1309127,0.859,0.3336,0.0003336,0.00362098,2020-04-21,2193,top,True,2020,3
2026-04-23,6035872082,RIVALS,FPS,Shooter,Deathmatch Shooter,208786,14105456726,71114662,9211572,559963,0.9427,5.0416,0.00504164,0.0582165,2024-05-26,696,breakout,True,2025,4
2026-04-23,7326934954,99 Nights in the Forest 🔦,All,Survival,,187396,26151068525,7207533,4768331,495496,0.9059,0.2756,0.00027561,0.00303121,2025-03-04,415,breakout,True,2026,5
2026-04-23,7436755782,[🍬] Grow a Garden 🌶️,All,Simulation,Tycoon,121390,35135224241,10805765,9225297,1039748,0.8987,0.3075,0.00030755,0.00323571,2025-03-25,393,breakout,True,2025,6
2026-04-23,66654135,Murder Mystery 2,Horror,Survival,1 vs All,107109,25197356056,21747603,9513236,963280,0.9081,0.8631,0.00086309,0.00907688,2014-01-18,4478,top,True,2017,7
2026-04-23,5361032378,Sol's RNG [ Eon 1-19🥚],All,Simulation,Incremental Simulator,66473,1788895896,920461,1294915,129699,0.909,0.5145,0.00051454,0.00519357,2023-12-03,872,breakout,True,2025,8
2026-04-23,3808081382,The Strongest Battlegrounds,Fighting,Action,Battlegrounds & Fighting,64868,17641083930,6806934,4933417,957022,0.8375,0.3859,0.00038586,0.00358073,2022-08-02,1360,breakout,True,2024,9
2026-04-23,601130232,Bee Swarm Simulator,Adventure,Simulation,Incremental Simulator,36505,4356652454,6424699,2961385,137544,0.9556,1.4747,0.00147469,0.01480433,2018-03-21,2954,top,True,2018,10
2026-04-23,5750914919,Fisch 🌊 [MERMAID COVE],Adventure,Simulation,,24211,4386291804,3286937,2809869,300365,0.9034,0.7494,0.00074937,0.00683402,2024-03-13,770,breakout,True,2025,11
2026-04-23,1831550657,🐣 Creatures of Sonaria 🐇 Survive Kaiju Animals,All,Roleplay & Avatar Sim,Animal Sim,18733,1925234760,9743440,1302585,107391,0.9238,5.0609,0.00506091,0.04599748,2020-06-25,2127,lower_mid,False,,12
2026-04-23,7018190066,Dead Rails [Beta],All,Adventure,Exploration,18604,6220562750,5642214,3250666,255218,0.9272,0.907,0.00090703,0.008268,2025-01-01,476,breakout,True,2025,13
2026-04-23,1176784616,[☣️ NEW TOWER] Tower Defense Simulator,All,Strategy,Tower Defense,15144,4653099789,3381819,1975704,125697,0.9402,0.7268,0.00072679,0.0065772,2019-06-05,2514,established,False,,14
2026-04-23,3317679266,PLS DONATE 💸,All,Social,,13425,5019614403,4211817,3562753,260950,0.9318,0.8391,0.00083907,0.00743105,2022-02-05,1537,breakout,True,2024,15
2026-04-23,4777817887,Blade Ball,Fighting,Action,Battlegrounds & Fighting,11261,6110272772,12317913,8132652,561094,0.9355,2.0159,0.00201594,0.01759323,2023-06-17,1041,breakout,True,2024,16
2026-04-23,210851291,Build A Boat For Treasure,Adventure,Simulation,Sandbox,10380,4976189605,8312039,3540378,253557,0.9332,1.6704,0.00167036,0.0144147,2016-11-02,3458,top,True,2017,17
2026-04-23,88070565,[📈] Welcome to Bloxburg 🏡,Town and City,Roleplay & Avatar Sim,Life,9822,9894868669,13847225,5561352,733264,0.8835,1.3994,0.00139943,0.01136571,2014-11-04,4188,established,False,,18
2026-04-23,1720936166,[UPD] All Star Tower Defense,All,Strategy,Tower Defense,8169,7777890068,2309313,1480242,129170,0.9197,0.2969,0.00029691,0.00245995,2020-05-07,2177,established,False,,19
2026-04-23,1235188606,[EASTER 🐣] Dragon Adventures 🐉,Adventure,RPG,,7912,1566286737,12841394,1047002,75143,0.933,8.1986,0.00819862,0.06866493,2019-07-15,2473,mid,False,,20
2026-04-23,372226183,Flee the Facility,Horror,Survival,1 vs All,6695,5548122425,9437973,2647706,229946,0.9201,1.7011,0.00170111,0.01378808,2017-07-01,3218,lower_mid,False,,21
2026-04-23,2440500124,DOORS 👁️,Adventure,Survival,Escape,6628,7330782357,7759531,4493311,343047,0.9291,1.0585,0.00105849,0.0086532,2021-03-14,1866,breakout,True,2022,22
2026-04-23,73885730,Prison Life,Town and City,Action,Open World Action,6219,2870650175,5826051,1482306,258355,0.8516,2.0295,0.00202952,0.01509756,2014-05-02,4374,established,False,,23
2026-04-23,5650396773,a dusty trip [🚗QUEST],Adventure,Adventure,,5899,2275817845,2005069,1942605,212277,0.9015,0.881,0.00088103,0.00689617,2024-02-16,796,mid,False,,24
2026-04-23,245662005,Jailbreak ,Town and City,Action,Open World Action,5339,7871490339,18541834,5744703,805737,0.877,2.3556,0.00235557,0.01773091,2017-01-06,3393,top,True,2017,25
2026-04-23,47545,🍕Work at a Pizza Place,Town and City,Roleplay & Avatar Sim,Life,4292,5469127437,13288859,3379721,260490,0.9284,2.4298,0.0024298,0.0188702,2008-03-28,6599,established,False,,26
2026-04-23,65241,Natural Disaster Survival,All,Survival,,3837,4220721839,11535759,4291175,434803,0.908,2.7331,0.00273312,0.02048049,2008-03-28,6599,top,True,2014,27
2026-04-23,321778215,Royale🌼High,All,Roleplay & Avatar Sim,Dress Up,3771,10384121568,13270637,3236997,531942,0.8589,1.278,0.00127797,0.00903915,2017-04-10,3299,top,True,2018,28
2026-04-23,31970568,Theme Park Tycoon 2,Building,Simulation,Tycoon,3756,1558498683,6013811,2045236,255078,0.8891,3.8587,0.00385872,0.02824048,2012-01-02,5225,established,False,,29
2026-04-23,1516533665,Piggy,Horror,Survival,,3387,14165162296,12082903,3972716,430961,0.9021,0.853,0.000853,0.00625468,2020-01-23,2282,established,False,,30
2026-04-23,903807016,Emergency Response: Liberty County,Town and City,Roleplay & Avatar Sim,Life,3101,1474826496,2757968,1143413,113544,0.9097,1.87,0.00187003,0.01367654,2018-11-01,2729,mid,False,,31
2026-04-23,111958650,Arsenal,Fighting,Shooter,Deathmatch Shooter,2605,6190287364,11463597,5089964,657821,0.8856,1.8519,0.00185187,0.01289896,2015-08-18,3901,established,False,,32
2026-04-23,371263894,Greenville,Town and City,Roleplay & Avatar Sim,Life,2401,1355864458,2576860,999729,141882,0.8757,1.9005,0.00190053,0.01295522,2017-06-28,3220,mid,False,,33
2026-04-23,1359573625,Deepwoken,RPG,RPG,Action RPG,2152,1532278119,991292,397568,60810,0.8673,0.6469,0.00064694,0.00430634,2019-10-12,2384,mid,False,,34
2026-04-23,113491250,Phantom Forces,FPS,Shooter,Deathmatch Shooter,1657,1765248937,5949771,2451347,248063,0.9081,3.3705,0.0033705,0.02269059,2015-08-31,3888,established,False,,35
2026-04-23,2404080894,Funky Friday,All,Action,Music & Rhythm,1463,1972004855,4072392,1949935,211944,0.902,2.0651,0.0020651,0.01357669,2021-02-26,1881,lower_mid,False,,36
2026-04-23,2324662457,[🌊 DISTRICT ARC] Anime Fighters Simulator ,Adventure,Simulation,Incremental Simulator,1427,1327449171,1569264,1148327,86713,0.9298,1.1822,0.00118217,0.00798436,2021-01-25,1913,mid,False,,37
2026-04-23,2316994223,Pet Simulator X! 🐾,All,Simulation,Incremental Simulator,1371,8975084419,5962389,4210435,394817,0.9143,0.6643,0.00066433,0.00438768,2021-01-22,1916,breakout,True,2022,38
2026-04-23,1511883870,Shinobi Life 2,All,RPG,Action RPG,1354,2652085469,3008756,2181000,144170,0.938,1.1345,0.00113449,0.00767413,2020-01-20,2284,established,False,,39
2026-04-23,2471084,🌳 Lumber Tycoon 2,Adventure,Simulation,Tycoon,1254,1292921190,4577255,2011378,282345,0.8769,3.5402,0.00354024,0.02214997,2009-07-30,6110,lower_mid,False,,40
2026-04-23,1008451066,Da Hood,Town and City,Action,Open World Action,1215,2897000072,2984400,1285602,537589,0.7051,1.0302,0.00103017,0.00515994,2019-01-27,2643,established,False,,41
2026-04-23,110181652,[🐰] Epic Minigames ✨,All,Party & Casual,Minigame,932,2312932090,8269685,2211792,233208,0.9046,3.5754,0.00357541,0.02211802,2015-07-29,3921,lower_mid,False,,42
2026-04-23,1335695570,⚡Ninja Legends,Fighting,Simulation,Incremental Simulator,839,2142712332,4676610,1604223,130337,0.9249,2.1826,0.00218257,0.01359181,2019-09-22,2404,top,True,2020,43
2026-04-23,1434220026,My Restaurant! 👨‍🍳,All,Simulation,Tycoon,680,881084991,2672717,1078641,98914,0.916,3.0334,0.00303344,0.01812657,2019-12-06,2330,established,False,,44
2026-04-23,848145103,Dungeon Quest! ⚔️ RPG Adventure,Fighting,RPG,Action RPG,509,2320292071,5810820,1155596,102023,0.9189,2.5043,0.00250435,0.01434654,2018-09-25,2766,mid,False,,45
2026-04-23,83858907,Speed Run 4,Adventure,Obby & Platformer,,332,1723108003,4516966,1026924,363940,0.7383,2.6214,0.00262141,0.01124152,2014-10-20,4202,mid,False,,46
2026-04-23,1424449565,Super Golf!,Sports,Sports & Racing,Sports,263,248205245,961298,310414,78918,0.7973,3.873,0.003873,0.01721817,2019-11-29,2337,mid,False,,47
2026-04-23,3183403065,[🤹APRIL FOOL'S🤡] AA,All,Strategy,Tower Defense,120,2507785426,1395200,721188,65198,0.9171,0.5563,0.00055635,0.00244692,2021-12-21,1584,established,False,,48
2026-04-23,1168263273,[🎃] Bad Business | FPS ,FPS,Shooter,Deathmatch Shooter,113,545750244,2179867,776637,131207,0.8555,3.9943,0.00399426,0.01618351,2019-05-29,2520,lower_mid,False,,49
2026-04-23,140239261,🏠 MeepCity 🏠,Town and City,Roleplay & Avatar Sim,,62,16270753809,14757400,2884005,515122,0.8485,0.907,0.00090699,0.0031883,2016-02-23,3711,top,True,2016,50
2026-04-23,1077961373,Giant Simulator,All,Simulation,Incremental Simulator,49,163556778,588144,175826,32880,0.8425,3.596,0.00359596,0.01185126,2019-03-22,2589,lower_mid,False,,51
2026-04-23,81762198,[Sides] Vehicle Simulator,Town and City,Simulation,Vehicle Sim,6,665719039,3375507,1098996,133150,0.8919,5.0705,0.00507047,0.00880045,2014-08-08,4276,mid,False,,52
2026-04-23,1344222621,malymal91's Place,All,,,0,0,0,0,0,0.0,0.0,0.0,0.0,2019-09-29,2397,mid,False,,53
2026-04-23,67400893,efrenda's Place,All,,,0,0,0,0,0,0.0,0.0,0.0,0.0,2014-01-26,4469,lower_mid,False,,54
2026-04-23,1090335239,aleor3210's Place,All,,,0,0,0,0,0,0.0,0.0,0.0,0.0,2019-03-31,2580,lower_mid,False,,55
2026-04-23,2755335127,####'s Place,All,,,0,0,0,0,0,0.0,0.0,0.0,0.0,2021-07-19,1739,lower_mid,False,,56
2026-04-23,4494776745,chgcchfhcfvggjgvhc's Place,All,,,0,0,0,0,0,0.0,0.0,0.0,0.0,2023-03-19,1130,mid,False,,57
2026-04-23,4747349896,rgost1's Place,All,,,0,0,0,0,0,0.0,0.0,0.0,0.0,2023-06-07,1051,mid,False,,58
2026-04-23,1557606948,ProPro1052's Place,All,,,0,0,0,0,0,0.0,0.0,0.0,0.0,2020-02-17,2256,mid,False,,59
2026-04-23,498598030,puppyluver112232's Place,All,,,0,0,0,0,0,0.0,0.0,0.0,0.0,2017-12-05,3060,mid,False,,60
2026-04-24,994732206,Blox Fruits,Adventure,RPG,Action RPG,337212,60924575354,18629261,11994430,1033391,0.9207,0.3058,0.00030578,0.00358333,2019-01-16,2655,top,True,2021,1
2026-04-24,1686885941,Brookhaven 🏡RP,Town and City,Roleplay & Avatar Sim,Life,318716,81556794166,27211696,7981520,1309581,0.859,0.3337,0.00033365,0.00363213,2020-04-21,2194,top,True,2020,2
2026-04-24,383310974,[🎁] Adopt Me!,RPG,Roleplay & Avatar Sim,Pet Care,277151,43260227975,28890128,9033118,1500054,0.8576,0.6678,0.00066782,0.00717746,2017-07-14,3205,top,True,2019,3
2026-04-24,6035872082,RIVALS,FPS,Shooter,Deathmatch Shooter,253154,14133527232,71252973,9220996,560866,0.9427,5.0414,0.00504141,0.05912763,2024-05-26,697,breakout,True,2025,4
2026-04-24,66654135,Murder Mystery 2,Horror,Survival,1 vs All,112732,25214164094,21756524,9516929,963704,0.908,0.8629,0.00086287,0.0091146,2014-01-18,4479,top,True,2017,5
2026-04-24,3808081382,The Strongest Battlegrounds,Fighting,Action,Battlegrounds & Fighting,68946,17651103162,6810397,4935066,957457,0.8375,0.3858,0.00038583,0.00360015,2022-08-02,1361,breakout,True,2024,6
2026-04-24,5361032378,Sol's RNG [ Eon 1-19🥚],All,Simulation,Incremental Simulator,65967,1791378742,921405,1296103,129714,0.909,0.5144,0.00051436,0.0051885,2023-12-03,873,breakout,True,2025,7
2026-04-24,601130232,Bee Swarm Simulator,Adventure,Simulation,Incremental Simulator,33788,4358834020,6424860,2961655,137751,0.9556,1.474,0.00147399,0.01468743,2018-03-21,2955,top,True,2018,8
2026-04-24,5750914919,Fisch 🌊 [MERMAID COVE],Adventure,Simulation,,25646,4387716084,3289408,2810534,300397,0.9034,0.7497,0.00074969,0.00687602,2024-03-13,771,breakout,True,2025,9
2026-04-24,1831550657,🐣 Creatures of Sonaria 🐇 Survive Kaiju Animals,All,Roleplay & Avatar Sim,Animal Sim,19707,1926656743,9749418,1303102,107438,0.9238,5.0603,0.00506028,0.04622853,2020-06-25,2128,lower_mid,False,,10
2026-04-24,3317679266,PLS DONATE 💸,All,Social,,14293,5022030107,4213800,3564145,261050,0.9318,0.8391,0.00083906,0.00747996,2022-02-05,1538,breakout,True,2024,11
2026-04-24,4777817887,Blade Ball,Fighting,Action,Battlegrounds & Fighting,11781,6112020561,12321673,8134125,561213,0.9355,2.016,0.00201597,0.01767866,2023-06-17,1042,breakout,True,2024,12
2026-04-24,88070565,[🍼] Welcome to Bloxburg 🏡,Town and City,Roleplay & Avatar Sim,Life,11183,9896151009,13847873,5561830,733265,0.8835,1.3993,0.00139932,0.01152531,2014-11-04,4189,established,False,,13
2026-04-24,210851291,Build A Boat For Treasure,Adventure,Simulation,Sandbox,10735,4977131637,8312874,3540859,253575,0.9332,1.6702,0.00167021,0.01446589,2016-11-02,3459,top,True,2017,14
2026-04-24,1720936166,[UPD] All Star Tower Defense,All,Strategy,Tower Defense,8198,7779609636,2309397,1480356,129172,0.9197,0.2969,0.00029685,0.00246047,2020-05-07,2178,established,False,,15
2026-04-24,1235188606,[EASTER 🐣] Dragon Adventures 🐉,Adventure,RPG,,7561,1566959793,12848711,1047315,75153,0.933,8.1998,0.00819977,0.06832818,2019-07-15,2474,mid,False,,16
2026-04-24,372226183,Flee the Facility,Horror,Survival,1 vs All,7214,5550166676,9439088,2648394,230003,0.9201,1.7007,0.00170069,0.01390146,2017-07-01,3219,lower_mid,False,,17
2026-04-24,5650396773,a dusty trip [🚗QUEST],Adventure,Adventure,,7022,2276900766,2006179,1942889,212334,0.9015,0.8811,0.0008811,0.00703502,2024-02-16,797,mid,False,,18
2026-04-24,2440500124,DOORS 👁️,Adventure,Survival,Escape,6612,7332132377,7760881,4493982,343054,0.9291,1.0585,0.00105848,0.00865082,2021-03-14,1867,breakout,True,2022,19
2026-04-24,245662005,Jailbreak ,Town and City,Action,Open World Action,5471,7872421267,18542325,5745005,805770,0.877,2.3554,0.00235535,0.01777975,2017-01-06,3394,top,True,2017,20
2026-04-24,47545,🍕Work at a Pizza Place,Town and City,Roleplay & Avatar Sim,Life,4534,5469715051,13290182,3380097,260516,0.9284,2.4298,0.00242978,0.01899378,2008-03-28,6600,established,False,,21
2026-04-24,65241,Natural Disaster Survival,All,Survival,,4011,4221874917,11536904,4291714,434911,0.908,2.7326,0.00273265,0.02058671,2008-03-28,6600,top,True,2014,22
2026-04-24,321778215,Royale🌼High,All,Roleplay & Avatar Sim,Dress Up,4010,10384451681,13270736,3237101,531953,0.8589,1.2779,0.00127794,0.00910638,2017-04-10,3300,top,True,2018,23
2026-04-24,31970568,Theme Park Tycoon 2,Building,Simulation,Tycoon,3960,1558761067,6014186,2045424,255087,0.8891,3.8583,0.00385831,0.02841905,2012-01-02,5226,established,False,,24
2026-04-24,1516533665,Piggy,Horror,Survival,,3657,14166008308,12083512,3973105,430992,0.9021,0.853,0.00085299,0.00631364,2020-01-23,2283,established,False,,25
2026-04-24,111958650,Arsenal,Fighting,Shooter,Deathmatch Shooter,2721,6190923418,11463824,5090175,657876,0.8855,1.8517,0.00185171,0.01296924,2015-08-18,3902,established,False,,26
2026-04-24,1359573625,Deepwoken,RPG,RPG,Action RPG,2328,1532753173,991395,397617,60826,0.8673,0.6468,0.00064681,0.00434945,2019-10-12,2385,mid,False,,27
2026-04-24,113491250,Phantom Forces,FPS,Shooter,Deathmatch Shooter,1769,1765465744,5949918,2451444,248084,0.9081,3.3702,0.00337017,0.02288832,2015-08-31,3889,established,False,,28
2026-04-24,2404080894,Funky Friday,All,Action,Music & Rhythm,1648,1972264076,4072581,1950064,211967,0.902,2.0649,0.00206493,0.01379711,2021-02-26,1882,lower_mid,False,,29
2026-04-24,1511883870,Shinobi Life 2,All,RPG,Action RPG,1445,2652199596,3008843,2181120,144169,0.938,1.1345,0.00113447,0.00774322,2020-01-20,2285,established,False,,30
2026-04-24,1008451066,Da Hood,Town and City,Action,Open World Action,1342,2897227745,2984444,1285669,537609,0.7051,1.0301,0.0010301,0.00523179,2019-01-27,2644,established,False,,31
2026-04-24,2316994223,Pet Simulator X! 🐾,All,Simulation,Incremental Simulator,1336,8975211432,5962377,4210525,394820,0.9143,0.6643,0.00066432,0.00437192,2021-01-22,1917,breakout,True,2022,32
2026-04-24,2471084,🌳 Lumber Tycoon 2,Adventure,Simulation,Tycoon,1211,1293021951,4577392,2011453,282349,0.8769,3.5401,0.00354007,0.02204074,2009-07-30,6111,lower_mid,False,,33
2026-04-24,1335695570,⚡Ninja Legends,Fighting,Simulation,Incremental Simulator,887,2142801445,4676736,1604306,130341,0.9249,2.1825,0.00218253,0.0137038,2019-09-22,2405,top,True,2020,34
2026-04-24,110181652,[🐰] Epic Minigames ✨,All,Party & Casual,Minigame,863,2313083644,8270364,2212015,233217,0.9046,3.5755,0.00357547,0.02187001,2015-07-29,3922,lower_mid,False,,35
2026-04-24,1434220026,My Restaurant! 👨‍🍳,All,Simulation,Tycoon,648,881127291,2672752,1078687,98915,0.916,3.0333,0.00303333,0.01799226,2019-12-06,2331,established,False,,36
2026-04-24,83858907,Speed Run 4,Adventure,Obby & Platformer,,405,1723203517,4517105,1026970,363956,0.7383,2.6213,0.00262134,0.01162487,2014-10-20,4203,mid,False,,37
2026-04-24,1424449565,Super Golf!,Sports,Sports & Racing,Sports,247,248256509,961436,310463,78925,0.7973,3.8728,0.00387275,0.01702428,2019-11-29,2338,mid,False,,38
2026-04-24,3183403065,[🤹APRIL FOOL'S🤡] AA,All,Strategy,Tower Defense,145,2507800076,1395150,721195,65199,0.9171,0.5563,0.00055632,0.00254264,2021-12-21,1585,established,False,,39
2026-04-24,140239261,🏠 MeepCity 🏠,Town and City,Roleplay & Avatar Sim,,79,16270785048,14757358,2884035,515137,0.8485,0.907,0.00090699,0.00337212,2016-02-23,3712,top,True,2016,40
2026-04-24,81762198,[Sides] Vehicle Simulator,Town and City,Simulation,Vehicle Sim,11,665721455,3375492,1099000,133150,0.8919,5.0704,0.00507043,0.01123799,2014-08-08,4277,mid,False,,41
2026-04-24,1344222621,malymal91's Place,All,,,0,0,0,0,0,0.0,0.0,0.0,0.0,2019-09-29,2398,mid,False,,42
2026-04-24,67400893,efrenda's Place,All,,,0,0,0,0,0,0.0,0.0,0.0,0.0,2014-01-26,4470,lower_mid,False,,43
2026-04-24,1090335239,aleor3210's Place,All,,,0,0,0,0,0,0.0,0.0,0.0,0.0,2019-03-31,2581,lower_mid,False,,44
2026-04-24,2755335127,####'s Place,All,,,0,0,0,0,0,0.0,0.0,0.0,0.0,2021-07-19,1740,lower_mid,False,,45
2026-04-24,4494776745,chgcchfhcfvggjgvhc's Place,All,,,0,0,0,0,0,0.0,0.0,0.0,0.0,2023-03-19,1131,mid,False,,46
2026-04-24,4747349896,rgost1's Place,All,,,0,0,0,0,0,0.0,0.0,0.0,0.0,2023-06-07,1052,mid,False,,47
2026-04-24,1557606948,ProPro1052's Place,All,,,0,0,0,0,0,0.0,0.0,0.0,0.0,2020-02-17,2257,mid,False,,48
2026-04-25,1686885941,Brookhaven 🏡RP,Town and City,Roleplay & Avatar Sim,Life,453451,81596811882,27230374,7984417,1310002,0.8591,0.3337,0.00033372,0.00373394,2020-04-21,2195,top,True,2020,1
2026-04-25,6035872082,[🎥] RIVALS,FPS,Shooter,Deathmatch Shooter,441022,14181773925,71469927,9235975,562791,0.9426,5.0396,0.00503956,0.06173655,2024-05-26,698,breakout,True,2025,2
2026-04-25,994732206,Blox Fruits,Adventure,RPG,Action RPG,382542,60953009652,18638645,11993584,1033355,0.9207,0.3058,0.00030579,0.00361896,2019-01-16,2656,top,True,2021,3
2026-04-25,383310974,[🛸] Adopt Me!,RPG,Roleplay & Avatar Sim,Pet Care,375104,43273822419,28896606,9035833,1499995,0.8576,0.6678,0.00066776,0.00735048,2017-07-14,3206,top,True,2019,4
2026-04-25,5361032378,Sol's RNG [ x3 EGG DROPS!🪐],All,Simulation,Incremental Simulator,150300,1794745711,922842,1297594,129716,0.9091,0.5142,0.00051419,0.00557231,2023-12-03,874,breakout,True,2025,5
2026-04-25,66654135,Murder Mystery 2,Horror,Survival,1 vs All,143589,25233400846,21767365,9520151,964031,0.908,0.8626,0.00086264,0.00930171,2014-01-18,4479,top,True,2017,6
2026-04-25,3808081382,The Strongest Battlegrounds,Fighting,Action,Battlegrounds & Fighting,85760,17663371804,6815117,4936544,957863,0.8375,0.3858,0.00038583,0.00367058,2022-08-02,1362,breakout,True,2024,7
2026-04-25,601130232,Bee Swarm Simulator,Adventure,Simulation,Incremental Simulator,38164,4361046157,6425293,2961269,137863,0.9555,1.4733,0.00147334,0.0148518,2018-03-21,2956,top,True,2018,8
2026-04-25,5750914919,Fisch 🐟,Adventure,Simulation,,33134,4389365121,3291863,2810914,300368,0.9035,0.75,0.00074996,0.00705229,2024-03-13,772,breakout,True,2025,9
2026-04-25,1831550657,🐣 Creatures of Sonaria 🐇 Survive Kaiju Animals,All,Roleplay & Avatar Sim,Animal Sim,28886,1928703078,9757610,1303546,107472,0.9238,5.0592,0.00505916,0.04800548,2020-06-25,2129,lower_mid,False,,10
2026-04-25,3317679266,PLS DONATE 💸,All,Social,,17505,5024898477,4216364,3564806,261137,0.9317,0.8391,0.00083909,0.00763864,2022-02-05,1539,breakout,True,2024,11
2026-04-25,88070565,[🍼] Welcome to Bloxburg 🏡,Town and City,Roleplay & Avatar Sim,Life,17330,9897508470,13848612,5562157,733268,0.8835,1.3992,0.0013992,0.0120659,2014-11-04,4190,established,False,,12
2026-04-25,210851291,Build A Boat For Treasure,Adventure,Simulation,Sandbox,15867,4978311458,8313892,3541021,253574,0.9332,1.67,0.00167002,0.01507316,2016-11-02,3460,top,True,2017,13
2026-04-25,4777817887,Blade Ball,Fighting,Action,Battlegrounds & Fighting,14644,6114087004,12326503,8134712,561334,0.9354,2.0161,0.00201608,0.01808969,2023-06-17,1043,breakout,True,2024,14
2026-04-25,1235188606,[🦋🐣] Dragon Adventures 🐉,Adventure,RPG,,12255,1567902652,12857127,1047473,75151,0.9331,8.2002,0.00820021,0.07202727,2019-07-15,2475,mid,False,,15
2026-04-25,2440500124,DOORS 👁️,Adventure,Survival,Escape,12219,7333988124,7762756,4494030,343076,0.9291,1.0585,0.00105846,0.00925452,2021-03-14,1868,breakout,True,2022,16
2026-04-25,372226183,Flee the Facility,Horror,Survival,1 vs All,9330,5552504972,9440510,2648818,230023,0.9201,1.7002,0.00170023,0.01430011,2017-07-01,3220,lower_mid,False,,17
2026-04-25,5650396773,a dusty trip [🚗QUEST],Adventure,Adventure,,8872,2278208951,2007596,1942977,212372,0.9015,0.8812,0.00088122,0.0072216,2024-02-16,798,mid,False,,18
2026-04-25,1720936166,[UPD] All Star Tower Defense,All,Strategy,Tower Defense,8392,7781360945,2309529,1480179,129154,0.9197,0.2968,0.0002968,0.00246645,2020-05-07,2179,established,False,,19
2026-04-25,245662005,Jailbreak ,Town and City,Action,Open World Action,8065,7873459209,18542960,5744692,805745,0.877,2.3551,0.00235512,0.01857937,2017-01-06,3395,top,True,2017,20
2026-04-25,47545,🍕Work at a Pizza Place,Town and City,Roleplay & Avatar Sim,Life,6302,5470430891,13291726,3380036,260519,0.9284,2.4297,0.00242974,0.01973609,2008-03-28,6601,established,False,,21
2026-04-25,31970568,Theme Park Tycoon 2,Building,Simulation,Tycoon,6258,1559096444,6014662,2045362,255062,0.8891,3.8578,0.00385779,0.02998473,2012-01-02,5227,established,False,,22
2026-04-25,1516533665,Piggy,Horror,Survival,,6175,14167049956,12084214,3973244,430997,0.9021,0.853,0.00085298,0.00671659,2020-01-23,2284,established,False,,23
2026-04-25,65241,Natural Disaster Survival,All,Survival,,5146,4223206844,11538394,4291657,434960,0.908,2.7321,0.00273214,0.02120065,2008-03-28,6601,top,True,2014,24
2026-04-25,321778215,Royale🌼High,All,Roleplay & Avatar Sim,Dress Up,4960,10384814563,13270884,3236960,531947,0.8589,1.2779,0.00127791,0.00933942,2017-04-10,3301,top,True,2018,25
2026-04-25,1359573625,Deepwoken,RPG,RPG,Action RPG,3551,1533322584,991569,397670,60844,0.8673,0.6467,0.00064668,0.00458523,2019-10-12,2386,mid,False,,26
2026-04-25,111958650,Arsenal,Fighting,Shooter,Deathmatch Shooter,3184,6191657559,11464117,5089723,657852,0.8855,1.8515,0.00185154,0.01322551,2015-08-18,3903,established,False,,27
2026-04-25,2404080894,Funky Friday,All,Action,Music & Rhythm,2029,1972589980,4072870,1950040,211979,0.902,2.0647,0.00206473,0.01418283,2021-02-26,1883,lower_mid,False,,28
2026-04-25,1511883870,Shinobi Life 2,All,RPG,Action RPG,2022,2652335986,3008975,2180867,144158,0.938,1.1345,0.00113446,0.00810046,2020-01-20,2286,established,False,,29
2026-04-25,113491250,Phantom Forces,FPS,Shooter,Deathmatch Shooter,2009,1765696202,5950102,2451025,248071,0.9081,3.3698,0.00336983,0.0232749,2015-08-31,3890,established,False,,30
2026-04-25,2316994223,Pet Simulator X! 🐾,All,Simulation,Incremental Simulator,1856,8975360814,5962376,4209875,394769,0.9143,0.6643,0.0006643,0.00457137,2021-01-22,1918,breakout,True,2022,31
2026-04-25,1008451066,Da Hood,Town and City,Action,Open World Action,1746,2897491378,2984514,1285646,537596,0.7051,1.03,0.00103003,0.00542246,2019-01-27,2645,established,False,,32
2026-04-25,2471084,🌳 Lumber Tycoon 2,Adventure,Simulation,Tycoon,1664,1293133806,4577533,2011138,282333,0.8769,3.5399,0.00353988,0.02302496,2009-07-30,6112,lower_mid,False,,33
2026-04-25,110181652,[🐰] Epic Minigames ✨,All,Party & Casual,Minigame,1198,2313250160,8271124,2211927,233210,0.9046,3.5755,0.00357554,0.02293028,2015-07-29,3923,lower_mid,False,,34
2026-04-25,1335695570,⚡Ninja Legends,Fighting,Simulation,Incremental Simulator,1178,2142912368,4676875,1604126,130345,0.9249,2.1825,0.00218249,0.01427549,2019-09-22,2406,top,True,2020,35
2026-04-25,1434220026,My Restaurant! 👨‍🍳,All,Simulation,Tycoon,859,881177362,2672799,1078586,98914,0.916,3.0332,0.00303321,0.01877355,2019-12-06,2332,established,False,,36
2026-04-25,83858907,Speed Run 4,Adventure,Obby & Platformer,,563,1723319296,4517299,1026918,363960,0.7383,2.6213,0.00262128,0.01226056,2014-10-20,4204,mid,False,,37
2026-04-25,1424449565,Super Golf!,Sports,Sports & Racing,Sports,357,248319001,961644,310480,78929,0.7973,3.8726,0.00387262,0.01815719,2019-11-29,2339,mid,False,,38
2026-04-25,3183403065,[🤹APRIL FOOL'S🤡] AA,All,Strategy,Tower Defense,158,2507815277,1395098,721052,65192,0.9171,0.5563,0.0005563,0.00258602,2021-12-21,1586,established,False,,39
2026-04-25,140239261,🏠 MeepCity 🏠,Town and City,Roleplay & Avatar Sim,,65,16270823061,14757295,2883835,515137,0.8484,0.907,0.00090698,0.00322402,2016-02-23,3713,top,True,2016,40
2026-04-25,81762198,[Sides] Vehicle Simulator,Town and City,Simulation,Vehicle Sim,15,665723953,3375469,1098899,133131,0.8919,5.0704,0.00507037,0.01253897,2014-08-08,4278,mid,False,,41
2026-04-25,1344222621,malymal91's Place,All,,,0,0,0,0,0,0.0,0.0,0.0,0.0,2019-09-29,2399,mid,False,,42
2026-04-25,67400893,efrenda's Place,All,,,0,0,0,0,0,0.0,0.0,0.0,0.0,2014-01-26,4471,lower_mid,False,,43
2026-04-25,1090335239,aleor3210's Place,All,,,0,0,0,0,0,0.0,0.0,0.0,0.0,2019-03-31,2582,lower_mid,False,,44
2026-04-25,2755335127,####'s Place,All,,,0,0,0,0,0,0.0,0.0,0.0,0.0,2021-07-19,1741,lower_mid,False,,45
2026-04-25,4494776745,chgcchfhcfvggjgvhc's Place,All,,,0,0,0,0,0,0.0,0.0,0.0,0.0,2023-03-19,1132,mid,False,,46
2026-04-25,4747349896,rgost1's Place,All,,,0,0,0,0,0,0.0,0.0,0.0,0.0,2023-06-07,1053,mid,False,,47
2026-04-25,1557606948,ProPro1052's Place,All,,,0,0,0,0,0,0.0,0.0,0.0,0.0,2020-02-17,2258,mid,False,,48
2026-04-26,1686885941,Brookhaven 🏡RP,Town and City,Roleplay & Avatar Sim,Life,452799,81642817762,27252181,7989140,1310783,0.8591,0.3338,0.0003338,0.00373441,2020-04-21,2196,top,True,2020,1
2026-04-26,383310974,[🛸] Adopt Me!,RPG,Roleplay & Avatar Sim,Pet Care,395627,43288983710,28905025,9040750,1500137,0.8577,0.6677,0.00066772,0.00738102,2017-07-14,3207,top,True,2019,2
2026-04-26,994732206,Blox Fruits,Adventure,RPG,Action RPG,395267,60983370559,18650327,11999528,1033555,0.9207,0.3058,0.00030583,0.00362873,2019-01-16,2657,top,True,2021,3
2026-04-26,6035872082,[🎥] RIVALS,FPS,Shooter,Deathmatch Shooter,382092,14233136150,71704018,9253850,565227,0.9424,5.0378,0.00503782,0.06102578,2024-05-26,699,breakout,True,2025,4
2026-04-26,7326934954,99 Nights in the Forest 🔦,All,Survival,,286465,26223226040,7258056,4780373,497312,0.9058,0.2768,0.00027678,0.00315013,2025-03-04,418,breakout,True,2026,5
2026-04-26,66654135,Murder Mystery 2,Horror,Survival,1 vs All,152341,25255823188,21780825,9525120,964591,0.908,0.8624,0.00086241,0.00934548,2014-01-18,4480,top,True,2017,6
2026-04-26,7436755782,[📜] Grow a Garden 🌶️,All,Simulation,Tycoon,141837,35176186246,10830344,9235298,1040019,0.8988,0.3079,0.00030789,0.00328264,2025-03-25,396,breakout,True,2025,7
2026-04-26,3808081382,The Strongest Battlegrounds,Fighting,Action,Battlegrounds & Fighting,87252,17677464185,6821520,4939198,958469,0.8375,0.3859,0.00038589,0.00367662,2022-08-02,1363,breakout,True,2024,8
2026-04-26,5361032378,Sol's RNG [ Eon1 - 20🪐],All,Simulation,Incremental Simulator,82588,1798714262,924480,1299594,129751,0.9092,0.514,0.00051397,0.00529072,2023-12-03,875,breakout,True,2025,9
2026-04-26,5750914919,Fisch 🐱 [COMPANIONS],Adventure,Simulation,,46552,4393145092,3295630,2812550,300415,0.9035,0.7502,0.00075018,0.00728502,2024-03-13,773,breakout,True,2025,10
2026-04-26,7018190066,Dead Rails [STRANGER THINGS '85],All,Adventure,Exploration,39464,6233226920,5654819,3253984,255709,0.9271,0.9072,0.00090721,0.00890159,2025-01-01,479,breakout,True,2025,11
2026-04-26,601130232,Bee Swarm Simulator,Adventure,Simulation,Incremental Simulator,38431,4363470567,6426795,2961856,137930,0.9555,1.4729,0.00147286,0.01485664,2018-03-21,2957,top,True,2018,12
2026-04-26,1831550657,🐣 Creatures of Sonaria 🐇 Survive Kaiju Animals,All,Roleplay & Avatar Sim,Animal Sim,30305,1931038923,9768649,1304486,107578,0.9238,5.0588,0.00505875,0.04822479,2020-06-25,2130,lower_mid,False,,13
2026-04-26,1176784616,[☣️ NEW TOWER] Tower Defense Simulator,All,Strategy,Tower Defense,19940,4659754347,3384499,1977840,125793,0.9402,0.7263,0.00072633,0.006761,2019-06-05,2517,established,False,,14
2026-04-26,88070565,[🍼] Welcome to Bloxburg 🏡,Town and City,Roleplay & Avatar Sim,Life,19410,9899342589,13849688,5562744,733289,0.8835,1.3991,0.00139905,0.01220481,2014-11-04,4191,established,False,,15
2026-04-26,3317679266,PLS DONATE 💸,All,Social,,18032,5028279134,4219391,3566736,261269,0.9317,0.8391,0.00083913,0.00766219,2022-02-05,1540,breakout,True,2024,16
2026-04-26,4777817887,Blade Ball,Fighting,Action,Battlegrounds & Fighting,17606,6116664544,12332055,8137167,561554,0.9354,2.0161,0.00201614,0.0184375,2023-06-17,1044,breakout,True,2024,17
2026-04-26,210851291,Build A Boat For Treasure,Adventure,Simulation,Sandbox,17368,4979804560,8315321,3541857,253620,0.9332,1.6698,0.00166981,0.01521212,2016-11-02,3461,top,True,2017,18
2026-04-26,2440500124,DOORS 👁️,Adventure,Survival,Escape,13730,7336378322,7765877,4495152,343166,0.9291,1.0585,0.00105854,0.00936987,2021-03-14,1869,breakout,True,2022,19
2026-04-26,1235188606,[🦋🐣] Dragon Adventures 🐉,Adventure,RPG,,12095,1569018286,12868514,1047969,75200,0.933,8.2016,0.00820163,0.07193839,2019-07-15,2476,mid,False,,20
2026-04-26,5650396773,a dusty trip [🚗QUEST],Adventure,Adventure,,10723,2279851654,2009228,1943486,212445,0.9015,0.8813,0.0008813,0.00737273,2024-02-16,799,mid,False,,21
2026-04-26,372226183,Flee the Facility,Horror,Survival,1 vs All,10206,5555413343,9442389,2649670,230104,0.9201,1.6997,0.00169967,0.01443576,2017-07-01,3221,lower_mid,False,,22
2026-04-26,245662005,Jailbreak ,Town and City,Action,Open World Action,8547,7874679995,18544534,5745083,805774,0.877,2.355,0.00235496,0.01869801,2017-01-06,3396,top,True,2017,23
2026-04-26,73885730,Prison Life,Town and City,Action,Open World Action,8514,2874044036,5829970,1483303,258610,0.8515,2.0285,0.00202849,0.01563165,2014-05-02,4377,established,False,,24
2026-04-26,1720936166,[UPD] All Star Tower Defense,All,Strategy,Tower Defense,8272,7783174401,2309648,1480340,129154,0.9198,0.2967,0.00029675,0.00246209,2020-05-07,2180,established,False,,25
2026-04-26,31970568,Theme Park Tycoon 2,Building,Simulation,Tycoon,7040,1559537994,6015333,2045687,255075,0.8891,3.8571,0.00385713,0.0303837,2012-01-02,5228,established,False,,26
2026-04-26,1516533665,Piggy,Horror,Survival,,6899,14168429183,12086062,3973875,431032,0.9021,0.853,0.00085303,0.00680232,2020-01-23,2285,established,False,,27
2026-04-26,47545,🍕Work at a Pizza Place,Town and City,Roleplay & Avatar Sim,Life,6818,5471322275,13293731,3380633,260547,0.9284,2.4297,0.00242971,0.01991346,2008-03-28,6602,established,False,,28
2026-04-26,65241,Natural Disaster Survival,All,Survival,,5919,4224828327,11541018,4292418,435074,0.908,2.7317,0.00273171,0.02154421,2008-03-28,6602,top,True,2014,29
2026-04-26,903807016,Emergency Response: Liberty County,Town and City,Roleplay & Avatar Sim,Life,5692,1477007035,2759673,1143987,113631,0.9096,1.8684,0.00186842,0.01469645,2018-11-01,2732,mid,False,,30
2026-04-26,321778215,Royale🌼High,All,Roleplay & Avatar Sim,Dress Up,5242,10385237463,13271098,3237113,531979,0.8589,1.2779,0.00127788,0.00939985,2017-04-10,3302,top,True,2018,31
2026-04-26,1359573625,Deepwoken,RPG,RPG,Action RPG,3890,1534059559,991739,397735,60864,0.8673,0.6465,0.00064648,0.00463483,2019-10-12,2387,mid,False,,32
2026-04-26,371263894,Greenville,Town and City,Roleplay & Avatar Sim,Life,3634,1357061898,2578167,1000358,141921,0.8758,1.8998,0.00189982,0.01364024,2017-06-28,3223,mid,False,,33
2026-04-26,111958650,Arsenal,Fighting,Shooter,Deathmatch Shooter,3335,6192513120,11465267,5089997,657897,0.8855,1.8515,0.00185147,0.01330094,2015-08-18,3904,established,False,,34
2026-04-26,113491250,Phantom Forces,FPS,Shooter,Deathmatch Shooter,2116,1765949834,5950268,2451099,248098,0.9081,3.3694,0.00336944,0.02343074,2015-08-31,3891,established,False,,35
2026-04-26,1511883870,Shinobi Life 2,All,RPG,Action RPG,2089,2652514711,3009089,2181045,144163,0.938,1.1344,0.00113443,0.00813491,2020-01-20,2287,established,False,,36
2026-04-26,2404080894,Funky Friday,All,Action,Music & Rhythm,2007,1972964737,4073167,1950246,212003,0.902,2.0645,0.00206449,0.01416086,2021-02-26,1884,lower_mid,False,,37
2026-04-26,1008451066,Da Hood,Town and City,Action,Open World Action,1874,2897797339,2984561,1285725,537623,0.7051,1.0299,0.00102994,0.00547335,2019-01-27,2646,established,False,,38
2026-04-26,2471084,🌳 Lumber Tycoon 2,Adventure,Simulation,Tycoon,1861,1293266715,4578565,2011221,282342,0.8769,3.5403,0.00354031,0.02337497,2009-07-30,6113,lower_mid,False,,39
2026-04-26,2316994223,Pet Simulator X! 🐾,All,Simulation,Incremental Simulator,1844,8975532841,5963182,4209980,394774,0.9143,0.6644,0.00066438,0.00456797,2021-01-22,1919,breakout,True,2022,40
2026-04-26,2324662457,[🗼 TOKYO GHOUL] Anime Fighters Simulator ,Adventure,Simulation,Incremental Simulator,1798,1327621758,1569234,1148177,86707,0.9298,1.182,0.00118199,0.00823696,2021-01-25,1916,mid,False,,41
2026-04-26,1335695570,⚡Ninja Legends,Fighting,Simulation,Incremental Simulator,1296,2143045844,4677928,1604265,130349,0.9249,2.1828,0.00218284,0.01447044,2019-09-22,2407,top,True,2020,42
2026-04-26,110181652,[🐰] Epic Minigames ✨,All,Party & Casual,Minigame,1137,2313435350,8272030,2212156,233227,0.9046,3.5756,0.00357565,0.02276213,2015-07-29,3924,lower_mid,False,,43
2026-04-26,1434220026,My Restaurant! 👨‍🍳,All,Simulation,Tycoon,935,881238215,2672829,1078667,98911,0.916,3.033,0.00303304,0.0190079,2019-12-06,2333,established,False,,44
2026-04-26,848145103,Dungeon Quest! ⚔️ RPG Adventure,Fighting,RPG,Action RPG,639,2320539846,5812198,1155497,102023,0.9189,2.5047,0.00250467,0.01487087,2018-09-25,2769,mid,False,,45
2026-04-26,83858907,Speed Run 4,Adventure,Obby & Platformer,,587,1723462070,4517557,1026997,363997,0.7383,2.6212,0.00262121,0.01234081,2014-10-20,4205,mid,False,,46
2026-04-26,1424449565,Super Golf!,Sports,Sports & Racing,Sports,343,248391123,961903,310557,78947,0.7973,3.8725,0.00387253,0.01803371,2019-11-29,2340,mid,False,,47
2026-04-26,1168263273,[🎃] Bad Business | FPS ,FPS,Shooter,Deathmatch Shooter,169,545830980,2180668,776561,131206,0.8555,3.9951,0.00399513,0.01755256,2019-05-29,2523,lower_mid,False,,48
2026-04-26,3183403065,[🤹APRIL FOOL'S🤡] AA,All,Strategy,Tower Defense,152,2507832375,1395038,721049,65192,0.9171,0.5563,0.00055627,0.00256627,2021-12-21,1587,established,False,,49
2026-04-26,140239261,🏠 MeepCity 🏠,Town and City,Roleplay & Avatar Sim,,130,16270873396,14758041,2883846,515159,0.8484,0.907,0.00090702,0.00375172,2016-02-23,3714,top,True,2016,50
2026-04-26,1077961373,Giant Simulator,All,Simulation,Incremental Simulator,39,163560381,588129,175803,32873,0.8425,3.5958,0.00359579,0.01117488,2019-03-22,2592,lower_mid,False,,51
2026-04-26,81762198,[Sides] Vehicle Simulator,Town and City,Simulation,Vehicle Sim,9,665727041,3375461,1098901,133131,0.8919,5.0703,0.00507034,0.01041332,2014-08-08,4279,mid,False,,52
2026-04-26,1344222621,malymal91's Place,All,,,0,0,0,0,0,0.0,0.0,0.0,0.0,2019-09-29,2400,mid,False,,53
2026-04-26,67400893,efrenda's Place,All,,,0,0,0,0,0,0.0,0.0,0.0,0.0,2014-01-26,4472,lower_mid,False,,54
2026-04-26,1090335239,aleor3210's Place,All,,,0,0,0,0,0,0.0,0.0,0.0,0.0,2019-03-31,2583,lower_mid,False,,55
2026-04-26,2755335127,####'s Place,All,,,0,0,0,0,0,0.0,0.0,0.0,0.0,2021-07-19,1742,lower_mid,False,,56
2026-04-26,4494776745,chgcchfhcfvggjgvhc's Place,All,,,0,0,0,0,0,0.0,0.0,0.0,0.0,2023-03-19,1133,mid,False,,57
2026-04-26,4747349896,rgost1's Place,All,,,0,0,0,0,0,0.0,0.0,0.0,0.0,2023-06-07,1054,mid,False,,58
2026-04-26,1557606948,ProPro1052's Place,All,,,0,0,0,0,0,0.0,0.0,0.0,0.0,2020-02-17,2259,mid,False,,59
2026-04-26,498598030,puppyluver112232's Place,All,,,0,0,0,0,0,0.0,0.0,0.0,0.0,2017-12-05,3063,mid,False,,60
2026-04-27,383310974,[🛸] Adopt Me!,RPG,Roleplay & Avatar Sim,Pet Care,348263,43302140179,28911968,9044856,1500217,0.8577,0.6677,0.00066768,0.00730795,2017-07-14,3208,top,True,2019,1
2026-04-27,994732206,Blox Fruits,Adventure,RPG,Action RPG,328429,61012391280,18660799,12004920,1033859,0.9207,0.3059,0.00030585,0.00357692,2019-01-16,2658,top,True,2021,2
2026-04-27,1686885941,Brookhaven 🏡RP,Town and City,Roleplay & Avatar Sim,Life,298992,81683033699,27270811,7993356,1311426,0.8591,0.3339,0.00033386,0.00361611,2020-04-21,2197,top,True,2020,3
2026-04-27,6035872082,[🎬] RIVALS,FPS,Shooter,Deathmatch Shooter,242795,14271879262,71873317,9267948,566837,0.9424,5.036,0.00503601,0.05884724,2024-05-26,700,breakout,True,2025,4
2026-04-27,7326934954,99 Nights in the Forest 🔦,All,Survival,,170863,26246184953,7274190,4784661,497983,0.9057,0.2772,0.00027715,0.00302451,2025-03-04,419,breakout,True,2026,5
2026-04-27,66654135,Murder Mystery 2,Horror,Survival,1 vs All,109971,25277228602,21792724,9530113,965160,0.908,0.8621,0.00086215,0.00908747,2014-01-18,4482,top,True,2017,6
2026-04-27,7436755782,[📜] Grow a Garden 🌶️,All,Simulation,Tycoon,107642,35188235939,10838049,9238936,1040175,0.8988,0.308,0.000308,0.00320756,2025-03-25,397,breakout,True,2025,7
2026-04-27,5361032378,Sol's RNG [ Eon1 - 20🪐],All,Simulation,Incremental Simulator,73106,1802203973,925920,1301357,129761,0.9093,0.5138,0.00051377,0.00523234,2023-12-03,876,breakout,True,2025,8
2026-04-27,3808081382,The Strongest Battlegrounds,Fighting,Action,Battlegrounds & Fighting,65382,17690058523,6826467,4941618,958972,0.8375,0.3859,0.00038589,0.00358339,2022-08-02,1364,breakout,True,2024,9
2026-04-27,601130232,Bee Swarm Simulator,Adventure,Simulation,Incremental Simulator,34228,4365894191,6427426,2962441,137959,0.9555,1.4722,0.00147219,0.01468692,2018-03-21,2958,top,True,2018,10
2026-04-27,5750914919,Fisch 🐱 [COMPANIONS],Adventure,Simulation,,31776,4395678613,3298580,2813776,300439,0.9035,0.7504,0.00075041,0.00702869,2024-03-13,774,breakout,True,2025,11
2026-04-27,7018190066,Dead Rails [STRANGER THINGS '85],All,Adventure,Exploration,22194,6237610047,5659286,3255421,255932,0.9271,0.9073,0.00090728,0.00841796,2025-01-01,480,breakout,True,2025,12
2026-04-27,1831550657,🐣 Creatures of Sonaria 🐇 Survive Kaiju Animals,All,Roleplay & Avatar Sim,Animal Sim,21811,1933129066,9778442,1305400,107631,0.9238,5.0583,0.00505835,0.04668481,2020-06-25,2131,lower_mid,False,,13
2026-04-27,1235188606,[🦋🐣] Dragon Adventures 🐉,Adventure,RPG,,18233,1571254602,12929851,1049889,75302,0.9331,8.229,0.008229,0.07533196,2019-07-15,2477,mid,False,,14
2026-04-27,3317679266,PLS DONATE 💸,All,Social,,13532,5031365655,4222125,3568516,261411,0.9317,0.8392,0.00083916,0.00743797,2022-02-05,1541,breakout,True,2024,15
2026-04-27,4777817887,Blade Ball,Fighting,Action,Battlegrounds & Fighting,11990,6118829975,12336592,8139145,561730,0.9354,2.0162,0.00201617,0.01771319,2023-06-17,1045,breakout,True,2024,16
2026-04-27,88070565,[🍼] Welcome to Bloxburg 🏡,Town and City,Roleplay & Avatar Sim,Life,11579,9901191772,13850775,5563392,733310,0.8835,1.3989,0.0013989,0.01156515,2014-11-04,4192,established,False,,17
2026-04-27,210851291,Build A Boat For Treasure,Adventure,Simulation,Sandbox,10789,4981156823,8316626,3542608,253659,0.9332,1.6696,0.00166962,0.0144687,2016-11-02,3462,top,True,2017,18
2026-04-27,1176784616,[☣️ NEW TOWER] Tower Defense Simulator,All,Strategy,Tower Defense,10734,4661788448,3385404,1978701,125804,0.9402,0.7262,0.0007262,0.00633717,2019-06-05,2518,established,False,,19
2026-04-27,372226183,Flee the Facility,Horror,Survival,1 vs All,7562,5558270947,9444161,2650644,230197,0.9201,1.6991,0.00169912,0.0139623,2017-07-01,3222,lower_mid,False,,20
2026-04-27,1720936166,[UPD] All Star Tower Defense,All,Strategy,Tower Defense,7418,7784890031,2309726,1480482,129136,0.9198,0.2967,0.00029669,0.00243194,2020-05-07,2181,established,False,,21
2026-04-27,5650396773,a dusty trip [💎 SHARDS],Adventure,Adventure,,7082,2281490406,2010847,1944068,212517,0.9015,0.8814,0.00088137,0.00704379,2024-02-16,800,mid,False,,22
2026-04-27,2440500124,DOORS 👁️,Adventure,Survival,Escape,6513,7338513787,7768053,4496197,343243,0.9291,1.0585,0.00105853,0.00863641,2021-03-14,1870,breakout,True,2022,23
2026-04-27,73885730,Prison Life,Town and City,Action,Open World Action,6044,2875250908,5831093,1483719,258697,0.8515,2.028,0.00202803,0.01503633,2014-05-02,4378,established,False,,24
2026-04-27,245662005,Jailbreak ,Town and City,Action,Open World Action,5025,7875829771,18545144,5745456,805810,0.877,2.3547,0.00235469,0.01759925,2017-01-06,3397,top,True,2017,25
2026-04-27,47545,🍕Work at a Pizza Place,Town and City,Roleplay & Avatar Sim,Life,4022,5472111716,13295526,3381175,260581,0.9284,2.4297,0.00242969,0.01872294,2008-03-28,6603,established,False,,26
2026-04-27,65241,Natural Disaster Survival,All,Survival,,3981,4226364891,11542704,4293075,435224,0.908,2.7311,0.00273112,0.02055581,2008-03-28,6603,top,True,2014,27
2026-04-27,321778215,Royale🌼High,All,Roleplay & Avatar Sim,Dress Up,3825,10385655805,13271277,3237267,531997,0.8589,1.2778,0.00127785,0.00905383,2017-04-10,3303,top,True,2018,28
2026-04-27,31970568,Theme Park Tycoon 2,Building,Simulation,Tycoon,3786,1559935922,6015909,2045959,255085,0.8891,3.8565,0.00385651,0.0282526,2012-01-02,5229,established,False,,29
2026-04-27,1516533665,Piggy,Horror,Survival,,3352,14169739757,12086988,3974540,431058,0.9022,0.853,0.00085301,0.00624693,2020-01-23,2286,established,False,,30
2026-04-27,903807016,Emergency Response: Liberty County,Town and City,Roleplay & Avatar Sim,Life,2929,1477821266,2760298,1144277,113666,0.9096,1.8678,0.00186782,0.01356305,2018-11-01,2733,mid,False,,31
2026-04-27,111958650,Arsenal,Fighting,Shooter,Deathmatch Shooter,2567,6193289455,11465532,5090262,657948,0.8855,1.8513,0.00185128,0.0128706,2015-08-18,3905,established,False,,32
2026-04-27,371263894,Greenville,Town and City,Roleplay & Avatar Sim,Life,2363,1357517288,2578689,1000637,141950,0.8758,1.8996,0.00189956,0.01292279,2017-06-28,3224,mid,False,,33
2026-04-27,1359573625,Deepwoken,RPG,RPG,Action RPG,2318,1534742354,991934,397819,60865,0.8673,0.6463,0.00064632,0.00434369,2019-10-12,2388,mid,False,,34
2026-04-27,113491250,Phantom Forces,FPS,Shooter,Deathmatch Shooter,1639,1766193141,5950466,2451210,248104,0.9081,3.3691,0.00336909,0.02264725,2015-08-31,3892,established,False,,35
2026-04-27,2316994223,Pet Simulator X! 🐾,All,Simulation,Incremental Simulator,1567,8975694611,5963204,4210068,394773,0.9143,0.6644,0.00066437,0.0044691,2021-01-22,1920,breakout,True,2022,36
2026-04-27,1511883870,Shinobi Life 2,All,RPG,Action RPG,1496,2652683158,3009234,2181174,144167,0.938,1.1344,0.00113441,0.00777972,2020-01-20,2288,established,False,,37
2026-04-27,2404080894,Funky Friday,All,Action,Music & Rhythm,1327,1973282496,4073403,1950455,212026,0.902,2.0643,0.00206428,0.01338958,2021-02-26,1885,lower_mid,False,,38
2026-04-27,2324662457,[🗼 TOKYO GHOUL] Anime Fighters Simulator ,Adventure,Simulation,Incremental Simulator,1248,1327690965,1569221,1148208,86703,0.9298,1.1819,0.00118192,0.00783552,2021-01-25,1917,mid,False,,39
2026-04-27,1008451066,Da Hood,Town and City,Action,Open World Action,1231,2898089497,2984617,1285777,537646,0.7051,1.0299,0.00102986,0.00516791,2019-01-27,2647,established,False,,40
2026-04-27,2471084,🌳 Lumber Tycoon 2,Adventure,Simulation,Tycoon,1128,1293394088,4578724,2011313,282346,0.8769,3.5401,0.00354008,0.02182043,2009-07-30,6114,lower_mid,False,,41
2026-04-27,1335695570,⚡Ninja Legends,Fighting,Simulation,Incremental Simulator,909,2143168716,4678104,1604401,130357,0.9249,2.1828,0.0021828,0.0137548,2019-09-22,2408,top,True,2020,42
2026-04-27,110181652,Epic Minigames ✨,All,Party & Casual,Minigame,778,2313606949,8272811,2212416,233242,0.9046,3.5757,0.00357572,0.0215367,2015-07-29,3925,lower_mid,False,,43
2026-04-27,1434220026,My Restaurant! 👨‍🍳,All,Simulation,Tycoon,605,881295268,2672872,1078740,98910,0.916,3.0329,0.00303289,0.01779934,2019-12-06,2334,established,False,,44
2026-04-27,83858907,Speed Run 4,Adventure,Obby & Platformer,,410,1723585407,4517771,1027052,364020,0.7383,2.6211,0.00262115,0.01164741,2014-10-20,4206,mid,False,,45
2026-04-27,1424449565,Super Golf!,Sports,Sports & Racing,Sports,275,248454838,962102,310617,78956,0.7973,3.8723,0.00387234,0.01735311,2019-11-29,2341,mid,False,,46
2026-04-27,3183403065,[🤹APRIL FOOL'S🤡] AA,All,Strategy,Tower Defense,141,2507848841,1394986,721052,65191,0.9171,0.5562,0.00055625,0.0025281,2021-12-21,1588,established,False,,47
2026-04-27,1168263273,[🎃] Bad Business | FPS ,FPS,Shooter,Deathmatch Shooter,136,545858378,2180666,776582,131214,0.8555,3.9949,0.00399493,0.01681402,2019-05-29,2524,lower_mid,False,,48
2026-04-27,140239261,🏠 MeepCity 🏠,Town and City,Roleplay & Avatar Sim,,63,16270921779,14758027,2883892,515181,0.8484,0.907,0.00090702,0.00320045,2016-02-23,3715,top,True,2016,49
2026-04-27,81762198,[Sides] Vehicle Simulator,Town and City,Simulation,Vehicle Sim,11,665729936,3375442,1098904,133131,0.8919,5.0703,0.00507029,0.01123775,2014-08-08,4280,mid,False,,50
2026-04-27,1344222621,malymal91's Place,All,,,0,0,0,0,0,0.0,0.0,0.0,0.0,2019-09-29,2401,mid,False,,51
2026-04-27,67400893,efrenda's Place,All,,,0,0,0,0,0,0.0,0.0,0.0,0.0,2014-01-26,4473,lower_mid,False,,52
2026-04-27,1090335239,aleor3210's Place,All,,,0,0,0,0,0,0.0,0.0,0.0,0.0,2019-03-31,2584,lower_mid,False,,53
2026-04-27,2755335127,####'s Place,All,,,0,0,0,0,0,0.0,0.0,0.0,0.0,2021-07-19,1743,lower_mid,False,,54
2026-04-27,4494776745,chgcchfhcfvggjgvhc's Place,All,,,0,0,0,0,0,0.0,0.0,0.0,0.0,2023-03-19,1134,mid,False,,55
2026-04-27,4747349896,rgost1's Place,All,,,0,0,0,0,0,0.0,0.0,0.0,0.0,2023-06-07,1055,mid,False,,56
2026-04-27,1557606948,ProPro1052's Place,All,,,0,0,0,0,0,0.0,0.0,0.0,0.0,2020-02-17,2260,mid,False,,57
2026-04-28,383310974,[🛸] Adopt Me!,RPG,Roleplay & Avatar Sim,Pet Care,313299,43312263712,28916927,9047520,1500282,0.8578,0.6676,0.00066764,0.00724716,2017-07-14,3209,top,True,2019,1
2026-04-28,994732206,Blox Fruits,Adventure,RPG,Action RPG,309110,61033870338,18668667,12009050,1034016,0.9207,0.3059,0.00030587,0.00356015,2019-01-16,2659,top,True,2021,2
2026-04-28,1686885941,Brookhaven 🏡RP,Town and City,Roleplay & Avatar Sim,Life,286928,81712466920,27284481,7996304,1311850,0.8591,0.3339,0.00033391,0.00360483,2020-04-21,2198,top,True,2020,3
2026-04-28,6035872082,[🎬] RIVALS,FPS,Shooter,Deathmatch Shooter,228614,14299548619,71992063,9276593,567945,0.9423,5.0346,0.00503457,0.05854144,2024-05-26,701,breakout,True,2025,4
2026-04-28,7326934954,99 Nights in the Forest 🔦,All,Survival,,166760,26262190329,7286243,4787463,498276,0.9057,0.2774,0.00027744,0.00302157,2025-03-04,420,breakout,True,2026,5
2026-04-28,66654135,Murder Mystery 2,Horror,Survival,1 vs All,107186,25293608248,21801633,9533629,965464,0.908,0.8619,0.00086194,0.00906527,2014-01-18,4483,top,True,2017,6
2026-04-28,7436755782,[📜] Grow a Garden 🌶️,All,Simulation,Tycoon,100987,35197047032,10843487,9241224,1040323,0.8988,0.3081,0.00030808,0.00319073,2025-03-25,398,breakout,True,2025,7
2026-04-28,5361032378,Sol's RNG [ Eon1 - 20🪐],All,Simulation,Incremental Simulator,72599,1805236236,926792,1302431,129784,0.9094,0.5134,0.00051339,0.00522553,2023-12-03,877,breakout,True,2025,8
2026-04-28,3808081382,The Strongest Battlegrounds,Fighting,Action,Battlegrounds & Fighting,62756,17699419756,6829882,4943263,959330,0.8375,0.3859,0.00038588,0.00357002,2022-08-02,1365,breakout,True,2024,9
2026-04-28,601130232,Bee Swarm Simulator,Adventure,Simulation,Incremental Simulator,32306,4368139465,6427782,2962772,137983,0.9555,1.4715,0.00147151,0.01459889,2018-03-21,2959,top,True,2018,10
2026-04-28,5750914919,Fisch 🐱 [COMPANIONS],Adventure,Simulation,,29193,4397457722,3300998,2814538,300494,0.9035,0.7507,0.00075066,0.00697355,2024-03-13,775,breakout,True,2025,11
2026-04-28,1831550657,🐣 Creatures of Sonaria 🐇 Survive Kaiju Animals,All,Roleplay & Avatar Sim,Animal Sim,20850,1934739854,9784906,1305966,107663,0.9238,5.0575,0.00505748,0.04646673,2020-06-25,2132,lower_mid,False,,12
2026-04-28,7018190066,Dead Rails [STRANGER THINGS '85],All,Adventure,Exploration,20036,6240392817,5662583,3256275,256048,0.9271,0.9074,0.00090741,0.00833294,2025-01-01,481,breakout,True,2025,13
2026-04-28,3317679266,PLS DONATE 💸,All,Social,,13112,5033692856,4224171,3569795,261493,0.9317,0.8392,0.00083918,0.00741351,2022-02-05,1542,breakout,True,2024,14
2026-04-28,4777817887,Blade Ball,Fighting,Action,Battlegrounds & Fighting,11715,6120371323,12339739,8140382,561812,0.9354,2.0162,0.00201617,0.01766949,2023-06-17,1046,breakout,True,2024,15
2026-04-28,88070565,[🍼] Welcome to Bloxburg 🏡,Town and City,Roleplay & Avatar Sim,Life,10589,9902405005,13851423,5563837,733314,0.8835,1.3988,0.00139879,0.01145393,2014-11-04,4193,established,False,,16
2026-04-28,1235188606,[🦋🐣] Dragon Adventures 🐉,Adventure,RPG,,10423,1572854758,12966924,1051295,75350,0.9331,8.2442,0.0082442,0.07117299,2019-07-15,2478,mid,False,,17
2026-04-28,1176784616,[☣️ NEW TOWER] Tower Defense Simulator,All,Strategy,Tower Defense,10294,4663155052,3385870,1979297,125806,0.9402,0.7261,0.00072609,0.00630772,2019-06-05,2519,established,False,,18
2026-04-28,210851291,Build A Boat For Treasure,Adventure,Simulation,Sandbox,9985,4982088960,8317446,3543082,253688,0.9332,1.6695,0.00166947,0.0143468,2016-11-02,3463,top,True,2017,19
2026-04-28,372226183,Flee the Facility,Horror,Survival,1 vs All,7483,5560337930,9445328,2651371,230240,0.9201,1.6987,0.0016987,0.01394252,2017-07-01,3223,lower_mid,False,,20
2026-04-28,5650396773,a dusty trip [💎 SHARDS],Adventure,Adventure,,6410,2282560190,2011835,1944424,212561,0.9015,0.8814,0.00088139,0.00696473,2024-02-16,801,mid,False,,21
2026-04-28,1720936166,[UPD] All Star Tower Defense,All,Strategy,Tower Defense,6387,7786307139,2309818,1480593,129138,0.9198,0.2967,0.00029665,0.00239079,2020-05-07,2182,established,False,,22
2026-04-28,2440500124,DOORS 👁️,Adventure,Survival,Escape,6384,7339882153,7769484,4496901,343274,0.9291,1.0585,0.00105853,0.00861676,2021-03-14,1871,breakout,True,2022,23
2026-04-28,73885730,Prison Life,Town and City,Action,Open World Action,5792,2876138291,5831877,1484038,258751,0.8515,2.0277,0.00202768,0.01496021,2014-05-02,4379,established,False,,24
2026-04-28,245662005,Jailbreak ,Town and City,Action,Open World Action,4920,7876678561,18545578,5745691,805832,0.877,2.3545,0.00235449,0.01755419,2017-01-06,3398,top,True,2017,25
2026-04-28,47545,🍕Work at a Pizza Place,Town and City,Roleplay & Avatar Sim,Life,3936,5472664604,13296681,3381572,260610,0.9284,2.4297,0.00242965,0.01867394,2008-03-28,6604,established,False,,26
2026-04-28,65241,Natural Disaster Survival,All,Survival,,3829,4227456975,11543908,4293596,435297,0.9079,2.7307,0.0027307,0.02045606,2008-03-28,6604,top,True,2014,27
2026-04-28,31970568,Theme Park Tycoon 2,Building,Simulation,Tycoon,3732,1560199072,6016239,2046145,255085,0.8892,3.8561,0.00385607,0.02820042,2012-01-02,5230,established,False,,28
2026-04-28,321778215,Royale🌼High,All,Roleplay & Avatar Sim,Dress Up,3560,10385969441,13271382,3237378,532008,0.8589,1.2778,0.00127782,0.00897487,2017-04-10,3304,top,True,2018,29
2026-04-28,1516533665,Piggy,Horror,Survival,,2982,14170561048,12087610,3974902,431073,0.9022,0.853,0.00085301,0.00615694,2020-01-23,2287,established,False,,30
2026-04-28,903807016,Emergency Response: Liberty County,Town and City,Roleplay & Avatar Sim,Life,2818,1478372173,2760737,1144480,113698,0.9096,1.8674,0.00186742,0.01349442,2018-11-01,2734,mid,False,,31
2026-04-28,111958650,Arsenal,Fighting,Shooter,Deathmatch Shooter,2354,6193882322,11465746,5090454,657971,0.8855,1.8511,0.00185114,0.01272768,2015-08-18,3906,established,False,,32
2026-04-28,1359573625,Deepwoken,RPG,RPG,Action RPG,2309,1535278422,992077,397883,60878,0.8673,0.6462,0.00064619,0.00434059,2019-10-12,2389,mid,False,,33
2026-04-28,371263894,Greenville,Town and City,Roleplay & Avatar Sim,Life,2293,1357844058,2579053,1000838,141964,0.8758,1.8994,0.00189937,0.01287167,2017-06-28,3225,mid,False,,34
2026-04-28,113491250,Phantom Forces,FPS,Shooter,Deathmatch Shooter,1699,1766396689,5950613,2451282,248125,0.9081,3.3688,0.00336879,0.02275501,2015-08-31,3893,established,False,,35
2026-04-28,2316994223,Pet Simulator X! 🐾,All,Simulation,Incremental Simulator,1444,8975821098,5963206,4210143,394780,0.9143,0.6644,0.00066436,0.00441941,2021-01-22,1921,breakout,True,2022,36
2026-04-28,1511883870,Shinobi Life 2,All,RPG,Action RPG,1368,2652795966,3009314,2181277,144175,0.938,1.1344,0.00113439,0.00768448,2020-01-20,2289,established,False,,37
2026-04-28,2404080894,Funky Friday,All,Action,Music & Rhythm,1319,1973515893,4073563,1950560,212043,0.902,2.0641,0.00206411,0.01337724,2021-02-26,1886,lower_mid,False,,38
2026-04-28,1008451066,Da Hood,Town and City,Action,Open World Action,1174,2898307549,2984671,1285824,537662,0.7051,1.0298,0.0010298,0.00513323,2019-01-27,2648,established,False,,39
2026-04-28,2471084,🌳 Lumber Tycoon 2,Adventure,Simulation,Tycoon,1155,1293488464,4578850,2011367,282358,0.8769,3.5399,0.00353992,0.02189276,2009-07-30,6115,lower_mid,False,,40
2026-04-28,2324662457,[🗼 TOKYO GHOUL] Anime Fighters Simulator ,Adventure,Simulation,Incremental Simulator,1154,1327739669,1569227,1148231,86700,0.9298,1.1819,0.00118188,0.00774931,2021-01-25,1918,mid,False,,41
2026-04-28,1335695570,⚡Ninja Legends,Fighting,Simulation,Incremental Simulator,840,2143259690,4678229,1604483,130358,0.9249,2.1828,0.00218276,0.01359544,2019-09-22,2409,top,True,2020,42
2026-04-28,110181652,Epic Minigames ✨,All,Party & Casual,Minigame,726,2313736434,8273333,2212601,233246,0.9046,3.5757,0.00357575,0.02131352,2015-07-29,3926,lower_mid,False,,43
2026-04-28,1434220026,My Restaurant! 👨‍🍳,All,Simulation,Tycoon,638,881336096,2672897,1078779,98913,0.916,3.0328,0.00303278,0.01794599,2019-12-06,2335,established,False,,44
2026-04-28,848145103,Dungeon Quest! ⚔️ RPG Adventure,Fighting,RPG,Action RPG,544,2320709717,5813357,1155583,102035,0.9189,2.505,0.00250499,0.01450285,2018-09-25,2771,mid,False,,45
2026-04-28,83858907,Speed Run 4,Adventure,Obby & Platformer,,339,1723672316,4517930,1027096,364040,0.7383,2.6211,0.00262111,0.01128019,2014-10-20,4207,mid,False,,46
2026-04-28,1424449565,Super Golf!,Sports,Sports & Racing,Sports,242,248502524,962259,310655,78968,0.7973,3.8722,0.00387223,0.01695936,2019-11-29,2342,mid,False,,47
2026-04-28,3183403065,[🤹APRIL FOOL'S🤡] AA,All,Strategy,Tower Defense,139,2507862812,1394935,721054,65193,0.9171,0.5562,0.00055622,0.00252075,2021-12-21,1589,established,False,,48
2026-04-28,1168263273,[🎃] Bad Business | FPS ,FPS,Shooter,Deathmatch Shooter,100,545878723,2180673,776585,131219,0.8555,3.9948,0.00399479,0.01577155,2019-05-29,2525,lower_mid,False,,49
2026-04-28,140239261,🏠 MeepCity 🏠,Town and City,Roleplay & Avatar Sim,,64,16270953476,14757969,2883916,515204,0.8484,0.907,0.00090701,0.00321235,2016-02-23,3716,top,True,2016,50
2026-04-28,1077961373,Giant Simulator,All,Simulation,Incremental Simulator,24,163562600,588123,175806,32873,0.8425,3.5957,0.00359571,0.00975087,2019-03-22,2594,lower_mid,False,,51
2026-04-28,81762198,[Sides] Vehicle Simulator,Town and City,Simulation,Vehicle Sim,7,665732144,3375428,1098909,133131,0.8919,5.0702,0.00507025,0.00940401,2014-08-08,4281,mid,False,,52
2026-04-28,1344222621,malymal91's Place,All,,,0,0,0,0,0,0.0,0.0,0.0,0.0,2019-09-29,2402,mid,False,,53
2026-04-28,67400893,efrenda's Place,All,,,0,0,0,0,0,0.0,0.0,0.0,0.0,2014-01-26,4474,lower_mid,False,,54
2026-04-28,1090335239,aleor3210's Place,All,,,0,0,0,0,0,0.0,0.0,0.0,0.0,2019-03-31,2585,lower_mid,False,,55
2026-04-28,2755335127,####'s Place,All,,,0,0,0,0,0,0.0,0.0,0.0,0.0,2021-07-19,1744,lower_mid,False,,56
2026-04-28,4494776745,chgcchfhcfvggjgvhc's Place,All,,,0,0,0,0,0,0.0,0.0,0.0,0.0,2023-03-19,1135,mid,False,,57
2026-04-28,4747349896,rgost1's Place,All,,,0,0,0,0,0,0.0,0.0,0.0,0.0,2023-06-07,1056,mid,False,,58
2026-04-28,1557606948,ProPro1052's Place,All,,,0,0,0,0,0,0.0,0.0,0.0,0.0,2020-02-17,2261,mid,False,,59
2026-04-28,498598030,puppyluver112232's Place,All,,,0,0,0,0,0,0.0,0.0,0.0,0.0,2017-12-05,3065,mid,False,,60
2026-04-29,994732206,Blox Fruits,Adventure,RPG,Action RPG,302110,61054984572,18676878,12013006,1034159,0.9207,0.3059,0.0003059,0.00355409,2019-01-16,2660,top,True,2021,1
2026-04-29,1686885941,Brookhaven 🏡RP,Town and City,Roleplay & Avatar Sim,Life,300317,81741054979,27298697,7999343,1312280,0.8591,0.334,0.00033397,0.00361855,2020-04-21,2199,top,True,2020,2
2026-04-29,383310974,[🦀] Adopt Me!,RPG,Roleplay & Avatar Sim,Pet Care,283604,43321718864,28921997,9050182,1500360,0.8578,0.6676,0.00066761,0.00719008,2017-07-14,3210,top,True,2019,3
2026-04-29,6035872082,[🎬] RIVALS,FPS,Shooter,Deathmatch Shooter,226909,14326641260,72110322,9285178,568952,0.9423,5.0333,0.0050333,0.05848835,2024-05-26,702,breakout,True,2025,4
2026-04-29,66654135,Murder Mystery 2,Horror,Survival,1 vs All,111107,25309506828,21810868,9537351,965798,0.908,0.8618,0.00086177,0.00909156,2014-01-18,4484,top,True,2017,5
2026-04-29,5361032378,Sol's RNG [ Eon1 - 20🪐],All,Simulation,Incremental Simulator,70198,1808365824,927647,1303523,129804,0.9094,0.513,0.00051298,0.00520593,2023-12-03,878,breakout,True,2025,6
2026-04-29,3808081382,The Strongest Battlegrounds,Fighting,Action,Battlegrounds & Fighting,65559,17708630592,6833344,4944898,959709,0.8375,0.3859,0.00038588,0.00358405,2022-08-02,1366,breakout,True,2024,7
2026-04-29,601130232,Bee Swarm Simulator,Adventure,Simulation,Incremental Simulator,33738,4370344334,6428195,2963101,137998,0.9555,1.4709,0.00147087,0.01465342,2018-03-21,2960,top,True,2018,8
2026-04-29,5750914919,Fisch 🐱 [COMPANIONS],Adventure,Simulation,,28511,4399084055,3303398,2815281,300505,0.9036,0.7509,0.00075093,0.00696015,2024-03-13,776,breakout,True,2025,9
2026-04-29,1831550657,🐣 Creatures of Sonaria 🐇 Survive Kaiju Animals,All,Roleplay & Avatar Sim,Animal Sim,16898,1936319389,9790443,1306493,107723,0.9238,5.0562,0.00505621,0.04547294,2020-06-25,2133,lower_mid,False,,10
2026-04-29,3317679266,PLS DONATE 💸,All,Social,,13442,5036022342,4226343,3571065,261596,0.9317,0.8392,0.00083922,0.00743331,2022-02-05,1543,breakout,True,2024,11
2026-04-29,4777817887,Blade Ball,Fighting,Action,Battlegrounds & Fighting,11981,6122003762,12342800,8141695,561942,0.9354,2.0161,0.00201614,0.01771142,2023-06-17,1047,breakout,True,2024,12
2026-04-29,88070565,[🍼] Welcome to Bloxburg 🏡,Town and City,Roleplay & Avatar Sim,Life,10498,9903498982,13852136,5564247,733307,0.8836,1.3987,0.00139871,0.0114427,2014-11-04,4194,established,False,,13
2026-04-29,210851291,Build A Boat For Treasure,Adventure,Simulation,Sandbox,10269,4982977734,8318252,3543526,253711,0.9332,1.6693,0.00166933,0.01438935,2016-11-02,3464,top,True,2017,14
2026-04-29,1235188606,[🦋🐣] Dragon Adventures 🐉,Adventure,RPG,,8778,1573702889,12976328,1051818,75374,0.9331,8.2457,0.00824573,0.06986558,2019-07-15,2479,mid,False,,15
2026-04-29,372226183,Flee the Facility,Horror,Survival,1 vs All,7112,5562316850,9446440,2651999,230278,0.9201,1.6983,0.00169829,0.01385983,2017-07-01,3224,lower_mid,False,,16
2026-04-29,5650396773,a dusty trip [💎 SHARDS],Adventure,Adventure,,6788,2283647210,2013013,1944713,212614,0.9014,0.8815,0.00088149,0.00701094,2024-02-16,802,mid,False,,17
2026-04-29,2440500124,DOORS 👁️,Adventure,Survival,Escape,6626,7341249343,7770978,4497624,343322,0.9291,1.0585,0.00105854,0.00865341,2021-03-14,1872,breakout,True,2022,18
2026-04-29,1720936166,[UPD] All Star Tower Defense,All,Strategy,Tower Defense,6307,7787621501,2309899,1480696,129145,0.9198,0.2966,0.00029661,0.00238703,2020-05-07,2183,established,False,,19
2026-04-29,245662005,Jailbreak ,Town and City,Action,Open World Action,4864,7877459222,18545990,5745908,805873,0.877,2.3543,0.00235431,0.01752919,2017-01-06,3399,top,True,2017,20
2026-04-29,47545,🍕Work at a Pizza Place,Town and City,Roleplay & Avatar Sim,Life,4080,5473207070,13297903,3381925,260623,0.9285,2.4296,0.00242964,0.01875491,2008-03-28,6605,established,False,,21
2026-04-29,65241,Natural Disaster Survival,All,Survival,,3937,4228522972,11544989,4294100,435370,0.9079,2.7303,0.00273027,0.02052166,2008-03-28,6605,top,True,2014,22
2026-04-29,31970568,Theme Park Tycoon 2,Building,Simulation,Tycoon,3765,1560457686,6016598,2046311,255091,0.8892,3.8557,0.00385566,0.02822779,2012-01-02,5231,established,False,,23
2026-04-29,321778215,Royale🌼High,All,Roleplay & Avatar Sim,Dress Up,3561,10386268022,13271544,3237490,532012,0.8589,1.2778,0.0012778,0.00897507,2017-04-10,3305,top,True,2018,24
2026-04-29,1516533665,Piggy,Horror,Survival,,3228,14171331587,12088229,3975269,431097,0.9022,0.853,0.00085301,0.00621792,2020-01-23,2288,established,False,,25
2026-04-29,111958650,Arsenal,Fighting,Shooter,Deathmatch Shooter,2466,6194469300,11465935,5090629,658003,0.8855,1.851,0.001851,0.01280282,2015-08-18,3907,established,False,,26
2026-04-29,1359573625,Deepwoken,RPG,RPG,Action RPG,2248,1535786680,992220,397937,60882,0.8673,0.6461,0.00064607,0.00432482,2019-10-12,2390,mid,False,,27
2026-04-29,113491250,Phantom Forces,FPS,Shooter,Deathmatch Shooter,1594,1766600097,5950735,2451346,248141,0.9081,3.3685,0.00336847,0.02255776,2015-08-31,3894,established,False,,28
2026-04-29,2316994223,Pet Simulator X! 🐾,All,Simulation,Incremental Simulator,1419,8975943843,5963259,4210199,394785,0.9143,0.6644,0.00066436,0.00440879,2021-01-22,1922,breakout,True,2022,29
2026-04-29,1511883870,Shinobi Life 2,All,RPG,Action RPG,1377,2652906054,3009423,2181385,144182,0.938,1.1344,0.00113439,0.00769142,2020-01-20,2290,established,False,,30
2026-04-29,2404080894,Funky Friday,All,Action,Music & Rhythm,1348,1973742817,4073722,1950669,212061,0.9019,2.064,0.00206396,0.01341664,2021-02-26,1887,lower_mid,False,,31
2026-04-29,1008451066,Da Hood,Town and City,Action,Open World Action,1222,2898519973,2984728,1285874,537682,0.7051,1.0297,0.00102974,0.00516202,2019-01-27,2649,established,False,,32
2026-04-29,2471084,🌳 Lumber Tycoon 2,Adventure,Simulation,Tycoon,1131,1293583637,4578967,2011435,282357,0.8769,3.5398,0.00353975,0.02182669,2009-07-30,6116,lower_mid,False,,33
2026-04-29,1335695570,⚡Ninja Legends,Fighting,Simulation,Incremental Simulator,797,2143343878,4678350,1604569,130362,0.9249,2.1827,0.00218273,0.01348934,2019-09-22,2410,top,True,2020,34
2026-04-29,110181652,Epic Minigames ✨,All,Party & Casual,Minigame,684,2313862625,8273832,2212771,233245,0.9046,3.5758,0.00357577,0.02112131,2015-07-29,3927,lower_mid,False,,35
2026-04-29,1434220026,My Restaurant! 👨‍🍳,All,Simulation,Tycoon,605,881376245,2672920,1078813,98912,0.916,3.0327,0.00303267,0.01779809,2019-12-06,2336,established,False,,36
2026-04-29,83858907,Speed Run 4,Adventure,Obby & Platformer,,382,1723752484,4518054,1027139,364053,0.7383,2.6211,0.00262106,0.01151045,2014-10-20,4208,mid,False,,37
2026-04-29,1424449565,Super Golf!,Sports,Sports & Racing,Sports,214,248546777,962396,310696,78977,0.7973,3.8721,0.00387209,0.01658085,2019-11-29,2343,mid,False,,38
2026-04-29,3183403065,[🤹APRIL FOOL'S🤡] AA,All,Strategy,Tower Defense,136,2507875553,1394902,721059,65193,0.9171,0.5562,0.00055621,0.00250963,2021-12-21,1590,established,False,,39
2026-04-29,140239261,🏠 MeepCity 🏠,Town and City,Roleplay & Avatar Sim,,58,16270983656,14757912,2883946,515221,0.8484,0.907,0.00090701,0.00313779,2016-02-23,3717,top,True,2016,40
2026-04-29,81762198,[Sides] Vehicle Simulator,Town and City,Simulation,Vehicle Sim,2,665734176,3375419,1098910,133132,0.8919,5.0702,0.00507022,0.0049683,2014-08-08,4282,mid,False,,41
2026-04-29,1344222621,malymal91's Place,All,,,0,0,0,0,0,0.0,0.0,0.0,0.0,2019-09-29,2403,mid,False,,42
2026-04-29,67400893,efrenda's Place,All,,,0,0,0,0,0,0.0,0.0,0.0,0.0,2014-01-26,4475,lower_mid,False,,43
2026-04-29,1090335239,aleor3210's Place,All,,,0,0,0,0,0,0.0,0.0,0.0,0.0,2019-03-31,2586,lower_mid,False,,44
2026-04-29,2755335127,####'s Place,All,,,0,0,0,0,0,0.0,0.0,0.0,0.0,2021-07-19,1745,lower_mid,False,,45
2026-04-29,4494776745,chgcchfhcfvggjgvhc's Place,All,,,0,0,0,0,0,0.0,0.0,0.0,0.0,2023-03-19,1136,mid,False,,46
2026-04-29,4747349896,rgost1's Place,All,,,0,0,0,0,0,0.0,0.0,0.0,0.0,2023-06-07,1057,mid,False,,47
2026-04-29,1557606948,ProPro1052's Place,All,,,0,0,0,0,0,0.0,0.0,0.0,0.0,2020-02-17,2262,mid,False,,48
2026-04-30,1686885941,Brookhaven 🏡RP,Town and City,Roleplay & Avatar Sim,Life,322181,81770458921,27313441,8002508,1312742,0.8591,0.334,0.00033403,0.00363939,2020-04-21,2200,top,True,2020,1
2026-04-30,994732206,Blox Fruits,Adventure,RPG,Action RPG,298457,61078172163,18686016,12017141,1034384,0.9207,0.3059,0.00030594,0.00355109,2019-01-16,2661,top,True,2021,2
2026-04-30,383310974,[🦀] Adopt Me!,RPG,Roleplay & Avatar Sim,Pet Care,237304,43330706893,28927257,9052778,1500381,0.8578,0.6676,0.00066759,0.0070881,2017-07-14,3211,top,True,2019,3
2026-04-30,6035872082,[🎬] RIVALS,FPS,Shooter,Deathmatch Shooter,236607,14353740876,72232075,9294051,569915,0.9422,5.0323,0.00503228,0.05867245,2024-05-26,703,breakout,True,2025,4
2026-04-30,66654135,Murder Mystery 2,Horror,Survival,1 vs All,120996,25326564062,21821315,9541338,966174,0.908,0.8616,0.0008616,0.00915652,2014-01-18,4485,top,True,2017,5
2026-04-30,5361032378,Sol's RNG [ Eon1 - 20🪐],All,Simulation,Incremental Simulator,72242,1811234667,928619,1304668,129836,0.9095,0.5127,0.0005127,0.00521681,2023-12-03,879,breakout,True,2025,6
2026-04-30,3808081382,The Strongest Battlegrounds,Fighting,Action,Battlegrounds & Fighting,68945,17718603605,6837257,4946661,960101,0.8375,0.3859,0.00038588,0.00360033,2022-08-02,1367,breakout,True,2024,7
2026-04-30,601130232,Bee Swarm Simulator,Adventure,Simulation,Incremental Simulator,33740,4372571428,6428642,2963451,138013,0.9555,1.4702,0.00147022,0.01464706,2018-03-21,2961,top,True,2018,8
2026-04-30,5750914919,Fisch 🐱 [COMPANIONS],Adventure,Simulation,,30061,4400720018,3305855,2816060,300505,0.9036,0.7512,0.00075121,0.00699886,2024-03-13,777,breakout,True,2025,9
2026-04-30,1831550657,🐣 Creatures of Sonaria 🐇 Survive Kaiju Animals,All,Roleplay & Avatar Sim,Animal Sim,21064,1937833409,9795852,1306991,107750,0.9238,5.0551,0.00505505,0.04649206,2020-06-25,2134,lower_mid,False,,10
2026-04-30,3317679266,PLS DONATE 💸,All,Social,,14411,5038429509,4228523,3572441,261687,0.9317,0.8393,0.00083925,0.00748803,2022-02-05,1544,breakout,True,2024,11
2026-04-30,4777817887,Blade Ball,Fighting,Action,Battlegrounds & Fighting,12708,6123633904,12346144,8143124,562077,0.9354,2.0161,0.00201615,0.01782252,2023-06-17,1048,breakout,True,2024,12
2026-04-30,210851291,Build A Boat For Treasure,Adventure,Simulation,Sandbox,11225,4983890504,8319039,3543990,253738,0.9332,1.6692,0.00166919,0.01452674,2016-11-02,3465,top,True,2017,13
2026-04-30,88070565,[🍼] Welcome to Bloxburg 🏡,Town and City,Roleplay & Avatar Sim,Life,10545,9904655152,13852852,5564683,733310,0.8836,1.3986,0.00139862,0.01144757,2014-11-04,4195,established,False,,14
2026-04-30,1235188606,[🦋🐣] Dragon Adventures 🐉,Adventure,RPG,,9274,1574522233,12985821,1052244,75393,0.9331,8.2475,0.00824747,0.070304,2019-07-15,2480,mid,False,,15
2026-04-30,2440500124,DOORS 👁️,Adventure,Survival,Escape,7755,7342757502,7772551,4498351,343359,0.9291,1.0585,0.00105853,0.00880813,2021-03-14,1873,breakout,True,2022,16
2026-04-30,5650396773,a dusty trip [💎 SHARDS],Adventure,Adventure,,7638,2284772951,2014248,1945062,212677,0.9014,0.8816,0.0008816,0.00710545,2024-02-16,803,mid,False,,17
2026-04-30,372226183,Flee the Facility,Horror,Survival,1 vs All,7290,5564279547,9447645,2652636,230317,0.9201,1.6979,0.00169791,0.0138954,2017-07-01,3225,lower_mid,False,,18
2026-04-30,1720936166,[UPD] All Star Tower Defense,All,Strategy,Tower Defense,6014,7788894615,2309986,1480811,129152,0.9198,0.2966,0.00029657,0.00237376,2020-05-07,2184,established,False,,19
2026-04-30,245662005,Jailbreak ,Town and City,Action,Open World Action,5105,7878323697,18546441,5746148,805890,0.877,2.3541,0.00235411,0.01762755,2017-01-06,3400,top,True,2017,20
2026-04-30,65241,Natural Disaster Survival,All,Survival,,4395,4229654792,11546230,4294597,435434,0.9079,2.7298,0.00272983,0.020791,2008-03-28,6606,top,True,2014,21
2026-04-30,31970568,Theme Park Tycoon 2,Building,Simulation,Tycoon,4067,1560715867,6016969,2046477,255105,0.8892,3.8553,0.00385526,0.02848936,2012-01-02,5232,established,False,,22
2026-04-30,47545,🍕Work at a Pizza Place,Town and City,Roleplay & Avatar Sim,Life,4020,5473777018,13299170,3382317,260647,0.9285,2.4296,0.00242961,0.01872137,2008-03-28,6606,established,False,,23
2026-04-30,321778215,Royale🌼High,All,Roleplay & Avatar Sim,Dress Up,3733,10386566891,13271687,3237603,532024,0.8589,1.2778,0.00127777,0.00902667,2017-04-10,3306,top,True,2018,24
2026-04-30,1516533665,Piggy,Horror,Survival,,3440,14172110478,12088824,3975661,431120,0.9022,0.853,0.000853,0.00626685,2020-01-23,2289,established,False,,25
2026-04-30,111958650,Arsenal,Fighting,Shooter,Deathmatch Shooter,2530,6195068965,11466121,5090812,658050,0.8855,1.8508,0.00185085,0.01284371,2015-08-18,3908,established,False,,26
2026-04-30,1359573625,Deepwoken,RPG,RPG,Action RPG,2379,1536286490,992364,397993,60886,0.8673,0.6459,0.00064595,0.0043558,2019-10-12,2391,mid,False,,27
2026-04-30,113491250,Phantom Forces,FPS,Shooter,Deathmatch Shooter,1748,1766806280,5950889,2451426,248161,0.9081,3.3682,0.00336816,0.02283752,2015-08-31,3895,established,False,,28
2026-04-30,2404080894,Funky Friday,All,Action,Music & Rhythm,1493,1973981424,4073891,1950823,212075,0.9019,2.0638,0.00206379,0.01360563,2021-02-26,1888,lower_mid,False,,29
2026-04-30,2316994223,Pet Simulator X! 🐾,All,Simulation,Incremental Simulator,1397,8976073074,5963287,4210272,394795,0.9143,0.6644,0.00066435,0.00439926,2021-01-22,1923,breakout,True,2022,30
2026-04-30,1511883870,Shinobi Life 2,All,RPG,Action RPG,1317,2653018495,3009517,2181476,144184,0.938,1.1344,0.00113437,0.00764397,2020-01-20,2291,established,False,,31
2026-04-30,1008451066,Da Hood,Town and City,Action,Open World Action,1294,2898739430,2984790,1285935,537703,0.7051,1.0297,0.00102969,0.00520329,2019-01-27,2650,established,False,,32
2026-04-30,2471084,🌳 Lumber Tycoon 2,Adventure,Simulation,Tycoon,1249,1293680567,4579095,2011510,282365,0.8769,3.5396,0.00353959,0.02213346,2009-07-30,6117,lower_mid,False,,33
2026-04-30,110181652,Epic Minigames ✨,All,Party & Casual,Minigame,968,2314027500,8274643,2212959,233254,0.9046,3.5759,0.00357586,0.02224398,2015-07-29,3928,lower_mid,False,,34
2026-04-30,1335695570,⚡Ninja Legends,Fighting,Simulation,Incremental Simulator,928,2143428118,4678472,1604661,130364,0.9249,2.1827,0.00218271,0.01379604,2019-09-22,2411,top,True,2020,35
2026-04-30,1434220026,My Restaurant! 👨‍🍳,All,Simulation,Tycoon,735,881417891,2672938,1078864,98912,0.916,3.0325,0.00303254,0.01833732,2019-12-06,2337,established,False,,36
2026-04-30,83858907,Speed Run 4,Adventure,Obby & Platformer,,367,1723839760,4518242,1027181,364070,0.7383,2.621,0.00262103,0.01143301,2014-10-20,4209,mid,False,,37
2026-04-30,1424449565,Super Golf!,Sports,Sports & Racing,Sports,343,248602711,962635,310739,78988,0.7973,3.8722,0.00387218,0.01803232,2019-11-29,2344,mid,False,,38
2026-04-30,3183403065,[🤹APRIL FOOL'S🤡] AA,All,Strategy,Tower Defense,111,2507888669,1394864,721063,65191,0.9171,0.5562,0.00055619,0.00240679,2021-12-21,1591,established,False,,39
2026-04-30,140239261,🏠 MeepCity 🏠,Town and City,Roleplay & Avatar Sim,,55,16271012478,14757863,2883967,515242,0.8484,0.907,0.000907,0.0030976,2016-02-23,3718,top,True,2016,40
2026-04-30,81762198,[Sides] Vehicle Simulator,Town and City,Simulation,Vehicle Sim,10,665736152,3375394,1098912,133133,0.8919,5.0702,0.00507017,0.01084398,2014-08-08,4283,mid,False,,41
2026-04-30,1344222621,malymal91's Place,All,,,0,0,0,0,0,0.0,0.0,0.0,0.0,2019-09-29,2404,mid,False,,42
2026-04-30,67400893,efrenda's Place,All,,,0,0,0,0,0,0.0,0.0,0.0,0.0,2014-01-26,4476,lower_mid,False,,43
2026-04-30,1090335239,aleor3210's Place,All,,,0,0,0,0,0,0.0,0.0,0.0,0.0,2019-03-31,2587,lower_mid,False,,44
2026-04-30,2755335127,####'s Place,All,,,0,0,0,0,0,0.0,0.0,0.0,0.0,2021-07-19,1746,lower_mid,False,,45
2026-04-30,4494776745,chgcchfhcfvggjgvhc's Place,All,,,0,0,0,0,0,0.0,0.0,0.0,0.0,2023-03-19,1137,mid,False,,46
2026-04-30,4747349896,rgost1's Place,All,,,0,0,0,0,0,0.0,0.0,0.0,0.0,2023-06-07,1058,mid,False,,47
2026-04-30,1557606948,ProPro1052's Place,All,,,0,0,0,0,0,0.0,0.0,0.0,0.0,2020-02-17,2263,mid,False,,48
2026-05-01,1686885941,Brookhaven 🏡RP,Town and City,Roleplay & Avatar Sim,Life,410512,81805307419,27330368,8006297,1313244,0.8591,0.3341,0.00033409,0.00370969,2020-04-21,2201,top,True,2020,1
2026-05-01,994732206,Blox Fruits,Adventure,RPG,Action RPG,363597,61103709332,18695741,12022193,1034566,0.9208,0.306,0.00030597,0.00360714,2019-01-16,2662,top,True,2021,2
2026-05-01,6035872082,[🎬] RIVALS,FPS,Shooter,Deathmatch Shooter,320443,14387882448,72381661,9305427,571147,0.9422,5.0307,0.00503074,0.06008886,2024-05-26,704,breakout,True,2025,3
2026-05-01,383310974,[🦀] Adopt Me!,RPG,Roleplay & Avatar Sim,Pet Care,297194,43340280986,28932096,9055559,1500479,0.8579,0.6676,0.00066756,0.00721684,2017-07-14,3212,top,True,2019,4
2026-05-01,7326934954,99 Nights in the Forest 🔦,All,Survival,,267487,26315160426,7325543,4796674,499615,0.9057,0.2784,0.00027838,0.00315066,2025-03-04,423,breakout,True,2026,5
2026-05-01,66654135,Murder Mystery 2,Horror,Survival,1 vs All,147719,25345695746,21832788,9545741,966634,0.908,0.8614,0.0008614,0.0093105,2014-01-18,4486,top,True,2017,6
2026-05-01,7436755782,[📜] Grow a Garden 🌶️,All,Simulation,Tycoon,102456,35223472741,10860756,9248251,1040664,0.8989,0.3083,0.00030834,0.00319756,2025-03-25,401,breakout,True,2025,7
2026-05-01,3808081382,The Strongest Battlegrounds,Fighting,Action,Battlegrounds & Fighting,80545,17730246160,6841969,4948640,960570,0.8374,0.3859,0.00038589,0.00365065,2022-08-02,1368,breakout,True,2024,8
2026-05-01,5361032378,Sol's RNG [ Eon1 - 20🪐],All,Simulation,Incremental Simulator,75270,1814127570,929765,1306065,129853,0.9096,0.5125,0.00051251,0.00523451,2023-12-03,880,breakout,True,2025,9
2026-05-01,5750914919,Fisch 🐱 [COMPANIONS],Adventure,Simulation,,35751,4402579029,3308097,2816942,300516,0.9036,0.7514,0.0007514,0.00711853,2024-03-13,778,breakout,True,2025,10
2026-05-01,601130232,Bee Swarm Simulator,Adventure,Simulation,Incremental Simulator,35536,4374938598,6429143,2963855,138042,0.9555,1.4695,0.00146954,0.01471305,2018-03-21,2962,top,True,2018,11
2026-05-01,7018190066,Dead Rails [STRANGER THINGS '85],All,Adventure,Exploration,28783,6248869998,5672433,3258870,256444,0.927,0.9078,0.00090775,0.0086405,2025-01-01,484,breakout,True,2025,12
2026-05-01,1831550657,🐣 Creatures of Sonaria 🐇 Survive Kaiju Animals,All,Roleplay & Avatar Sim,Animal Sim,26856,1939597574,9803175,1307613,107798,0.9238,5.0542,0.00505423,0.04761884,2020-06-25,2135,lower_mid,False,,13
2026-05-01,3317679266,PLS DONATE 💸,All,Social,,17937,5041317165,4231136,3574089,261789,0.9318,0.8393,0.00083929,0.00765956,2022-02-05,1545,breakout,True,2024,14
2026-05-01,4777817887,Blade Ball,Fighting,Action,Battlegrounds & Fighting,15211,6125473325,12350381,8144829,562211,0.9354,2.0162,0.00201623,0.01816231,2023-06-17,1049,breakout,True,2024,15
2026-05-01,210851291,Build A Boat For Treasure,Adventure,Simulation,Sandbox,15189,4984995161,8320058,3544477,253768,0.9332,1.669,0.00166902,0.01499632,2016-11-02,3466,top,True,2017,16
2026-05-01,1176784616,[☣️ NEW TOWER] Tower Defense Simulator,All,Strategy,Tower Defense,14826,4667295585,3387560,1981163,125830,0.9403,0.7258,0.00072581,0.00655451,2019-06-05,2522,established,False,,17
2026-05-01,88070565,[🍼] Welcome to Bloxburg 🏡,Town and City,Roleplay & Avatar Sim,Life,13552,9905798144,13853668,5565113,733321,0.8836,1.3985,0.00139854,0.011757,2014-11-04,4196,established,False,,18
2026-05-01,2440500124,DOORS 👁️,Adventure,Survival,Escape,12542,7344639122,7774269,4499061,343428,0.9291,1.0585,0.0010585,0.00928052,2021-03-14,1874,breakout,True,2022,19
2026-05-01,1235188606,[🦋🐣] Dragon Adventures 🐉,Adventure,RPG,,11212,1575406743,12996140,1052726,75410,0.9332,8.2494,0.00824939,0.07178215,2019-07-15,2481,mid,False,,20
2026-05-01,5650396773,a dusty trip [💎 SHARDS],Adventure,Adventure,,9036,2286028466,2015481,1945437,212718,0.9014,0.8817,0.00088165,0.00723946,2024-02-16,804,mid,False,,21
2026-05-01,372226183,Flee the Facility,Horror,Survival,1 vs All,8519,5566370745,9448977,2653276,230377,0.9201,1.6975,0.00169751,0.01413543,2017-07-01,3226,lower_mid,False,,22
2026-05-01,73885730,Prison Life,Town and City,Action,Open World Action,7451,2879035539,5834492,1485040,258957,0.8515,2.0265,0.00202654,0.01538615,2014-05-02,4382,established,False,,23
2026-05-01,245662005,Jailbreak ,Town and City,Action,Open World Action,6484,7879181934,18546987,5746384,805942,0.877,2.3539,0.00235392,0.01811965,2017-01-06,3401,top,True,2017,24
2026-05-01,1720936166,[UPD] All Star Tower Defense,All,Strategy,Tower Defense,5547,7790166977,2310072,1480914,129150,0.9198,0.2965,0.00029654,0.00235143,2020-05-07,2185,established,False,,25
2026-05-01,47545,🍕Work at a Pizza Place,Town and City,Roleplay & Avatar Sim,Life,5490,5474448258,13300583,3382801,260670,0.9285,2.4296,0.00242958,0.01942398,2008-03-28,6607,established,False,,26
2026-05-01,65241,Natural Disaster Survival,All,Survival,,5288,4230977255,11547689,4295178,435519,0.9079,2.7293,0.00272932,0.02124529,2008-03-28,6607,top,True,2014,27
2026-05-01,31970568,Theme Park Tycoon 2,Building,Simulation,Tycoon,5187,1561014230,6017422,2046682,255115,0.8892,3.8548,0.00385482,0.02931983,2012-01-02,5233,established,False,,28
2026-05-01,1516533665,Piggy,Horror,Survival,,4868,14172989970,12089416,3976048,431150,0.9022,0.853,0.00085299,0.00653392,2020-01-23,2290,established,False,,29
2026-05-01,321778215,Royale🌼High,All,Roleplay & Avatar Sim,Dress Up,4789,10386898204,13271892,3237755,532027,0.8589,1.2778,0.00127775,0.00929989,2017-04-10,3307,top,True,2018,30
2026-05-01,903807016,Emergency Response: Liberty County,Town and City,Roleplay & Avatar Sim,Life,4346,1480019181,2762079,1145053,113797,0.9096,1.8662,0.00186625,0.01422071,2018-11-01,2737,mid,False,,31
2026-05-01,1359573625,Deepwoken,RPG,RPG,Action RPG,3663,1536866573,992614,398071,60902,0.8673,0.6459,0.00064587,0.00459691,2019-10-12,2392,mid,False,,32
2026-05-01,371263894,Greenville,Town and City,Roleplay & Avatar Sim,Life,3400,1358858533,2580290,1001421,142026,0.8758,1.8989,0.00189887,0.01352331,2017-06-28,3228,mid,False,,33
2026-05-01,111958650,Arsenal,Fighting,Shooter,Deathmatch Shooter,3245,6195737439,11466376,5091019,658090,0.8855,1.8507,0.00185069,0.01325034,2015-08-18,3909,established,False,,34
2026-05-01,113491250,Phantom Forces,FPS,Shooter,Deathmatch Shooter,2087,1767038646,5951060,2451501,248184,0.9081,3.3678,0.00336782,0.02337684,2015-08-31,3896,established,False,,35
2026-05-01,1511883870,Shinobi Life 2,All,RPG,Action RPG,1860,2653143998,3009632,2181585,144188,0.938,1.1344,0.00113436,0.00801101,2020-01-20,2292,established,False,,36
2026-05-01,2404080894,Funky Friday,All,Action,Music & Rhythm,1783,1974260439,4074115,1950970,212091,0.9019,2.0636,0.00206362,0.01393465,2021-02-26,1889,lower_mid,False,,37
2026-05-01,2471084,🌳 Lumber Tycoon 2,Adventure,Simulation,Tycoon,1725,1293789826,4579246,2011582,282369,0.8769,3.5394,0.0035394,0.02313384,2009-07-30,6118,lower_mid,False,,38
2026-05-01,2316994223,Pet Simulator X! 🐾,All,Simulation,Incremental Simulator,1665,8976219353,5963312,4210356,394800,0.9143,0.6643,0.00066435,0.00450574,2021-01-22,1924,breakout,True,2022,39
2026-05-01,1008451066,Da Hood,Town and City,Action,Open World Action,1600,2898977869,2984852,1285996,537734,0.7051,1.0296,0.00102962,0.00535696,2019-01-27,2651,established,False,,40
2026-05-01,110181652,Epic Minigames ✨,All,Party & Casual,Minigame,1348,2314232511,8275752,2213180,233271,0.9046,3.576,0.00357602,0.02331537,2015-07-29,3929,lower_mid,False,,41
2026-05-01,1335695570,⚡Ninja Legends,Fighting,Simulation,Incremental Simulator,1251,2143536069,4678657,1604764,130368,0.9249,2.1827,0.00218268,0.01439828,2019-09-22,2412,top,True,2020,42
2026-05-01,2324662457,[🗼 TOKYO GHOUL] Anime Fighters Simulator ,Adventure,Simulation,Incremental Simulator,1169,1327870741,1568422,1148289,86701,0.9298,1.1812,0.00118116,0.00775876,2021-01-25,1921,mid,False,,43
2026-05-01,1434220026,My Restaurant! 👨‍🍳,All,Simulation,Tycoon,902,881472848,2673020,1078943,98919,0.916,3.0324,0.00303245,0.01890478,2019-12-06,2338,established,False,,44
2026-05-01,848145103,Dungeon Quest! ⚔️ RPG Adventure,Fighting,RPG,Action RPG,524,2320913615,5814712,1155669,102042,0.9189,2.5054,0.00250535,0.01441889,2018-09-25,2774,mid,False,,45
2026-05-01,83858907,Speed Run 4,Adventure,Obby & Platformer,,480,1723938388,4518437,1027229,364099,0.7383,2.621,0.002621,0.01195094,2014-10-20,4210,mid,False,,46
2026-05-01,1424449565,Super Golf!,Sports,Sports & Racing,Sports,369,248668784,962883,310805,78997,0.7973,3.8722,0.00387215,0.01825749,2019-11-29,2345,mid,False,,47
2026-05-01,3183403065,[🤹APRIL FOOL'S🤡] AA,All,Strategy,Tower Defense,159,2507902922,1394805,721067,65193,0.9171,0.5562,0.00055616,0.00258859,2021-12-21,1592,established,False,,48
2026-05-01,1168263273,[🎃] Bad Business | FPS ,FPS,Shooter,Deathmatch Shooter,144,545944013,2180669,776614,131240,0.8554,3.9943,0.00399431,0.01700495,2019-05-29,2528,lower_mid,False,,49
2026-05-01,140239261,🏠 MeepCity 🏠,Town and City,Roleplay & Avatar Sim,,90,16271044829,14757834,2883994,515251,0.8484,0.907,0.000907,0.00347119,2016-02-23,3719,top,True,2016,50
2026-05-01,1077961373,Giant Simulator,All,Simulation,Incremental Simulator,40,163565571,588114,175812,32873,0.8425,3.5956,0.00359559,0.01124913,2019-03-22,2597,lower_mid,False,,51
2026-05-01,81762198,[Sides] Vehicle Simulator,Town and City,Simulation,Vehicle Sim,7,665738284,3375384,1098917,133133,0.8919,5.0701,0.00507014,0.00940379,2014-08-08,4284,mid,False,,52
2026-05-01,1344222621,malymal91's Place,All,,,0,0,0,0,0,0.0,0.0,0.0,0.0,2019-09-29,2405,mid,False,,53
2026-05-01,67400893,efrenda's Place,All,,,0,0,0,0,0,0.0,0.0,0.0,0.0,2014-01-26,4477,lower_mid,False,,54
2026-05-01,1090335239,aleor3210's Place,All,,,0,0,0,0,0,0.0,0.0,0.0,0.0,2019-03-31,2588,lower_mid,False,,55
2026-05-01,2755335127,####'s Place,All,,,0,0,0,0,0,0.0,0.0,0.0,0.0,2021-07-19,1747,lower_mid,False,,56
2026-05-01,4494776745,chgcchfhcfvggjgvhc's Place,All,,,0,0,0,0,0,0.0,0.0,0.0,0.0,2023-03-19,1138,mid,False,,57
2026-05-01,4747349896,rgost1's Place,All,,,0,0,0,0,0,0.0,0.0,0.0,0.0,2023-06-07,1059,mid,False,,58
2026-05-01,1557606948,ProPro1052's Place,All,,,0,0,0,0,0,0.0,0.0,0.0,0.0,2020-02-17,2264,mid,False,,59
2026-05-01,498598030,puppyluver112232's Place,All,,,0,0,0,0,0,0.0,0.0,0.0,0.0,2017-12-05,3068,mid,False,,60
2026-05-02,1686885941,Brookhaven 🏡RP,Town and City,Roleplay & Avatar Sim,Life,496741,81850398702,27352379,8011777,1314044,0.8591,0.3342,0.00033418,0.00376541,2020-04-21,2202,top,True,2020,1
2026-05-02,994732206,Blox Fruits,Adventure,RPG,Action RPG,366656,61131829249,18706732,12027600,1034822,0.9208,0.306,0.00030601,0.00361001,2019-01-16,2663,top,True,2021,2
2026-05-02,6035872082,[🎬] RIVALS,FPS,Shooter,Deathmatch Shooter,340360,14426228332,72561026,9318167,572624,0.9421,5.0298,0.0050298,0.06035916,2024-05-26,705,breakout,True,2025,3
2026-05-02,383310974,[🦚] Adopt Me!,RPG,Roleplay & Avatar Sim,Pet Care,227341,43352455612,28939040,9060280,1500605,0.8579,0.6675,0.00066753,0.00706355,2017-07-14,3213,top,True,2019,4
2026-05-02,66654135,Murder Mystery 2,Horror,Survival,1 vs All,158819,25367328605,21845632,9550659,967172,0.908,0.8612,0.00086117,0.00936465,2014-01-18,4486,top,True,2017,5
2026-05-02,5361032378,Sol's RNG [ Eon1 - 20🪐],All,Simulation,Incremental Simulator,112096,1817551854,930904,1307521,129877,0.9096,0.5122,0.00051217,0.00541704,2023-12-03,881,breakout,True,2025,6
2026-05-02,3808081382,The Strongest Battlegrounds,Fighting,Action,Battlegrounds & Fighting,86574,17743087054,6846865,4951125,961125,0.8374,0.3859,0.00038589,0.0036739,2022-08-02,1369,breakout,True,2024,7
2026-05-02,5750914919,Fisch 🐱 [COMPANIONS],Adventure,Simulation,,40931,4404655901,3311138,2818079,300547,0.9036,0.7517,0.00075174,0.00721383,2024-03-13,779,breakout,True,2025,8
2026-05-02,601130232,Bee Swarm Simulator,Adventure,Simulation,Incremental Simulator,34608,4377230046,6429710,2964309,138077,0.9555,1.4689,0.0014689,0.01466944,2018-03-21,2963,top,True,2018,9
2026-05-02,1831550657,🐣 Creatures of Sonaria 🐇 Survive Kaiju Animals,All,Roleplay & Avatar Sim,Animal Sim,32847,1942096458,9813044,1308508,107848,0.9239,5.0528,0.00505281,0.04854623,2020-06-25,2136,lower_mid,False,,10
2026-05-02,3317679266,PLS DONATE 💸,All,Social,,18154,5044570792,4234366,3575948,261948,0.9317,0.8394,0.00083939,0.00766982,2022-02-05,1546,breakout,True,2024,11
2026-05-02,210851291,Build A Boat For Treasure,Adventure,Simulation,Sandbox,17842,4986429829,8321398,3545179,253811,0.9332,1.6688,0.00166881,0.01524513,2016-11-02,3467,top,True,2017,12
2026-05-02,88070565,[🍼] Welcome to Bloxburg 🏡,Town and City,Roleplay & Avatar Sim,Life,17156,9907159535,13854535,5565611,733327,0.8836,1.3984,0.00139844,0.01204759,2014-11-04,4197,established,False,,13
2026-05-02,4777817887,Blade Ball,Fighting,Action,Battlegrounds & Fighting,15629,6127488655,12354934,8146684,562406,0.9354,2.0163,0.00201631,0.01821402,2023-06-17,1050,breakout,True,2024,14
2026-05-02,2440500124,DOORS 👁️,Adventure,Survival,Escape,14135,7347007935,7776500,4500035,343511,0.9291,1.0585,0.00105846,0.00939775,2021-03-14,1875,breakout,True,2022,15
2026-05-02,1235188606,[SZN 5] Dragon Adventures 🐉,Adventure,RPG,,13272,1576551304,13010040,1053309,75436,0.9332,8.2522,0.00825221,0.07310654,2019-07-15,2482,mid,False,,16
2026-05-02,5650396773,a dusty trip [💎 SHARDS],Adventure,Adventure,,10029,2287517005,2016946,1945934,212794,0.9014,0.8817,0.00088172,0.0073228,2024-02-16,805,mid,False,,17
2026-05-02,372226183,Flee the Facility,Horror,Survival,1 vs All,9469,5568946798,9450568,2654177,230429,0.9201,1.697,0.00169701,0.01429646,2017-07-01,3227,lower_mid,False,,18
2026-05-02,245662005,Jailbreak ,Town and City,Action,Open World Action,7391,7880051703,18547621,5746694,805998,0.877,2.3537,0.00235374,0.01838845,2017-01-06,3402,top,True,2017,19
2026-05-02,31970568,Theme Park Tycoon 2,Building,Simulation,Tycoon,6509,1561363173,6017897,2046903,255133,0.8892,3.8543,0.00385426,0.03009363,2012-01-02,5234,established,False,,20
2026-05-02,1516533665,Piggy,Horror,Survival,,5994,14174107000,12090276,3976579,431174,0.9022,0.853,0.00085298,0.00669401,2020-01-23,2291,established,False,,21
2026-05-02,321778215,Royale🌼High,All,Roleplay & Avatar Sim,Dress Up,5987,10387325219,13272157,3237927,532035,0.8589,1.2777,0.00127773,0.00954471,2017-04-10,3308,top,True,2018,22
2026-05-02,47545,🍕Work at a Pizza Place,Town and City,Roleplay & Avatar Sim,Life,5860,5475239842,13302282,3383322,260704,0.9285,2.4295,0.00242953,0.01957078,2008-03-28,6608,established,False,,23
2026-05-02,65241,Natural Disaster Survival,All,Survival,,5614,4232524859,11549393,4295859,435622,0.9079,2.7287,0.00272872,0.02138869,2008-03-28,6608,top,True,2014,24
2026-05-02,1720936166,[UPD] All Star Tower Defense,All,Strategy,Tower Defense,5351,7791386760,2310168,1481043,129149,0.9198,0.2965,0.0002965,0.00234137,2020-05-07,2186,established,False,,25
2026-05-02,1359573625,Deepwoken,RPG,RPG,Action RPG,4002,1537567402,993034,398198,60912,0.8673,0.6458,0.00064585,0.00464642,2019-10-12,2393,mid,False,,26
2026-05-02,111958650,Arsenal,Fighting,Shooter,Deathmatch Shooter,3303,6196487055,11466666,5091261,658132,0.8855,1.8505,0.00185051,0.01327807,2015-08-18,3910,established,False,,27
2026-05-02,2404080894,[⚔️ Clan Expansion] Funky Friday,All,Action,Music & Rhythm,2222,1974637074,4074344,1951165,212125,0.9019,2.0633,0.00206334,0.01434212,2021-02-26,1890,lower_mid,False,,28
2026-05-02,1511883870,Shinobi Life 2,All,RPG,Action RPG,2131,2653306164,3009794,2181761,144192,0.938,1.1344,0.00113436,0.00815563,2020-01-20,2293,established,False,,29
2026-05-02,113491250,Phantom Forces,FPS,Shooter,Deathmatch Shooter,2110,1767277867,5951261,2451581,248204,0.9081,3.3675,0.00336747,0.02340786,2015-08-31,3897,established,False,,30
2026-05-02,2471084,🌳 Lumber Tycoon 2,Adventure,Simulation,Tycoon,1835,1293911459,4579444,2011658,282379,0.8769,3.5392,0.00353923,0.02332442,2009-07-30,6119,lower_mid,False,,31
2026-05-02,1008451066,Da Hood,Town and City,Action,Open World Action,1790,2899248613,2984923,1286066,537756,0.7051,1.0296,0.00102955,0.00543802,2019-01-27,2652,established,False,,32
2026-05-02,2316994223,Pet Simulator X! 🐾,All,Simulation,Incremental Simulator,1775,8976371205,5963339,4210429,394803,0.9143,0.6643,0.00066434,0.00454452,2021-01-22,1925,breakout,True,2022,33
2026-05-02,110181652,Epic Minigames ✨,All,Party & Casual,Minigame,1459,2314475346,8277253,2213509,233285,0.9047,3.5763,0.0035763,0.02357318,2015-07-29,3930,lower_mid,False,,34
2026-05-02,1335695570,⚡Ninja Legends,Fighting,Simulation,Incremental Simulator,1409,2143662097,4678845,1604880,130372,0.9249,2.1826,0.00218264,0.01463797,2019-09-22,2413,top,True,2020,35
2026-05-02,1434220026,My Restaurant! 👨‍🍳,All,Simulation,Tycoon,1034,881539327,2673107,1079042,98919,0.916,3.0323,0.00303232,0.01928308,2019-12-06,2339,established,False,,36
2026-05-02,83858907,Speed Run 4,Adventure,Obby & Platformer,,569,1724054402,4518653,1027276,364129,0.7383,2.6209,0.00262095,0.01227911,2014-10-20,4211,mid,False,,37
2026-05-02,1424449565,Super Golf!,Sports,Sports & Racing,Sports,352,248741879,963157,310863,79017,0.7973,3.8721,0.00387211,0.01811186,2019-11-29,2346,mid,False,,38
2026-05-02,3183403065,[🤹APRIL FOOL'S🤡] AA,All,Strategy,Tower Defense,138,2507918721,1394755,721078,65195,0.9171,0.5561,0.00055614,0.00251672,2021-12-21,1593,established,False,,39
2026-05-02,140239261,🏠 MeepCity 🏠,Town and City,Roleplay & Avatar Sim,,122,16271085460,14757791,2884023,515269,0.8484,0.907,0.00090699,0.00370303,2016-02-23,3720,top,True,2016,40
2026-05-02,81762198,[Sides] Vehicle Simulator,Town and City,Simulation,Vehicle Sim,8,665740753,3375373,1098921,133133,0.8919,5.0701,0.0050701,0.00993637,2014-08-08,4285,mid,False,,41
2026-05-02,1344222621,malymal91's Place,All,,,0,0,0,0,0,0.0,0.0,0.0,0.0,2019-09-29,2406,mid,False,,42
2026-05-02,67400893,efrenda's Place,All,,,0,0,0,0,0,0.0,0.0,0.0,0.0,2014-01-26,4478,lower_mid,False,,43
2026-05-02,1090335239,aleor3210's Place,All,,,0,0,0,0,0,0.0,0.0,0.0,0.0,2019-03-31,2589,lower_mid,False,,44
2026-05-02,2755335127,####'s Place,All,,,0,0,0,0,0,0.0,0.0,0.0,0.0,2021-07-19,1748,lower_mid,False,,45
2026-05-02,4494776745,chgcchfhcfvggjgvhc's Place,All,,,0,0,0,0,0,0.0,0.0,0.0,0.0,2023-03-19,1139,mid,False,,46
2026-05-02,4747349896,rgost1's Place,All,,,0,0,0,0,0,0.0,0.0,0.0,0.0,2023-06-07,1060,mid,False,,47
2026-05-02,1557606948,ProPro1052's Place,All,,,0,0,0,0,0,0.0,0.0,0.0,0.0,2020-02-17,2265,mid,False,,48
2026-05-03,1686885941,Brookhaven 🏡RP,Town and City,Roleplay & Avatar Sim,Life,494135,81899819558,27376941,8017610,1314851,0.8591,0.3343,0.00033427,0.00376506,2020-04-21,2203,top,True,2020,1
2026-05-03,994732206,Blox Fruits,Adventure,RPG,Action RPG,361706,61160306639,18718175,12033223,1035083,0.9208,0.3061,0.00030605,0.00360677,2019-01-16,2664,top,True,2021,2
2026-05-03,6035872082,[🎬] RIVALS,FPS,Shooter,Deathmatch Shooter,328491,14467602959,72755916,9331966,574249,0.942,5.0289,0.00502889,0.06017532,2024-05-26,706,breakout,True,2025,3
2026-05-03,383310974,[🧼] Adopt Me!,RPG,Roleplay & Avatar Sim,Pet Care,259896,43365257575,28947142,9065682,1500751,0.858,0.6675,0.00066752,0.00714059,2017-07-14,3214,top,True,2019,4
2026-05-03,66654135,Murder Mystery 2,Horror,Survival,1 vs All,163955,25390562020,21859671,9555876,967746,0.908,0.8609,0.00086094,0.00938694,2014-01-18,4487,top,True,2017,5
2026-05-03,3808081382,The Strongest Battlegrounds,Fighting,Action,Battlegrounds & Fighting,86091,17756759102,6852384,4953634,961694,0.8374,0.3859,0.0003859,0.00367217,2022-08-02,1370,breakout,True,2024,6
2026-05-03,5361032378,Sol's RNG [ Eon1 - 20🪐],All,Simulation,Incremental Simulator,75759,1821057809,932094,1309089,129930,0.9097,0.5118,0.00051184,0.00523148,2023-12-03,882,breakout,True,2025,7
2026-05-03,5750914919,Fisch 🎸 [VENUE TAKEOVER],Adventure,Simulation,,72909,4409550897,3314937,2819943,300651,0.9037,0.7518,0.00075176,0.0076065,2024-03-13,780,breakout,True,2025,8
2026-05-03,601130232,Bee Swarm Simulator,Adventure,Simulation,Incremental Simulator,34869,4379573260,6430394,2964844,138096,0.9555,1.4683,0.00146827,0.01467372,2018-03-21,2964,top,True,2018,9
2026-05-03,1831550657,🐣 Creatures of Sonaria 🐇 Survive Kaiju Animals,All,Roleplay & Avatar Sim,Animal Sim,31338,1944656294,9824624,1309562,107929,0.9239,5.0521,0.00505211,0.04832024,2020-06-25,2137,lower_mid,False,,10
2026-05-03,88070565,[🍼] Welcome to Bloxburg 🏡,Town and City,Roleplay & Avatar Sim,Life,19209,9908921878,13855652,5566254,733333,0.8836,1.3983,0.0013983,0.01218621,2014-11-04,4198,established,False,,11
2026-05-03,3317679266,PLS DONATE 💸,All,Social,,18544,5048050528,4237651,3577901,262129,0.9317,0.8395,0.00083946,0.00768703,2022-02-05,1547,breakout,True,2024,12
2026-05-03,210851291,Build A Boat For Treasure,Adventure,Simulation,Sandbox,18116,4988049230,8322965,3546016,253865,0.9332,1.6686,0.00166858,0.01526681,2016-11-02,3468,top,True,2017,13
2026-05-03,4777817887,Blade Ball,Fighting,Action,Battlegrounds & Fighting,17825,6129761652,12359993,8148788,562594,0.9354,2.0164,0.00201639,0.0184626,2023-06-17,1051,breakout,True,2024,14
2026-05-03,1176784616,[☣️ NEW TOWER] Tower Defense Simulator,All,Strategy,Tower Defense,14999,4670751128,3388992,1982855,125855,0.9403,0.7256,0.00072558,0.0065606,2019-06-05,2524,established,False,,15
2026-05-03,2440500124,DOORS 👁️,Adventure,Survival,Escape,14771,7349638858,7779096,4501242,343578,0.9291,1.0584,0.00105843,0.00944085,2021-03-14,1876,breakout,True,2022,16
2026-05-03,1235188606,[SZN 5] Dragon Adventures 🐉,Adventure,RPG,,13537,1577861741,13027627,1054070,75464,0.9332,8.2565,0.00825651,0.0732986,2019-07-15,2483,mid,False,,17
2026-05-03,5650396773,a dusty trip [📜QUESTS],Adventure,Adventure,,10847,2289169334,2018584,1946515,212882,0.9014,0.8818,0.0008818,0.00738569,2024-02-16,806,mid,False,,18
2026-05-03,1359573625,Deepwoken: Free Week,RPG,RPG,Action RPG,10283,1539289534,998092,399671,61351,0.8669,0.6484,0.00064841,0.00519308,2019-10-12,2394,mid,False,,19
2026-05-03,372226183,Flee the Facility,Horror,Survival,1 vs All,10000,5571817677,9452531,2655159,230518,0.9201,1.6965,0.00169649,0.0143772,2017-07-01,3228,lower_mid,False,,20
2026-05-03,245662005,Jailbreak ,Town and City,Action,Open World Action,7741,7881054428,18548310,5747074,806049,0.877,2.3535,0.00235353,0.01848229,2017-01-06,3403,top,True,2017,21
2026-05-03,31970568,Theme Park Tycoon 2,Building,Simulation,Tycoon,7292,1561793549,6018579,2047198,255156,0.8892,3.8536,0.00385363,0.0304781,2012-01-02,5235,established,False,,22
2026-05-03,1516533665,Piggy,Horror,Survival,,6386,14175416759,12091206,3977124,431203,0.9022,0.853,0.00085297,0.00674269,2020-01-23,2292,established,False,,23
2026-05-03,321778215,Royale🌼High,All,Roleplay & Avatar Sim,Dress Up,6054,10387829218,13272471,3238150,532044,0.8589,1.2777,0.00127769,0.00955676,2017-04-10,3309,top,True,2018,24
2026-05-03,65241,Natural Disaster Survival,All,Survival,,5954,4234220745,11551379,4296552,435740,0.9079,2.7281,0.0027281,0.0215292,2008-03-28,6609,top,True,2014,25
2026-05-03,47545,🍕Work at a Pizza Place,Town and City,Roleplay & Avatar Sim,Life,5583,5476041855,13304076,3383874,260745,0.9285,2.4295,0.00242951,0.01946135,2008-03-28,6609,established,False,,26
2026-05-03,903807016,Emergency Response: Liberty County,Town and City,Roleplay & Avatar Sim,Life,5501,1481484381,2763205,1145488,113873,0.9096,1.8652,0.00186516,0.01461181,2018-11-01,2739,mid,False,,27
2026-05-03,1720936166,[UPD] All Star Tower Defense,All,Strategy,Tower Defense,5191,7792574153,2310248,1481146,129149,0.9198,0.2965,0.00029647,0.00233283,2020-05-07,2187,established,False,,28
2026-05-03,371263894,Greenville,Town and City,Roleplay & Avatar Sim,Life,3909,1359763948,2581495,1001912,142082,0.8758,1.8985,0.00189849,0.01375267,2017-06-28,3230,mid,False,,29
2026-05-03,111958650,Arsenal,Fighting,Shooter,Deathmatch Shooter,3499,6197324581,11467043,5091524,658188,0.8855,1.8503,0.00185032,0.01337108,2015-08-18,3911,established,False,,30
2026-05-03,2404080894,[⚔️ Clan Expansion] Funky Friday,All,Action,Music & Rhythm,2180,1975028545,4074631,1951370,212169,0.9019,2.0631,0.00206307,0.01430465,2021-02-26,1891,lower_mid,False,,31
2026-05-03,1511883870,Shinobi Life 2,All,RPG,Action RPG,2076,2653489883,3009972,2181944,144201,0.938,1.1343,0.00113434,0.00812775,2020-01-20,2294,established,False,,32
2026-05-03,113491250,Phantom Forces,FPS,Shooter,Deathmatch Shooter,2068,1767529745,5951457,2451676,248220,0.9081,3.3671,0.0033671,0.02334379,2015-08-31,3898,established,False,,33
2026-05-03,2471084,🌳 Lumber Tycoon 2,Adventure,Simulation,Tycoon,1896,1294044321,4579609,2011747,282383,0.8769,3.539,0.00353899,0.02342438,2009-07-30,6120,lower_mid,False,,34
2026-05-03,1008451066,Da Hood,Town and City,Action,Open World Action,1767,2899557863,2985022,1286117,537778,0.7051,1.0295,0.00102947,0.00542824,2019-01-27,2653,established,False,,35
2026-05-03,2316994223,Pet Simulator X! 🐾,All,Simulation,Incremental Simulator,1698,8976534694,5963393,4210539,394817,0.9143,0.6643,0.00066433,0.00451755,2021-01-22,1926,breakout,True,2022,36
2026-05-03,110181652,Epic Minigames ✨,All,Party & Casual,Minigame,1531,2314738272,8278986,2213916,233314,0.9047,3.5766,0.00357664,0.02373133,2015-07-29,3931,lower_mid,False,,37
2026-05-03,1335695570,⚡Ninja Legends,Fighting,Simulation,Incremental Simulator,1291,2143802974,4679082,1605015,130380,0.9249,2.1826,0.00218261,0.01446135,2019-09-22,2414,top,True,2020,38
2026-05-03,1434220026,My Restaurant! 👨‍🍳,All,Simulation,Tycoon,1053,881615820,2673217,1079156,98921,0.916,3.0322,0.00303218,0.01933287,2019-12-06,2340,established,False,,39
2026-05-03,848145103,Dungeon Quest! ⚔️ RPG Adventure,Fighting,RPG,Action RPG,655,2321097011,5816033,1155764,102044,0.9189,2.5057,0.00250573,0.014934,2018-09-25,2776,mid,False,,40
2026-05-03,83858907,Speed Run 4,Adventure,Obby & Platformer,,556,1724176830,4518847,1027344,364154,0.7383,2.6209,0.00262087,0.01223411,2014-10-20,4212,mid,False,,41
2026-05-03,1424449565,Super Golf!,Sports,Sports & Racing,Sports,427,248819170,963419,310945,79024,0.7974,3.872,0.00387196,0.01870659,2019-11-29,2347,mid,False,,42
2026-05-03,1168263273,[🎃] Bad Business | FPS ,FPS,Shooter,Deathmatch Shooter,197,546003127,2180702,776650,131247,0.8554,3.9939,0.00399394,0.01806772,2019-05-29,2530,lower_mid,False,,43
2026-05-03,3183403065,[🤹APRIL FOOL'S🤡] AA,All,Strategy,Tower Defense,142,2507933856,1394695,721083,65200,0.9171,0.5561,0.00055611,0.00253105,2021-12-21,1594,established,False,,44
2026-05-03,140239261,🏠 MeepCity 🏠,Town and City,Roleplay & Avatar Sim,,93,16271132530,14757726,2884058,515300,0.8484,0.907,0.00090699,0.00349607,2016-02-23,3721,top,True,2016,45
2026-05-03,1077961373,Giant Simulator,All,Simulation,Incremental Simulator,42,163568314,588105,175816,32872,0.8425,3.5955,0.00359547,0.01139313,2019-03-22,2599,lower_mid,False,,46
2026-05-03,81762198,[Sides] Vehicle Simulator,Town and City,Simulation,Vehicle Sim,10,665743685,3375357,1098922,133133,0.8919,5.0701,0.00507005,0.01084375,2014-08-08,4286,mid,False,,47
2026-05-03,1344222621,malymal91's Place,All,,,0,0,0,0,0,0.0,0.0,0.0,0.0,2019-09-29,2407,mid,False,,48
2026-05-03,67400893,efrenda's Place,All,,,0,0,0,0,0,0.0,0.0,0.0,0.0,2014-01-26,4479,lower_mid,False,,49
2026-05-03,1090335239,aleor3210's Place,All,,,0,0,0,0,0,0.0,0.0,0.0,0.0,2019-03-31,2590,lower_mid,False,,50
2026-05-03,2755335127,####'s Place,All,,,0,0,0,0,0,0.0,0.0,0.0,0.0,2021-07-19,1749,lower_mid,False,,51
2026-05-03,4494776745,chgcchfhcfvggjgvhc's Place,All,,,0,0,0,0,0,0.0,0.0,0.0,0.0,2023-03-19,1140,mid,False,,52
2026-05-03,4747349896,rgost1's Place,All,,,0,0,0,0,0,0.0,0.0,0.0,0.0,2023-06-07,1061,mid,False,,53
2026-05-03,1557606948,ProPro1052's Place,All,,,0,0,0,0,0,0.0,0.0,0.0,0.0,2020-02-17,2266,mid,False,,54
2026-05-03,498598030,puppyluver112232's Place,All,,,0,0,0,0,0,0.0,0.0,0.0,0.0,2017-12-05,3070,mid,False,,55
2026-05-04,1686885941,Brookhaven 🏡RP,Town and City,Roleplay & Avatar Sim,Life,359470,81943962557,27398375,8022629,1315564,0.8591,0.3344,0.00033436,0.00367463,2020-04-21,2204,top,True,2020,1
2026-05-04,994732206,Blox Fruits,Adventure,RPG,Action RPG,309338,61184648389,18728107,12037967,1035339,0.9208,0.3061,0.00030609,0.00356321,2019-01-16,2665,top,True,2021,2
2026-05-04,6035872082,[🎬] RIVALS,FPS,Shooter,Deathmatch Shooter,235898,14502303911,72917237,9343911,575502,0.942,5.028,0.00502798,0.05859308,2024-05-26,707,breakout,True,2025,3
2026-05-04,383310974,[🧼] Adopt Me!,RPG,Roleplay & Avatar Sim,Pet Care,232130,43376600276,28953871,9069947,1500819,0.858,0.6675,0.0006675,0.0070761,2017-07-14,3215,top,True,2019,4
2026-05-04,66654135,Murder Mystery 2,Horror,Survival,1 vs All,128874,25412360880,21872502,9560776,968264,0.908,0.8607,0.0008607,0.00919621,2014-01-18,4489,top,True,2017,5
2026-05-04,7436755782,[📜] Grow a Garden 🌶️,All,Simulation,Tycoon,87014,35252604581,10882436,9257358,1041415,0.8989,0.3087,0.0003087,0.00315605,2025-03-25,404,breakout,True,2025,6
2026-05-04,3808081382,The Strongest Battlegrounds,Fighting,Action,Battlegrounds & Fighting,68626,17768592227,6857114,4955802,962202,0.8374,0.3859,0.00038591,0.00359893,2022-08-02,1371,breakout,True,2024,7
2026-05-04,5361032378,Sol's RNG [ Eon1 - 20🪐],All,Simulation,Incremental Simulator,68516,1824225463,933006,1310312,129977,0.9098,0.5115,0.00051145,0.00518102,2023-12-03,883,breakout,True,2025,8
2026-05-04,5750914919,Fisch 🎸 [VENUE TAKEOVER],Adventure,Simulation,,58056,4413542026,3317985,2821355,300791,0.9037,0.7518,0.00075177,0.00745188,2024-03-13,781,breakout,True,2025,9
2026-05-04,601130232,Bee Swarm Simulator,Adventure,Simulation,Incremental Simulator,30558,4382023959,6431021,2965302,138109,0.9555,1.4676,0.00146759,0.01448193,2018-03-21,2965,top,True,2018,10
2026-05-04,1831550657,🐣 Creatures of Sonaria 🐇 Survive Kaiju Animals,All,Roleplay & Avatar Sim,Animal Sim,23623,1946905767,9835147,1310463,108007,0.9239,5.0517,0.00505168,0.04699707,2020-06-25,2138,lower_mid,False,,11
2026-05-04,7018190066,Dead Rails [STRANGER THINGS '85],All,Adventure,Exploration,16913,6259626068,5684451,3262326,256947,0.927,0.9081,0.00090811,0.00819578,2025-01-01,487,breakout,True,2025,12
2026-05-04,88070565,[🍼] Welcome to Bloxburg 🏡,Town and City,Roleplay & Avatar Sim,Life,15798,9910688536,13856690,5566898,733332,0.8836,1.3982,0.00139816,0.01194361,2014-11-04,4199,established,False,,13
2026-05-04,3317679266,PLS DONATE 💸,All,Social,,15166,5051248507,4240691,3579666,262292,0.9317,0.8395,0.00083953,0.00753032,2022-02-05,1548,breakout,True,2024,14
2026-05-04,4777817887,Blade Ball,Fighting,Action,Battlegrounds & Fighting,13231,6131757173,12364240,8150716,562770,0.9354,2.0164,0.00201643,0.01790072,2023-06-17,1052,breakout,True,2024,15
2026-05-04,210851291,Build A Boat For Treasure,Adventure,Simulation,Sandbox,12239,4989442918,8324223,3546777,253925,0.9332,1.6684,0.00166837,0.0146543,2016-11-02,3469,top,True,2017,16
2026-05-04,1235188606,[SZN 5] Dragon Adventures 🐉,Adventure,RPG,,9841,1579031330,13044102,1054848,75506,0.9332,8.2608,0.00826083,0.07087987,2019-07-15,2484,mid,False,,17
2026-05-04,1176784616,[☣️ NEW TOWER] Tower Defense Simulator,All,Strategy,Tower Defense,9583,4672237475,3389672,1983535,125861,0.9403,0.7255,0.00072549,0.00625435,2019-06-05,2525,established,False,,18
2026-05-04,372226183,Flee the Facility,Horror,Survival,1 vs All,8947,5574644977,9454276,2656045,230596,0.9201,1.6959,0.00169594,0.01419895,2017-07-01,3229,lower_mid,False,,19
2026-05-04,2440500124,DOORS 👁️,Adventure,Survival,Escape,8598,7351934201,7781413,4502302,343666,0.9291,1.0584,0.00105842,0.00890862,2021-03-14,1877,breakout,True,2022,20
2026-05-04,73885730,Prison Life,Town and City,Action,Open World Action,6848,2882797043,5837933,1486352,259262,0.8515,2.0251,0.00202509,0.01522897,2014-05-02,4385,established,False,,21
2026-05-04,5650396773,a dusty trip [📜QUESTS],Adventure,Adventure,,6626,2290596229,2020145,1947075,212954,0.9014,0.8819,0.00088193,0.00699497,2024-02-16,807,mid,False,,22
2026-05-04,1359573625,Deepwoken: Free Week,RPG,RPG,Action RPG,6131,1540813768,1000275,400512,61636,0.8666,0.6492,0.00064919,0.00490664,2019-10-12,2395,mid,False,,23
2026-05-04,31970568,Theme Park Tycoon 2,Building,Simulation,Tycoon,5413,1562207374,6019173,2047500,255168,0.8892,3.853,0.00385299,0.02945267,2012-01-02,5236,established,False,,24
2026-05-04,245662005,Jailbreak ,Town and City,Action,Open World Action,5357,7882012455,18548924,5747408,806096,0.877,2.3533,0.00235332,0.01772101,2017-01-06,3404,top,True,2017,25
2026-05-04,321778215,Royale🌼High,All,Roleplay & Avatar Sim,Dress Up,5063,10388326431,13272768,3238365,532065,0.8589,1.2777,0.00127766,0.00936042,2017-04-10,3310,top,True,2018,26
2026-05-04,1516533665,Piggy,Horror,Survival,,5011,14176693687,12092138,3977668,431233,0.9022,0.853,0.00085296,0.00655609,2020-01-23,2293,established,False,,27
2026-05-04,1720936166,[UPD] All Star Tower Defense,All,Strategy,Tower Defense,4639,7793671678,2310293,1481217,129158,0.9198,0.2964,0.00029643,0.0023019,2020-05-07,2188,established,False,,28
2026-05-04,65241,Natural Disaster Survival,All,Survival,,4579,4235800202,11553149,4297246,435847,0.9079,2.7275,0.0027275,0.02087419,2008-03-28,6610,top,True,2014,29
2026-05-04,903807016,Emergency Response: Liberty County,Town and City,Roleplay & Avatar Sim,Life,3915,1482244346,2763745,1145722,113921,0.9096,1.8646,0.00186457,0.0140302,2018-11-01,2740,mid,False,,30
2026-05-04,47545,🍕Work at a Pizza Place,Town and City,Roleplay & Avatar Sim,Life,3746,5476757914,13305674,3384393,260773,0.9285,2.4295,0.00242948,0.01856131,2008-03-28,6610,established,False,,31
2026-05-04,371263894,Greenville,Town and City,Roleplay & Avatar Sim,Life,2750,1360233035,2582123,1002185,142113,0.8758,1.8983,0.00189829,0.01316686,2017-06-28,3231,mid,False,,32
2026-05-04,111958650,Arsenal,Fighting,Shooter,Deathmatch Shooter,2634,6198091265,11467385,5091756,658239,0.8855,1.8501,0.00185015,0.01290469,2015-08-18,3912,established,False,,33
2026-05-04,113491250,Phantom Forces,FPS,Shooter,Deathmatch Shooter,1608,1767765010,5951627,2451769,248238,0.9081,3.3668,0.00336675,0.02257254,2015-08-31,3899,established,False,,34
2026-05-04,2404080894,[⚔️ Clan Expansion] Funky Friday,All,Action,Music & Rhythm,1494,1975341951,4074808,1951533,212182,0.9019,2.0628,0.00206284,0.01360038,2021-02-26,1892,lower_mid,False,,35
2026-05-04,1511883870,Shinobi Life 2,All,RPG,Action RPG,1431,2653655591,3010132,2182113,144208,0.938,1.1343,0.00113433,0.00773203,2020-01-20,2295,established,False,,36
2026-05-04,2316994223,Pet Simulator X! 🐾,All,Simulation,Incremental Simulator,1403,8976687276,5963448,4210645,394816,0.9143,0.6643,0.00066433,0.0044017,2021-01-22,1927,breakout,True,2022,37
2026-05-04,1008451066,Da Hood,Town and City,Action,Open World Action,1401,2899850005,2985124,1286179,537813,0.7051,1.0294,0.00102941,0.00525948,2019-01-27,2654,established,False,,38
2026-05-04,2471084,🌳 Lumber Tycoon 2,Adventure,Simulation,Tycoon,1355,1294169416,4579759,2011834,282391,0.8769,3.5388,0.00353876,0.02238108,2009-07-30,6121,lower_mid,False,,39
2026-05-04,110181652,Epic Minigames ✨,All,Party & Casual,Minigame,1310,2314994244,8280734,2214343,233334,0.9047,3.577,0.003577,0.02322984,2015-07-29,3932,lower_mid,False,,40
2026-05-04,1335695570,⚡Ninja Legends,Fighting,Simulation,Incremental Simulator,982,2143929511,4679271,1605151,130386,0.9249,2.1826,0.00218257,0.01390937,2019-09-22,2415,top,True,2020,41
2026-05-04,1434220026,My Restaurant! 👨‍🍳,All,Simulation,Tycoon,822,881682459,2673323,1079261,98921,0.916,3.0321,0.00303207,0.0186452,2019-12-06,2341,established,False,,42
2026-05-04,848145103,Dungeon Quest! ⚔️ RPG Adventure,Fighting,RPG,Action RPG,551,2321190006,5816761,1155806,102044,0.9189,2.5059,0.00250594,0.01453785,2018-09-25,2777,mid,False,,43
2026-05-04,83858907,Speed Run 4,Adventure,Obby & Platformer,,476,1724292560,4519056,1027406,364182,0.7383,2.6208,0.00262082,0.01193379,2014-10-20,4213,mid,False,,44
2026-05-04,1424449565,Super Golf!,Sports,Sports & Racing,Sports,325,248884531,963666,311015,79034,0.7974,3.8719,0.00387194,0.01786638,2019-11-29,2348,mid,False,,45
2026-05-04,3183403065,[🤹APRIL FOOL'S🤡] AA,All,Strategy,Tower Defense,128,2507947318,1394647,721095,65200,0.9171,0.5561,0.00055609,0.00247841,2021-12-21,1595,established,False,,46
2026-05-04,1168263273,[🎃] Bad Business | FPS ,FPS,Shooter,Deathmatch Shooter,116,546031216,2180720,776667,131249,0.8554,3.9938,0.00399376,0.0162696,2019-05-29,2531,lower_mid,False,,47
2026-05-04,140239261,🏠 MeepCity 🏠,Town and City,Roleplay & Avatar Sim,,75,16271176217,14757684,2884100,515330,0.8484,0.907,0.00090698,0.00333246,2016-02-23,3722,top,True,2016,48
2026-05-04,1077961373,Giant Simulator,All,Simulation,Incremental Simulator,28,163569592,588104,175817,32873,0.8425,3.5954,0.00359544,0.01019981,2019-03-22,2600,lower_mid,False,,49
2026-05-04,81762198,[Sides] Vehicle Simulator,Town and City,Simulation,Vehicle Sim,2,665746304,3375341,1098926,133132,0.8919,5.07,0.00507001,0.0049681,2014-08-08,4287,mid,False,,50
2026-05-04,1344222621,malymal91's Place,All,,,0,0,0,0,0,0.0,0.0,0.0,0.0,2019-09-29,2408,mid,False,,51
2026-05-04,67400893,efrenda's Place,All,,,0,0,0,0,0,0.0,0.0,0.0,0.0,2014-01-26,4480,lower_mid,False,,52
2026-05-04,1090335239,aleor3210's Place,All,,,0,0,0,0,0,0.0,0.0,0.0,0.0,2019-03-31,2591,lower_mid,False,,53
2026-05-04,2755335127,####'s Place,All,,,0,0,0,0,0,0.0,0.0,0.0,0.0,2021-07-19,1750,lower_mid,False,,54
2026-05-04,4494776745,chgcchfhcfvggjgvhc's Place,All,,,0,0,0,0,0,0.0,0.0,0.0,0.0,2023-03-19,1141,mid,False,,55
2026-05-04,4747349896,rgost1's Place,All,,,0,0,0,0,0,0.0,0.0,0.0,0.0,2023-06-07,1062,mid,False,,56
2026-05-04,1557606948,ProPro1052's Place,All,,,0,0,0,0,0,0.0,0.0,0.0,0.0,2020-02-17,2267,mid,False,,57
2026-05-04,498598030,puppyluver112232's Place,All,,,0,0,0,0,0,0.0,0.0,0.0,0.0,2017-12-05,3071,mid,False,,58
2026-05-05,1686885941,Brookhaven 🏡RP,Town and City,Roleplay & Avatar Sim,Life,303919,81978882241,27414852,8026499,1316093,0.8591,0.3344,0.00033441,0.00362708,2020-04-21,2205,top,True,2020,1
2026-05-05,994732206,Blox Fruits,Adventure,RPG,Action RPG,302848,61205695640,18736619,12041837,1035517,0.9208,0.3061,0.00030613,0.00355767,2019-01-16,2666,top,True,2021,2
2026-05-05,6035872082,[🎬] RIVALS,FPS,Shooter,Deathmatch Shooter,210216,14530012737,73037077,9352998,576392,0.942,5.0266,0.00502664,0.05802975,2024-05-26,708,breakout,True,2025,3
2026-05-05,383310974,[🧼] Adopt Me!,RPG,Roleplay & Avatar Sim,Pet Care,193385,43385761348,28959334,9072878,1500924,0.8581,0.6675,0.00066748,0.00697161,2017-07-14,3216,top,True,2019,4
2026-05-05,66654135,Murder Mystery 2,Horror,Survival,1 vs All,120053,25430744344,21882903,9564765,968656,0.908,0.8605,0.00086049,0.00913854,2014-01-18,4490,top,True,2017,5
2026-05-05,5361032378,Sol's RNG [ Eon1 - 20🪐],All,Simulation,Incremental Simulator,64359,1827235677,933833,1311362,130002,0.9098,0.5111,0.00051106,0.00514825,2023-12-03,884,breakout,True,2025,6
2026-05-05,3808081382,The Strongest Battlegrounds,Fighting,Action,Battlegrounds & Fighting,63491,17778414751,6860913,4957483,962616,0.8374,0.3859,0.00038591,0.00357375,2022-08-02,1372,breakout,True,2024,7
2026-05-05,5750914919,Fisch 🎸 [VENUE TAKEOVER],Adventure,Simulation,,43213,4417049751,3321092,2822553,300852,0.9037,0.7519,0.00075188,0.00725248,2024-03-13,782,breakout,True,2025,8
2026-05-05,601130232,Bee Swarm Simulator,Adventure,Simulation,Incremental Simulator,29069,4384428334,6431430,2965623,138123,0.9555,1.4669,0.00146688,0.0144049,2018-03-21,2966,top,True,2018,9
2026-05-05,1831550657,✨ Creatures of Sonaria 🔥 Survive Kaiju Animals,All,Roleplay & Avatar Sim,Animal Sim,21517,1948633001,9842054,1311164,108038,0.9239,5.0507,0.00505075,0.04655357,2020-06-25,2139,lower_mid,False,,10
2026-05-05,3317679266,PLS DONATE 💸,All,Social,,14635,5053940326,4243011,3581121,262408,0.9317,0.8395,0.00083955,0.00750253,2022-02-05,1549,breakout,True,2024,11
2026-05-05,4777817887,Blade Ball,Fighting,Action,Battlegrounds & Fighting,11500,6133313091,12367297,8152095,562889,0.9354,2.0164,0.00201641,0.01763611,2023-06-17,1053,breakout,True,2024,12
2026-05-05,210851291,Build A Boat For Treasure,Adventure,Simulation,Sandbox,10636,4990509226,8325200,3547302,253958,0.9332,1.6682,0.00166821,0.01443438,2016-11-02,3470,top,True,2017,13
2026-05-05,88070565,[🍼] Welcome to Bloxburg 🏡,Town and City,Roleplay & Avatar Sim,Life,10599,9911886178,13857377,5567311,733335,0.8836,1.3981,0.00139806,0.01144985,2014-11-04,4200,established,False,,14
2026-05-05,1235188606,[SZN 5] Dragon Adventures 🐉,Adventure,RPG,,9409,1579951050,13056070,1055419,75526,0.9332,8.2636,0.00826359,0.07055876,2019-07-15,2485,mid,False,,15
2026-05-05,372226183,Flee the Facility,Horror,Survival,1 vs All,7363,5576784189,9455559,2656733,230644,0.9201,1.6955,0.00169552,0.01389154,2017-07-01,3230,lower_mid,False,,16
2026-05-05,2440500124,DOORS 👁️,Adventure,Survival,Escape,6274,7353539079,7783014,4503051,343736,0.9291,1.0584,0.0010584,0.00859866,2021-03-14,1878,breakout,True,2022,17
2026-05-05,1359573625,Deepwoken: Free Week,RPG,RPG,Action RPG,5252,1541822419,1000791,400927,61719,0.8666,0.6491,0.0006491,0.00481872,2019-10-12,2396,mid,False,,18
2026-05-05,5650396773,a dusty trip [📜QUESTS],Adventure,Adventure,,5163,2291561322,2021111,1947423,213004,0.9014,0.882,0.00088198,0.00679702,2024-02-16,808,mid,False,,19
2026-05-05,245662005,Jailbreak ,Town and City,Action,Open World Action,4377,7882752336,18549360,5747658,806152,0.877,2.3532,0.00235316,0.01730284,2017-01-06,3405,top,True,2017,20
2026-05-05,321778215,Royale🌼High,All,Roleplay & Avatar Sim,Dress Up,4360,10388707722,13272966,3238502,532089,0.8589,1.2776,0.00127763,0.00919621,2017-04-10,3311,top,True,2018,21
2026-05-05,65241,Natural Disaster Survival,All,Survival,,4242,4237085765,11554549,4297762,435942,0.9079,2.727,0.002727,0.02068097,2008-03-28,6611,top,True,2014,22
2026-05-05,1720936166,[UPD] All Star Tower Defense,All,Strategy,Tower Defense,4197,7794619086,2310354,1481295,129157,0.9198,0.2964,0.0002964,0.0022744,2020-05-07,2189,established,False,,23
2026-05-05,31970568,Theme Park Tycoon 2,Building,Simulation,Tycoon,4031,1562506794,6019564,2047689,255174,0.8892,3.8525,0.0038525,0.02843955,2012-01-02,5237,established,False,,24
2026-05-05,47545,🍕Work at a Pizza Place,Town and City,Roleplay & Avatar Sim,Life,3417,5477295982,13306833,3384770,260805,0.9285,2.4295,0.00242945,0.01835379,2008-03-28,6611,established,False,,25
2026-05-05,1516533665,Piggy,Horror,Survival,,2934,14177582490,12092797,3978030,431246,0.9022,0.853,0.00085295,0.00614428,2020-01-23,2294,established,False,,26
2026-05-05,111958650,Arsenal,Fighting,Shooter,Deathmatch Shooter,2398,6198714340,11467614,5091938,658288,0.8855,1.85,0.00185,0.01274987,2015-08-18,3913,established,False,,27
2026-05-05,113491250,Phantom Forces,FPS,Shooter,Deathmatch Shooter,1590,1767968815,5951790,2451860,248256,0.9081,3.3665,0.00336646,0.02253609,2015-08-31,3900,established,False,,28
2026-05-05,2404080894,[⚔️ Clan Expansion] Funky Friday,All,Action,Music & Rhythm,1320,1975583747,4074967,1951651,212187,0.9019,2.0627,0.00206266,0.01336909,2021-02-26,1893,lower_mid,False,,29
2026-05-05,2316994223,Pet Simulator X! 🐾,All,Simulation,Incremental Simulator,1284,8976815150,5963455,4210712,394825,0.9143,0.6643,0.00066432,0.00434784,2021-01-22,1928,breakout,True,2022,30
2026-05-05,1511883870,Shinobi Life 2,All,RPG,Action RPG,1248,2653772183,3010234,2182220,144211,0.938,1.1343,0.00113432,0.00758648,2020-01-20,2296,established,False,,31
2026-05-05,1008451066,Da Hood,Town and City,Action,Open World Action,1224,2900084696,2985155,1286211,537836,0.7051,1.0293,0.00102933,0.00516113,2019-01-27,2655,established,False,,32
2026-05-05,2471084,🌳 Lumber Tycoon 2,Adventure,Simulation,Tycoon,1180,1294278080,4579920,2011910,282403,0.8769,3.5386,0.00353859,0.02195121,2009-07-30,6122,lower_mid,False,,33
2026-05-05,110181652,Epic Minigames ✨,All,Party & Casual,Minigame,1162,2315210211,8282126,2214681,233344,0.9047,3.5773,0.00357727,0.02284415,2015-07-29,3933,lower_mid,False,,34
2026-05-05,1335695570,⚡Ninja Legends,Fighting,Simulation,Incremental Simulator,942,2144029760,4679433,1605247,130393,0.9249,2.1825,0.00218254,0.01382535,2019-09-22,2416,top,True,2020,35
2026-05-05,1434220026,My Restaurant! 👨‍🍳,All,Simulation,Tycoon,767,881738500,2673388,1079342,98926,0.916,3.032,0.00303195,0.01845241,2019-12-06,2342,established,False,,36
2026-05-05,83858907,Speed Run 4,Adventure,Obby & Platformer,,369,1724381441,4519192,1027442,364198,0.7383,2.6208,0.00262076,0.01144202,2014-10-20,4214,mid,False,,37
2026-05-05,1424449565,Super Golf!,Sports,Sports & Racing,Sports,315,248937893,963833,311060,79039,0.7974,3.8718,0.00387178,0.01776976,2019-11-29,2349,mid,False,,38
2026-05-05,3183403065,[🤹APRIL FOOL'S🤡] AA,All,Strategy,Tower Defense,116,2507959464,1394600,721096,65199,0.9171,0.5561,0.00055607,0.00242852,2021-12-21,1596,established,False,,39
2026-05-05,140239261,🏠 MeepCity 🏠,Town and City,Roleplay & Avatar Sim,,52,16271208482,14757636,2884134,515353,0.8484,0.907,0.00090698,0.00305507,2016-02-23,3723,top,True,2016,40
2026-05-05,81762198,[Sides] Vehicle Simulator,Town and City,Simulation,Vehicle Sim,14,665748444,3375338,1098926,133132,0.8919,5.07,0.00506999,0.01224619,2014-08-08,4288,mid,False,,41
2026-05-05,1344222621,malymal91's Place,All,,,0,0,0,0,0,0.0,0.0,0.0,0.0,2019-09-29,2409,mid,False,,42
2026-05-05,67400893,efrenda's Place,All,,,0,0,0,0,0,0.0,0.0,0.0,0.0,2014-01-26,4481,lower_mid,False,,43
2026-05-05,1090335239,aleor3210's Place,All,,,0,0,0,0,0,0.0,0.0,0.0,0.0,2019-03-31,2592,lower_mid,False,,44
2026-05-05,2755335127,####'s Place,All,,,0,0,0,0,0,0.0,0.0,0.0,0.0,2021-07-19,1751,lower_mid,False,,45
2026-05-05,4494776745,chgcchfhcfvggjgvhc's Place,All,,,0,0,0,0,0,0.0,0.0,0.0,0.0,2023-03-19,1142,mid,False,,46
2026-05-05,4747349896,rgost1's Place,All,,,0,0,0,0,0,0.0,0.0,0.0,0.0,2023-06-07,1063,mid,False,,47
2026-05-05,1557606948,ProPro1052's Place,All,,,0,0,0,0,0,0.0,0.0,0.0,0.0,2020-02-17,2268,mid,False,,48
2026-05-06,1686885941,Brookhaven 🏡RP,Town and City,Roleplay & Avatar Sim,Life,329215,82012676418,27431034,8030145,1316592,0.8591,0.3345,0.00033447,0.00365074,2020-04-21,2206,top,True,2020,1
2026-05-06,994732206,Blox Fruits,Adventure,RPG,Action RPG,299673,61226854887,18745589,12045857,1035799,0.9208,0.3062,0.00030617,0.00355519,2019-01-16,2667,top,True,2021,2
2026-05-06,383310974,[🧼] Adopt Me!,RPG,Roleplay & Avatar Sim,Pet Care,289871,43394733384,28964592,9075661,1500998,0.8581,0.6675,0.00066747,0.00720351,2017-07-14,3217,top,True,2019,3
2026-05-06,6035872082,RIVALS,FPS,Shooter,Deathmatch Shooter,210574,14555792037,73155191,9361268,577329,0.9419,5.0258,0.00502585,0.05802622,2024-05-26,709,breakout,True,2025,4
2026-05-06,66654135,Murder Mystery 2,Horror,Survival,1 vs All,127604,25449110281,21893234,9568794,969098,0.908,0.8603,0.00086028,0.00918388,2014-01-18,4491,top,True,2017,5
2026-05-06,5361032378,Sol's RNG [ Eon1 - 20🪐],All,Simulation,Incremental Simulator,65595,1830218707,934598,1312370,130048,0.9098,0.5106,0.00051065,0.0051531,2023-12-03,885,breakout,True,2025,6
2026-05-06,3808081382,The Strongest Battlegrounds,Fighting,Action,Battlegrounds & Fighting,65230,17787944844,6864747,4959358,962991,0.8374,0.3859,0.00038592,0.00358256,2022-08-02,1373,breakout,True,2024,7
2026-05-06,5750914919,Fisch 🎸 [VENUE TAKEOVER],Adventure,Simulation,,49899,4420117879,3324070,2823584,300917,0.9037,0.752,0.00075203,0.00735181,2024-03-13,783,breakout,True,2025,8
2026-05-06,601130232,Bee Swarm Simulator,Adventure,Simulation,Incremental Simulator,28545,4386733355,6431783,2965931,138139,0.9555,1.4662,0.00146619,0.01437263,2018-03-21,2967,top,True,2018,9
2026-05-06,1831550657,✨ Creatures of Sonaria 🔥 Survive Kaiju Animals,All,Roleplay & Avatar Sim,Animal Sim,21204,1950278264,9848929,1311786,108097,0.9239,5.05,0.00505001,0.04647817,2020-06-25,2140,lower_mid,False,,10
2026-05-06,3317679266,PLS DONATE 💸,All,Social,,14776,5056484713,4245308,3582542,262537,0.9317,0.8396,0.00083958,0.00751026,2022-02-05,1550,breakout,True,2024,11
2026-05-06,4777817887,Blade Ball,Fighting,Action,Battlegrounds & Fighting,11712,6134815487,12370409,8153514,562982,0.9354,2.0164,0.00201643,0.01767069,2023-06-17,1054,breakout,True,2024,12
2026-05-06,210851291,Build A Boat For Treasure,Adventure,Simulation,Sandbox,10489,4991486247,8326048,3547772,253971,0.9332,1.668,0.00166805,0.01441144,2016-11-02,3471,top,True,2017,13
2026-05-06,88070565,[🍼] Welcome to Bloxburg 🏡,Town and City,Roleplay & Avatar Sim,Life,10135,9912979218,13858067,5567693,733350,0.8836,1.398,0.00139797,0.01139393,2014-11-04,4201,established,False,,14
2026-05-06,1235188606,[SZN 5] Dragon Adventures 🐉,Adventure,RPG,,9154,1580814830,13066211,1055945,75554,0.9332,8.2655,0.00826549,0.07036367,2019-07-15,2486,mid,False,,15
2026-05-06,372226183,Flee the Facility,Horror,Survival,1 vs All,7306,5578809907,9456847,2657325,230693,0.9201,1.6951,0.00169514,0.01387628,2017-07-01,3231,lower_mid,False,,16
2026-05-06,2440500124,DOORS 👁️,Adventure,Survival,Escape,6470,7354966829,7784419,4503684,343773,0.9291,1.0584,0.00105839,0.00862881,2021-03-14,1879,breakout,True,2022,17
2026-05-06,1359573625,Deepwoken: Free Week,RPG,RPG,Action RPG,5706,1542848825,1001866,401415,61900,0.8664,0.6494,0.00064936,0.00486622,2019-10-12,2397,mid,False,,18
2026-05-06,5650396773,a dusty trip [📜QUESTS],Adventure,Adventure,,5656,2292474371,2021990,1947716,213041,0.9014,0.882,0.00088201,0.00686974,2024-02-16,809,mid,False,,19
2026-05-06,245662005,Jailbreak ,Town and City,Action,Open World Action,4550,7883450994,18549868,5747907,806166,0.877,2.353,0.00235301,0.01738181,2017-01-06,3406,top,True,2017,20
2026-05-06,65241,Natural Disaster Survival,All,Survival,,4081,4238295453,11555861,4298305,436022,0.9079,2.7265,0.00272654,0.02058154,2008-03-28,6612,top,True,2014,21
2026-05-06,1720936166,[UPD] All Star Tower Defense,All,Strategy,Tower Defense,3891,7795486743,2310415,1481362,129165,0.9198,0.2964,0.00029638,0.00225357,2020-05-07,2190,established,False,,22
2026-05-06,321778215,Royale🌼High,All,Roleplay & Avatar Sim,Dress Up,3889,10389064354,13273205,3238640,532090,0.8589,1.2776,0.00127761,0.0090707,2017-04-10,3312,top,True,2018,23
2026-05-06,31970568,Theme Park Tycoon 2,Building,Simulation,Tycoon,3515,1562773182,6019884,2047856,255184,0.8892,3.8521,0.00385205,0.0279673,2012-01-02,5238,established,False,,24
2026-05-06,47545,🍕Work at a Pizza Place,Town and City,Roleplay & Avatar Sim,Life,3492,5477774008,13307905,3385113,260822,0.9285,2.4294,0.00242944,0.01840268,2008-03-28,6612,established,False,,25
2026-05-06,1516533665,Piggy,Horror,Survival,,2946,14178385734,12093351,3978366,431263,0.9022,0.8529,0.00085294,0.00614738,2020-01-23,2295,established,False,,26
2026-05-06,111958650,Arsenal,Fighting,Shooter,Deathmatch Shooter,2491,6199315481,11467844,5092098,658342,0.8855,1.8499,0.00184986,0.01281112,2015-08-18,3914,established,False,,27
2026-05-06,113491250,Phantom Forces,FPS,Shooter,Deathmatch Shooter,1525,1768170938,5951907,2451935,248271,0.9081,3.3661,0.00336614,0.02240639,2015-08-31,3901,established,False,,28
2026-05-06,1511883870,Shinobi Life 2,All,RPG,Action RPG,1337,2653883318,3010328,2182320,144216,0.938,1.1343,0.00113431,0.00765965,2020-01-20,2297,established,False,,29
2026-05-06,1008451066,Da Hood,Town and City,Action,Open World Action,1332,2900308130,2985230,1286264,537859,0.7051,1.0293,0.00102928,0.00522218,2019-01-27,2656,established,False,,30
2026-05-06,2404080894,[⚔️ Clan Expansion] Funky Friday,All,Action,Music & Rhythm,1299,1975810761,4075116,1951774,212198,0.9019,2.0625,0.0020625,0.01333825,2021-02-26,1894,lower_mid,False,,31
2026-05-06,2316994223,Pet Simulator X! 🐾,All,Simulation,Incremental Simulator,1263,8976934993,5963483,4210804,394831,0.9143,0.6643,0.00066431,0.0043378,2021-01-22,1929,breakout,True,2022,32
2026-05-06,110181652,Epic Minigames ✨,All,Party & Casual,Minigame,1211,2315424956,8283577,2214984,233361,0.9047,3.5776,0.00357756,0.02297974,2015-07-29,3934,lower_mid,False,,33
2026-05-06,2471084,🌳 Lumber Tycoon 2,Adventure,Simulation,Tycoon,1072,1294379961,4580117,2011996,282417,0.8769,3.5385,0.00353846,0.02165283,2009-07-30,6123,lower_mid,False,,34
2026-05-06,1335695570,⚡Ninja Legends,Fighting,Simulation,Incremental Simulator,795,2144120473,4679606,1605328,130400,0.9249,2.1825,0.00218253,0.01348319,2019-09-22,2417,top,True,2020,35
2026-05-06,1434220026,My Restaurant! 👨‍🍳,All,Simulation,Tycoon,786,881789073,2673444,1079405,98925,0.916,3.0318,0.00303184,0.01851972,2019-12-06,2343,established,False,,36
2026-05-06,83858907,Speed Run 4,Adventure,Obby & Platformer,,366,1724469766,4519380,1027495,364222,0.7383,2.6207,0.00262074,0.01142611,2014-10-20,4215,mid,False,,37
2026-05-06,1424449565,Super Golf!,Sports,Sports & Racing,Sports,281,248987273,963997,311091,79046,0.7974,3.8717,0.00387167,0.01741786,2019-11-29,2350,mid,False,,38
2026-05-06,3183403065,[🤹APRIL FOOL'S🤡] AA,All,Strategy,Tower Defense,101,2507971240,1394569,721099,65202,0.9171,0.5561,0.00055605,0.00235848,2021-12-21,1597,established,False,,39
2026-05-06,140239261,🏠 MeepCity 🏠,Town and City,Roleplay & Avatar Sim,,45,16271239372,14757625,2884163,515365,0.8484,0.907,0.00090698,0.00294606,2016-02-23,3724,top,True,2016,40
2026-05-06,81762198,[Sides] Vehicle Simulator,Town and City,Simulation,Vehicle Sim,8,665750388,3375335,1098932,133133,0.8919,5.07,0.00506997,0.00993613,2014-08-08,4289,mid,False,,41
2026-05-06,1344222621,malymal91's Place,All,,,0,0,0,0,0,0.0,0.0,0.0,0.0,2019-09-29,2410,mid,False,,42
2026-05-06,67400893,efrenda's Place,All,,,0,0,0,0,0,0.0,0.0,0.0,0.0,2014-01-26,4482,lower_mid,False,,43
2026-05-06,1090335239,aleor3210's Place,All,,,0,0,0,0,0,0.0,0.0,0.0,0.0,2019-03-31,2593,lower_mid,False,,44
2026-05-06,2755335127,####'s Place,All,,,0,0,0,0,0,0.0,0.0,0.0,0.0,2021-07-19,1752,lower_mid,False,,45
2026-05-06,4494776745,chgcchfhcfvggjgvhc's Place,All,,,0,0,0,0,0,0.0,0.0,0.0,0.0,2023-03-19,1143,mid,False,,46
2026-05-06,4747349896,rgost1's Place,All,,,0,0,0,0,0,0.0,0.0,0.0,0.0,2023-06-07,1064,mid,False,,47
2026-05-06,1557606948,ProPro1052's Place,All,,,0,0,0,0,0,0.0,0.0,0.0,0.0,2020-02-17,2269,mid,False,,48
2026-05-07,1686885941,Brookhaven 🏡RP,Town and City,Roleplay & Avatar Sim,Life,338334,82045662210,27446758,8033661,1317127,0.8591,0.3345,0.00033453,0.00365923,2020-04-21,2207,top,True,2020,1
2026-05-07,383310974,[🧼] Adopt Me!,RPG,Roleplay & Avatar Sim,Pet Care,296214,43403718504,28969693,9078536,1501045,0.8581,0.6674,0.00066745,0.00721597,2017-07-14,3218,top,True,2019,2
2026-05-07,994732206,Blox Fruits,Adventure,RPG,Action RPG,290025,61248051283,18754139,12049800,1035980,0.9208,0.3062,0.0003062,0.0035464,2019-01-16,2668,top,True,2021,3
2026-05-07,6035872082,RIVALS,FPS,Shooter,Deathmatch Shooter,227679,14581333508,73279697,9369644,578373,0.9419,5.0256,0.00502558,0.05838976,2024-05-26,710,breakout,True,2025,4
2026-05-07,66654135,Murder Mystery 2,Horror,Survival,1 vs All,127812,25467338701,21903292,9572923,969595,0.908,0.8601,0.00086005,0.00918272,2014-01-18,4492,top,True,2017,5
2026-05-07,3808081382,The Strongest Battlegrounds,Fighting,Action,Battlegrounds & Fighting,68734,17797578915,6868906,4961761,963131,0.8374,0.3859,0.00038595,0.00359989,2022-08-02,1374,breakout,True,2024,6
2026-05-07,5361032378,Sol's RNG [ Eon1 - 20🪐],All,Simulation,Incremental Simulator,64464,1833128065,935434,1313469,130076,0.9099,0.5103,0.00051029,0.00514173,2023-12-03,886,breakout,True,2025,7
2026-05-07,5750914919,Fisch 🎸 [VENUE TAKEOVER],Adventure,Simulation,,48663,4422977581,3326889,2824623,300946,0.9037,0.7522,0.00075218,0.00733643,2024-03-13,784,breakout,True,2025,8
2026-05-07,601130232,Bee Swarm Simulator,Adventure,Simulation,Incremental Simulator,28751,4388945124,6432161,2966228,138142,0.9555,1.4655,0.00146554,0.01437635,2018-03-21,2968,top,True,2018,9
2026-05-07,1831550657,✨ Creatures of Sonaria 🔥 Survive Kaiju Animals,All,Roleplay & Avatar Sim,Animal Sim,22897,1951876685,9855743,1312421,108152,0.9239,5.0494,0.00504937,0.04683048,2020-06-25,2141,lower_mid,False,,10
2026-05-07,3317679266,PLS DONATE 💸,All,Social,,14070,5058947016,4247571,3583986,262638,0.9317,0.8396,0.00083962,0.00747232,2022-02-05,1551,breakout,True,2024,11
2026-05-07,4777817887,Blade Ball,Fighting,Action,Battlegrounds & Fighting,11769,6136308602,12373541,8154833,563095,0.9354,2.0164,0.00201645,0.01767997,2023-06-17,1055,breakout,True,2024,12
2026-05-07,210851291,Build A Boat For Treasure,Adventure,Simulation,Sandbox,11016,4992448510,8326874,3548222,253994,0.9332,1.6679,0.00166789,0.01448642,2016-11-02,3472,top,True,2017,13
2026-05-07,88070565,[🍼] Welcome to Bloxburg 🏡,Town and City,Roleplay & Avatar Sim,Life,10319,9914076135,13858844,5568119,733362,0.8836,1.3979,0.0013979,0.01141561,2014-11-04,4202,established,False,,14
2026-05-07,1235188606,[SZN 5] Dragon Adventures 🐉,Adventure,RPG,,9144,1581613717,13074858,1056400,75572,0.9332,8.2668,0.00826678,0.07036715,2019-07-15,2487,mid,False,,15
2026-05-07,372226183,Flee the Facility,Horror,Survival,1 vs All,7376,5580783044,9457999,2657971,230732,0.9201,1.6947,0.00169474,0.01388801,2017-07-01,3232,lower_mid,False,,16
2026-05-07,2440500124,DOORS 👁️,Adventure,Survival,Escape,6915,7356392719,7785935,4504366,343824,0.9291,1.0584,0.00105839,0.00869422,2021-03-14,1880,breakout,True,2022,17
2026-05-07,5650396773,a dusty trip [📜QUESTS],Adventure,Adventure,,6536,2293400223,2022887,1948021,213083,0.9014,0.882,0.00088205,0.00698495,2024-02-16,810,mid,False,,18
2026-05-07,1359573625,Deepwoken: Free Week,RPG,RPG,Action RPG,5722,1543868163,1003245,401919,62131,0.8661,0.6498,0.00064983,0.00486967,2019-10-12,2398,mid,False,,19
2026-05-07,245662005,Jailbreak ,Town and City,Action,Open World Action,4607,7884152680,18550269,5748132,806204,0.877,2.3529,0.00235286,0.0174063,2017-01-06,3407,top,True,2017,20
2026-05-07,65241,Natural Disaster Survival,All,Survival,,3915,4239434855,11557035,4298763,436136,0.9079,2.7261,0.00272608,0.02047506,2008-03-28,6613,top,True,2014,21
2026-05-07,321778215,Royale🌼High,All,Roleplay & Avatar Sim,Dress Up,3672,10389425852,13273402,3238764,532117,0.8589,1.2776,0.00127759,0.00900751,2017-04-10,3313,top,True,2018,22
2026-05-07,1720936166,[UPD] All Star Tower Defense,All,Strategy,Tower Defense,3562,7796288266,2310433,1481427,129164,0.9198,0.2964,0.00029635,0.00222929,2020-05-07,2191,established,False,,23
2026-05-07,47545,🍕Work at a Pizza Place,Town and City,Roleplay & Avatar Sim,Life,3436,5478219768,13308916,3385444,260838,0.9285,2.4294,0.00242942,0.01836617,2008-03-28,6613,established,False,,24
2026-05-07,31970568,Theme Park Tycoon 2,Building,Simulation,Tycoon,3375,1563034902,6020213,2048017,255190,0.8892,3.8516,0.00385162,0.02782515,2012-01-02,5239,established,False,,25
2026-05-07,1516533665,Piggy,Horror,Survival,,3099,14179155008,12093940,3978749,431291,0.9022,0.8529,0.00085294,0.00618631,2020-01-23,2296,established,False,,26
2026-05-07,111958650,Arsenal,Fighting,Shooter,Deathmatch Shooter,2540,6199907440,11468055,5092296,658383,0.8855,1.8497,0.00184971,0.01284199,2015-08-18,3915,established,False,,27
2026-05-07,113491250,Phantom Forces,FPS,Shooter,Deathmatch Shooter,1561,1768376240,5952054,2452006,248279,0.9081,3.3658,0.00336583,0.0224756,2015-08-31,3902,established,False,,28
2026-05-07,2404080894,[⚔️ Clan Expansion] Funky Friday,All,Action,Music & Rhythm,1451,1976041068,4075238,1951886,212213,0.9019,2.0623,0.00206232,0.01354276,2021-02-26,1895,lower_mid,False,,29
2026-05-07,1511883870,Shinobi Life 2,All,RPG,Action RPG,1331,2653993104,3010432,2182446,144223,0.938,1.1343,0.0011343,0.00765482,2020-01-20,2298,established,False,,30
2026-05-07,2316994223,Pet Simulator X! 🐾,All,Simulation,Incremental Simulator,1300,8977055998,5963482,4210873,394831,0.9143,0.6643,0.0006643,0.00435527,2021-01-22,1930,breakout,True,2022,31
2026-05-07,1008451066,Da Hood,Town and City,Action,Open World Action,1243,2900530711,2985324,1286300,537892,0.7051,1.0292,0.00102923,0.00517174,2019-01-27,2657,established,False,,32
2026-05-07,110181652,Epic Minigames ✨,All,Party & Casual,Minigame,1195,2315639251,8285001,2215301,233378,0.9047,3.5778,0.00357785,0.02293871,2015-07-29,3935,lower_mid,False,,33
2026-05-07,2471084,🌳 Lumber Tycoon 2,Adventure,Simulation,Tycoon,1062,1294475493,4580252,2012064,282427,0.8769,3.5383,0.00353831,0.02162281,2009-07-30,6124,lower_mid,False,,34
2026-05-07,1335695570,⚡Ninja Legends,Fighting,Simulation,Incremental Simulator,802,2144202556,4679713,1605394,130407,0.9249,2.1825,0.0021825,0.01350064,2019-09-22,2418,top,True,2020,35
2026-05-07,1434220026,My Restaurant! 👨‍🍳,All,Simulation,Tycoon,767,881839156,2673520,1079471,98926,0.9161,3.0318,0.00303175,0.0184514,2019-12-06,2344,established,False,,36
2026-05-07,83858907,Speed Run 4,Adventure,Obby & Platformer,,352,1724556339,4519538,1027549,364239,0.7383,2.6207,0.0026207,0.0113507,2014-10-20,4216,mid,False,,37
2026-05-07,1424449565,Super Golf!,Sports,Sports & Racing,Sports,280,249032734,964141,311131,79054,0.7974,3.8715,0.00387154,0.01740641,2019-11-29,2351,mid,False,,38
2026-05-07,3183403065,[🤹APRIL FOOL'S🤡] AA,All,Strategy,Tower Defense,107,2507984144,1394530,721105,65204,0.9171,0.556,0.00055604,0.00238755,2021-12-21,1598,established,False,,39
2026-05-07,140239261,🏠 MeepCity 🏠,Town and City,Roleplay & Avatar Sim,,64,16271268406,14757585,2884188,515377,0.8484,0.907,0.00090697,0.00321208,2016-02-23,3725,top,True,2016,40
2026-05-07,81762198,[Sides] Vehicle Simulator,Town and City,Simulation,Vehicle Sim,9,665752465,3375328,1098936,133133,0.8919,5.0699,0.00506994,0.01041253,2014-08-08,4290,mid,False,,41
2026-05-07,1344222621,malymal91's Place,All,,,0,0,0,0,0,0.0,0.0,0.0,0.0,2019-09-29,2411,mid,False,,42
2026-05-07,67400893,efrenda's Place,All,,,0,0,0,0,0,0.0,0.0,0.0,0.0,2014-01-26,4483,lower_mid,False,,43
2026-05-07,1090335239,aleor3210's Place,All,,,0,0,0,0,0,0.0,0.0,0.0,0.0,2019-03-31,2594,lower_mid,False,,44
2026-05-07,2755335127,####'s Place,All,,,0,0,0,0,0,0.0,0.0,0.0,0.0,2021-07-19,1753,lower_mid,False,,45
2026-05-07,4494776745,chgcchfhcfvggjgvhc's Place,All,,,0,0,0,0,0,0.0,0.0,0.0,0.0,2023-03-19,1144,mid,False,,46
2026-05-07,4747349896,rgost1's Place,All,,,0,0,0,0,0,0.0,0.0,0.0,0.0,2023-06-07,1065,mid,False,,47
2026-05-07,1557606948,ProPro1052's Place,All,,,0,0,0,0,0,0.0,0.0,0.0,0.0,2020-02-17,2270,mid,False,,48
2026-05-08,1686885941,Brookhaven 🏡RP,Town and City,Roleplay & Avatar Sim,Life,347376,82077920194,27461709,8037140,1317572,0.8592,0.3346,0.00033458,0.00366742,2020-04-21,2208,top,True,2020,1
2026-05-08,994732206,Blox Fruits,Adventure,RPG,Action RPG,307041,61268163860,18762245,12053392,1036200,0.9208,0.3062,0.00030623,0.00356287,2019-01-16,2669,top,True,2021,2
2026-05-08,383310974,[🧼] Adopt Me!,RPG,Roleplay & Avatar Sim,Pet Care,240034,43412227571,28974510,9081105,1501083,0.8582,0.6674,0.00066743,0.00709557,2017-07-14,3219,top,True,2019,3
2026-05-08,6035872082,RIVALS,FPS,Shooter,Deathmatch Shooter,224435,14606151921,73406467,9377510,579388,0.9418,5.0257,0.00502572,0.05832035,2024-05-26,711,breakout,True,2025,4
2026-05-08,66654135,Murder Mystery 2,Horror,Survival,1 vs All,130407,25484704340,21912499,9576576,969995,0.908,0.8598,0.00085983,0.00919599,2014-01-18,4492,top,True,2017,5
2026-05-08,3808081382,The Strongest Battlegrounds,Fighting,Action,Battlegrounds & Fighting,71951,17807210635,6873043,4964249,963288,0.8375,0.386,0.00038597,0.0036151,2022-08-02,1375,breakout,True,2024,6
2026-05-08,5361032378,Sol's RNG [ Eon1 - 20🪐],All,Simulation,Incremental Simulator,64313,1835798415,936250,1314491,130099,0.9099,0.51,0.00051,0.00513792,2023-12-03,887,breakout,True,2025,7
2026-05-08,5750914919,Fisch 🎸 [VENUE TAKEOVER],Adventure,Simulation,,49331,4425655287,3329539,2825638,300998,0.9037,0.7523,0.00075233,0.00734723,2024-03-13,785,breakout,True,2025,8
2026-05-08,601130232,Bee Swarm Simulator,Adventure,Simulation,Incremental Simulator,27732,4391023349,6432483,2966483,138162,0.9555,1.4649,0.00146492,0.01431972,2018-03-21,2969,top,True,2018,9
2026-05-08,1831550657,✨ Creatures of Sonaria 🔥 Survive Kaiju Animals,All,Roleplay & Avatar Sim,Animal Sim,21532,1953411766,9862802,1313005,108190,0.9239,5.049,0.00504901,0.04654083,2020-06-25,2142,lower_mid,False,,10
2026-05-08,3317679266,PLS DONATE 💸,All,Social,,13825,5061307338,4249710,3585323,262724,0.9317,0.8396,0.00083965,0.00745888,2022-02-05,1552,breakout,True,2024,11
2026-05-08,4777817887,Blade Ball,Fighting,Action,Battlegrounds & Fighting,11984,6137739423,12376596,8156071,563166,0.9354,2.0165,0.00201647,0.01771439,2023-06-17,1056,breakout,True,2024,12
2026-05-08,210851291,Build A Boat For Treasure,Adventure,Simulation,Sandbox,11491,4993365160,8327686,3548670,254015,0.9332,1.6678,0.00166775,0.01455092,2016-11-02,3473,top,True,2017,13
2026-05-08,88070565,[🌷] Welcome to Bloxburg 🏡,Town and City,Roleplay & Avatar Sim,Life,11069,9915198823,13859630,5568506,733363,0.8836,1.3978,0.00139782,0.0115017,2014-11-04,4203,established,False,,14
2026-05-08,1235188606,[SZN 5] Dragon Adventures 🐉,Adventure,RPG,,9939,1582424598,13084757,1056857,75580,0.9333,8.2688,0.0082688,0.07102915,2019-07-15,2488,mid,False,,15
2026-05-08,2440500124,DOORS 👁️,Adventure,Survival,Escape,7720,7357783160,7787373,4504999,343867,0.9291,1.0584,0.00105839,0.00880246,2021-03-14,1881,breakout,True,2022,16
2026-05-08,5650396773,a dusty trip [📜QUESTS],Adventure,Adventure,,6872,2294350618,2023813,1948340,213120,0.9014,0.8821,0.00088209,0.00702509,2024-02-16,811,mid,False,,17
2026-05-08,372226183,Flee the Facility,Horror,Survival,1 vs All,6865,5582650404,9459053,2658515,230789,0.9201,1.6944,0.00169437,0.01377295,2017-07-01,3233,lower_mid,False,,18
2026-05-08,1359573625,Deepwoken: Free Week,RPG,RPG,Action RPG,5719,1544805306,1004297,402347,62310,0.8659,0.6501,0.00065011,0.00487034,2019-10-12,2399,mid,False,,19
2026-05-08,245662005,Jailbreak ,Town and City,Action,Open World Action,4810,7884804228,18550626,5748336,806231,0.877,2.3527,0.00235271,0.01749416,2017-01-06,3408,top,True,2017,20
2026-05-08,47545,🍕Work at a Pizza Place,Town and City,Roleplay & Avatar Sim,Life,4035,5478674932,13309967,3385815,260846,0.9285,2.4294,0.00242941,0.01872858,2008-03-28,6614,established,False,,21
2026-05-08,65241,Natural Disaster Survival,All,Survival,,3982,4240540649,11558287,4299272,436197,0.9079,2.7257,0.00272566,0.02051388,2008-03-28,6614,top,True,2014,22
2026-05-08,321778215,Royale🌼High,All,Roleplay & Avatar Sim,Dress Up,3857,10389742760,13273595,3238895,532129,0.8589,1.2776,0.00127757,0.00906131,2017-04-10,3314,top,True,2018,23
2026-05-08,31970568,Theme Park Tycoon 2,Building,Simulation,Tycoon,3712,1563278144,6020540,2048161,255196,0.8892,3.8512,0.00385123,0.02814832,2012-01-02,5240,established,False,,24
2026-05-08,1720936166,[UPD] All Star Tower Defense,All,Strategy,Tower Defense,3557,7797010195,2310455,1481487,129169,0.9198,0.2963,0.00029633,0.00222872,2020-05-07,2192,established,False,,25
2026-05-08,1516533665,Piggy,Horror,Survival,,3138,14179893361,12094507,3979051,431312,0.9022,0.8529,0.00085293,0.00619592,2020-01-23,2297,established,False,,26
2026-05-08,111958650,Arsenal,Fighting,Shooter,Deathmatch Shooter,2574,6200479428,11468228,5092454,658441,0.8855,1.8496,0.00184957,0.01286269,2015-08-18,3916,established,False,,27
2026-05-08,113491250,Phantom Forces,FPS,Shooter,Deathmatch Shooter,1666,1768573085,5952186,2452078,248303,0.908,3.3655,0.00336553,0.02267228,2015-08-31,3903,established,False,,28
2026-05-08,2404080894,[⚔️ Clan Expansion] Funky Friday,All,Action,Music & Rhythm,1520,1976271025,4075394,1952001,212219,0.9019,2.0622,0.00206216,0.0136281,2021-02-26,1896,lower_mid,False,,29
2026-05-08,1511883870,Shinobi Life 2,All,RPG,Action RPG,1368,2654100771,3010545,2182591,144225,0.938,1.1343,0.0011343,0.00768397,2020-01-20,2299,established,False,,30
2026-05-08,1008451066,Da Hood,Town and City,Action,Open World Action,1365,2900734624,2985388,1286350,537907,0.7051,1.0292,0.00102918,0.0052394,2019-01-27,2658,established,False,,31
2026-05-08,2316994223,Pet Simulator X! 🐾,All,Simulation,Incremental Simulator,1274,8977174690,5963502,4210956,394832,0.9143,0.6643,0.0006643,0.00434297,2021-01-22,1931,breakout,True,2022,32
2026-05-08,110181652,Epic Minigames ✨,All,Party & Casual,Minigame,1206,2315850004,8286375,2215628,233391,0.9047,3.5781,0.00357811,0.02297026,2015-07-29,3936,lower_mid,False,,33
2026-05-08,2471084,🌳 Lumber Tycoon 2,Adventure,Simulation,Tycoon,1115,1294565269,4580406,2012150,282441,0.8769,3.5382,0.00353818,0.02177298,2009-07-30,6125,lower_mid,False,,34
2026-05-08,1335695570,⚡Ninja Legends,Fighting,Simulation,Incremental Simulator,856,2144282214,4679820,1605463,130408,0.9249,2.1825,0.00218246,0.01363186,2019-09-22,2419,top,True,2020,35
2026-05-08,1434220026,My Restaurant! 👨‍🍳,All,Simulation,Tycoon,760,881886731,2673587,1079532,98929,0.9161,3.0317,0.00303167,0.01842548,2019-12-06,2345,established,False,,36
2026-05-08,83858907,Speed Run 4,Adventure,Obby & Platformer,,409,1724642431,4519686,1027598,364250,0.7383,2.6207,0.00262065,0.01164018,2014-10-20,4217,mid,False,,37
2026-05-08,1424449565,Super Golf!,Sports,Sports & Racing,Sports,254,249077524,964278,311163,79063,0.7974,3.8714,0.0038714,0.01710599,2019-11-29,2352,mid,False,,38
2026-05-08,3183403065,[🤹APRIL FOOL'S🤡] AA,All,Strategy,Tower Defense,146,2507998379,1394481,721111,65206,0.9171,0.556,0.00055601,0.00254465,2021-12-21,1599,established,False,,39
2026-05-08,140239261,🏠 MeepCity 🏠,Town and City,Roleplay & Avatar Sim,,66,16271295999,14757552,2884217,515392,0.8484,0.907,0.00090697,0.00323538,2016-02-23,3726,top,True,2016,40
2026-05-08,81762198,[Sides] Vehicle Simulator,Town and City,Simulation,Vehicle Sim,5,665754434,3375314,1098939,133134,0.8919,5.0699,0.00506991,0.00810246,2014-08-08,4291,mid,False,,41
2026-05-08,1344222621,malymal91's Place,All,,,0,0,0,0,0,0.0,0.0,0.0,0.0,2019-09-29,2412,mid,False,,42
2026-05-08,67400893,efrenda's Place,All,,,0,0,0,0,0,0.0,0.0,0.0,0.0,2014-01-26,4484,lower_mid,False,,43
2026-05-08,1090335239,aleor3210's Place,All,,,0,0,0,0,0,0.0,0.0,0.0,0.0,2019-03-31,2595,lower_mid,False,,44
2026-05-08,2755335127,####'s Place,All,,,0,0,0,0,0,0.0,0.0,0.0,0.0,2021-07-19,1754,lower_mid,False,,45
2026-05-08,4494776745,chgcchfhcfvggjgvhc's Place,All,,,0,0,0,0,0,0.0,0.0,0.0,0.0,2023-03-19,1145,mid,False,,46
2026-05-08,4747349896,rgost1's Place,All,,,0,0,0,0,0,0.0,0.0,0.0,0.0,2023-06-07,1066,mid,False,,47
2026-05-08,1557606948,ProPro1052's Place,All,,,0,0,0,0,0,0.0,0.0,0.0,0.0,2020-02-17,2271,mid,False,,48
2026-05-09,1686885941,Brookhaven 🏡RP,Town and City,Roleplay & Avatar Sim,Life,543422,82125833535,27482998,8042904,1318505,0.8592,0.3346,0.00033464,0.00379678,2020-04-21,2209,top,True,2020,1
2026-05-09,994732206,Blox Fruits,Adventure,RPG,Action RPG,359362,61292383416,18771822,12058070,1036421,0.9209,0.3063,0.00030627,0.0036077,2019-01-16,2670,top,True,2021,2
2026-05-09,6035872082,RIVALS,FPS,Shooter,Deathmatch Shooter,309765,14641018716,73571478,9388764,580681,0.9418,5.025,0.00502502,0.05983364,2024-05-26,712,breakout,True,2025,3
2026-05-09,7326934954,99 Nights in the Forest 🔦,All,Survival,,271992,26489228330,7459173,4829875,504508,0.9054,0.2816,0.00028159,0.00319046,2025-03-04,431,breakout,True,2026,4
2026-05-09,383310974,[🌧️] Adopt Me!,RPG,Roleplay & Avatar Sim,Pet Care,269437,43422575620,28980530,9084512,1501178,0.8582,0.6674,0.00066741,0.00716185,2017-07-14,3220,top,True,2019,5
2026-05-09,66654135,Murder Mystery 2,Horror,Survival,1 vs All,160066,25505365227,21923319,9580991,970569,0.908,0.8596,0.00085956,0.00935291,2014-01-18,4493,top,True,2017,6
2026-05-09,5361032378,Sol's RNG [ x3 EGG Drops🪐],All,Simulation,Incremental Simulator,134637,1838982819,937406,1316026,130130,0.91,0.5097,0.00050974,0.0054785,2023-12-03,888,breakout,True,2025,7
2026-05-09,7436755782,[📜] Grow a Garden 🌶️,All,Simulation,Tycoon,90511,35285803718,10907732,9265921,1042133,0.8989,0.3091,0.00030913,0.00317143,2025-03-25,409,breakout,True,2025,8
2026-05-09,3808081382,The Strongest Battlegrounds,Fighting,Action,Battlegrounds & Fighting,87348,17819642269,6878154,4967161,963602,0.8375,0.386,0.00038599,0.0036781,2022-08-02,1376,breakout,True,2024,9
2026-05-09,5750914919,Fisch 🎸 [VENUE TAKEOVER],Adventure,Simulation,,62853,4428765357,3332472,2827009,301030,0.9038,0.7525,0.00075246,0.00751355,2024-03-13,786,breakout,True,2025,10
2026-05-09,1831550657,🐲 Creatures of Sonaria 💜 Survive Kaiju Animals,All,Roleplay & Avatar Sim,Animal Sim,29625,1955610057,9872276,1313869,108241,0.9239,5.0482,0.00504818,0.04802193,2020-06-25,2143,lower_mid,False,,11
2026-05-09,601130232,Bee Swarm Simulator,Adventure,Simulation,Incremental Simulator,29530,4393044707,6432863,2966808,138174,0.9555,1.4643,0.00146433,0.01440188,2018-03-21,2970,top,True,2018,12
2026-05-09,7018190066,Dead Rails [BETA],All,Adventure,Exploration,25093,6270306618,5700738,3265521,257353,0.9269,0.9092,0.00090916,0.00853736,2025-01-01,492,breakout,True,2025,13
2026-05-09,210851291,Build A Boat For Treasure,Adventure,Simulation,Sandbox,16571,4994570742,8328732,3549261,254055,0.9332,1.6676,0.00166756,0.0151189,2016-11-02,3474,top,True,2017,14
2026-05-09,88070565,[🌷] Welcome to Bloxburg 🏡,Town and City,Roleplay & Avatar Sim,Life,16373,9916414040,13860350,5569004,733349,0.8836,1.3977,0.00139772,0.01198452,2014-11-04,4204,established,False,,15
2026-05-09,3317679266,PLS DONATE 💸,All,Social,,15956,5063939951,4252046,3586767,262824,0.9317,0.8397,0.00083967,0.00757126,2022-02-05,1553,breakout,True,2024,16
2026-05-09,1176784616,[🟢 NEW TOWER] Tower Defense Simulator,All,Strategy,Tower Defense,14807,4678175554,3392006,1986017,125924,0.9404,0.7251,0.00072507,0.00654764,2019-06-05,2530,established,False,,17
2026-05-09,4777817887,Blade Ball,Fighting,Action,Battlegrounds & Fighting,14572,6139470160,12380350,8157602,563301,0.9354,2.0165,0.00201652,0.0180835,2023-06-17,1057,breakout,True,2024,18
2026-05-09,1235188606,[GUILD WARS ⚔️] Dragon Adventures 🐉,Adventure,RPG,,12982,1583584193,13097277,1057426,75612,0.9333,8.2707,0.00827065,0.07310707,2019-07-15,2489,mid,False,,19
2026-05-09,2440500124,DOORS 👁️,Adventure,Survival,Escape,12586,7359777133,7789242,4505838,343924,0.9291,1.0584,0.00105835,0.00928276,2021-03-14,1882,breakout,True,2022,20
2026-05-09,5650396773,a dusty trip [📜QUESTS],Adventure,Adventure,,10737,2295717377,2025187,1948782,213187,0.9014,0.8822,0.00088216,0.00738041,2024-02-16,812,mid,False,,21
2026-05-09,372226183,Flee the Facility,Horror,Survival,1 vs All,8790,5584824763,9460257,2659183,230838,0.9201,1.6939,0.00169392,0.01415459,2017-07-01,3234,lower_mid,False,,22
2026-05-09,1359573625,Deepwoken,RPG,RPG,Action RPG,8280,1545910254,1005751,403028,62460,0.8658,0.6506,0.00065059,0.00508185,2019-10-12,2400,mid,False,,23
2026-05-09,73885730,Prison Life,Town and City,Action,Open World Action,7724,2887858323,5842347,1487917,259624,0.8514,2.0231,0.00202307,0.01542032,2014-05-02,4390,established,False,,24
2026-05-09,245662005,Jailbreak ,Town and City,Action,Open World Action,6599,7885590384,18551099,5748611,806280,0.877,2.3525,0.00235253,0.01814513,2017-01-06,3409,top,True,2017,25
2026-05-09,31970568,Theme Park Tycoon 2,Building,Simulation,Tycoon,6008,1563595637,6020957,2048366,255211,0.8892,3.8507,0.00385071,0.0297931,2012-01-02,5241,established,False,,26
2026-05-09,1516533665,Piggy,Horror,Survival,,5713,14180844573,12095228,3979446,431327,0.9022,0.8529,0.00085293,0.00665687,2020-01-23,2298,established,False,,27
2026-05-09,47545,🍕Work at a Pizza Place,Town and City,Roleplay & Avatar Sim,Life,5351,5479271906,13311310,3386256,260860,0.9285,2.4294,0.00242939,0.01936511,2008-03-28,6615,established,False,,28
2026-05-09,65241,Natural Disaster Survival,All,Survival,,5028,4241861177,11559730,4299867,436282,0.9079,2.7252,0.00272516,0.02108687,2008-03-28,6615,top,True,2014,29
2026-05-09,321778215,Royale🌼High,All,Roleplay & Avatar Sim,Dress Up,4970,10390102447,13273790,3239014,532159,0.8589,1.2775,0.00127754,0.00933923,2017-04-10,3315,top,True,2018,30
2026-05-09,371263894,Greenville,Town and City,Roleplay & Avatar Sim,Life,4712,1362013996,2584067,1003131,142212,0.8758,1.8972,0.00189724,0.01405452,2017-06-28,3236,mid,False,,31
2026-05-09,903807016,Emergency Response: Liberty County,Town and City,Roleplay & Avatar Sim,Life,4317,1484994920,2765815,1146624,114083,0.9095,1.8625,0.00186251,0.01417943,2018-11-01,2745,mid,False,,32
2026-05-09,1720936166,[UPD] All Star Tower Defense,All,Strategy,Tower Defense,3790,7797793128,2310487,1481546,129171,0.9198,0.2963,0.0002963,0.00224582,2020-05-07,2193,established,False,,33
2026-05-09,111958650,Arsenal,Fighting,Shooter,Deathmatch Shooter,3034,6201168350,11468442,5092647,658518,0.8855,1.8494,0.0018494,0.01313055,2015-08-18,3917,established,False,,34
2026-05-09,2404080894,[BFDI] Funky Friday,All,Action,Music & Rhythm,2200,1976625795,4075609,1952194,212228,0.9019,2.0619,0.0020619,0.0143137,2021-02-26,1897,lower_mid,False,,35
2026-05-09,1511883870,Shinobi Life 2,All,RPG,Action RPG,1863,2654233127,3010646,2182713,144232,0.938,1.1343,0.00113428,0.00801224,2020-01-20,2300,established,False,,36
2026-05-09,113491250,Phantom Forces,FPS,Shooter,Deathmatch Shooter,1859,1768798280,5952378,2452152,248329,0.908,3.3652,0.00336521,0.02300473,2015-08-31,3904,established,False,,37
2026-05-09,1008451066,Da Hood,Town and City,Action,Open World Action,1812,2900980394,2985429,1286403,537926,0.7051,1.0291,0.00102911,0.00544447,2019-01-27,2659,established,False,,38
2026-05-09,2471084,🌳 Lumber Tycoon 2,Adventure,Simulation,Tycoon,1652,1294673457,4580581,2012250,282450,0.8769,3.538,0.00353802,0.02299084,2009-07-30,6126,lower_mid,False,,39
2026-05-09,2316994223,Pet Simulator X! 🐾,All,Simulation,Incremental Simulator,1634,8977312494,5963567,4211046,394837,0.9143,0.6643,0.00066429,0.004494,2021-01-22,1932,breakout,True,2022,40
2026-05-09,110181652,Epic Minigames ✨,All,Party & Casual,Minigame,1608,2316100833,8288081,2215983,233416,0.9047,3.5785,0.00357846,0.0239033,2015-07-29,3937,lower_mid,False,,41
2026-05-09,1335695570,⚡Ninja Legends,Fighting,Simulation,Incremental Simulator,1174,2144383781,4679973,1605559,130416,0.9249,2.1824,0.00218243,0.01426866,2019-09-22,2420,top,True,2020,42
2026-05-09,2324662457,[🌑 SHADOW RAID] Anime Fighters,Adventure,Simulation,Incremental Simulator,1060,1328241464,1568362,1148475,86697,0.9298,1.1808,0.00118078,0.00764904,2021-01-25,1929,mid,False,,43
2026-05-09,1434220026,My Restaurant! 👨‍🍳,All,Simulation,Tycoon,1056,881948915,2673693,1079609,98931,0.9161,3.0316,0.00303157,0.01933742,2019-12-06,2346,established,False,,44
2026-05-09,848145103,Dungeon Quest! ⚔️ RPG Adventure,Fighting,RPG,Action RPG,634,2321538955,5819465,1155979,102055,0.9189,2.5067,0.00250673,0.01486512,2018-09-25,2782,mid,False,,45
2026-05-09,83858907,Speed Run 4,Adventure,Obby & Platformer,,577,1724748191,4519844,1027659,364273,0.7383,2.6206,0.00262058,0.0123043,2014-10-20,4218,mid,False,,46
2026-05-09,1424449565,Super Golf!,Sports,Sports & Racing,Sports,357,249139178,964488,311214,79073,0.7974,3.8713,0.00387128,0.01815292,2019-11-29,2353,mid,False,,47
2026-05-09,1168263273,[🎃] Bad Business | FPS ,FPS,Shooter,Deathmatch Shooter,170,546141959,2180699,776725,131272,0.8554,3.9929,0.00399292,0.01756211,2019-05-29,2536,lower_mid,False,,48
2026-05-09,3183403065,[🤹APRIL FOOL'S🤡] AA,All,Strategy,Tower Defense,152,2508014030,1394437,721113,65205,0.9171,0.556,0.00055599,0.00256496,2021-12-21,1600,established,False,,49
2026-05-09,140239261,🏠 MeepCity 🏠,Town and City,Roleplay & Avatar Sim,,96,16271330672,14757479,2884245,515408,0.8484,0.907,0.00090696,0.00352006,2016-02-23,3727,top,True,2016,50
2026-05-09,1077961373,Giant Simulator,All,Simulation,Incremental Simulator,39,163574349,588079,175823,32874,0.8425,3.5952,0.00359518,0.01117312,2019-03-22,2605,lower_mid,False,,51
2026-05-09,81762198,[Sides] Vehicle Simulator,Town and City,Simulation,Vehicle Sim,18,665756730,3375303,1098942,133134,0.8919,5.0699,0.00506987,0.01331487,2014-08-08,4292,mid,False,,52
2026-05-09,1344222621,malymal91's Place,All,,,0,0,0,0,0,0.0,0.0,0.0,0.0,2019-09-29,2413,mid,False,,53
2026-05-09,67400893,efrenda's Place,All,,,0,0,0,0,0,0.0,0.0,0.0,0.0,2014-01-26,4485,lower_mid,False,,54
2026-05-09,1090335239,aleor3210's Place,All,,,0,0,0,0,0,0.0,0.0,0.0,0.0,2019-03-31,2596,lower_mid,False,,55
2026-05-09,2755335127,####'s Place,All,,,0,0,0,0,0,0.0,0.0,0.0,0.0,2021-07-19,1755,lower_mid,False,,56
2026-05-09,4494776745,chgcchfhcfvggjgvhc's Place,All,,,0,0,0,0,0,0.0,0.0,0.0,0.0,2023-03-19,1146,mid,False,,57
2026-05-09,4747349896,rgost1's Place,All,,,0,0,0,0,0,0.0,0.0,0.0,0.0,2023-06-07,1067,mid,False,,58
2026-05-09,1557606948,ProPro1052's Place,All,,,0,0,0,0,0,0.0,0.0,0.0,0.0,2020-02-17,2272,mid,False,,59
2026-05-09,498598030,puppyluver112232's Place,All,,,0,0,0,0,0,0.0,0.0,0.0,0.0,2017-12-05,3076,mid,False,,60
2026-05-10,1686885941,Brookhaven 🏡RP,Town and City,Roleplay & Avatar Sim,Life,519797,82178215159,27506299,8048814,1319463,0.8592,0.3347,0.00033472,0.0037848,2020-04-21,2210,top,True,2020,1
2026-05-10,994732206,Blox Fruits,Adventure,RPG,Action RPG,320065,61319346160,18781292,12063283,1036745,0.9209,0.3063,0.00030629,0.00357531,2019-01-16,2671,top,True,2021,2
2026-05-10,383310974,[🍣] Adopt Me!,RPG,Roleplay & Avatar Sim,Pet Care,311391,43437414040,28987709,9089981,1501313,0.8583,0.6673,0.00066734,0.00724458,2017-07-14,3221,top,True,2019,3
2026-05-10,6035872082,RIVALS,FPS,Shooter,Deathmatch Shooter,306266,14682991515,73844658,9404812,582505,0.9417,5.0293,0.00502927,0.05982535,2024-05-26,713,breakout,True,2025,4
2026-05-10,7326934954,99 Nights in the Forest 🔦,All,Survival,,280181,26520977956,7479691,4836397,505468,0.9054,0.282,0.00028203,0.00320281,2025-03-04,432,breakout,True,2026,5
2026-05-10,66654135,Murder Mystery 2,Horror,Survival,1 vs All,165457,25528931391,21935557,9586180,971133,0.908,0.8592,0.00085924,0.0093753,2014-01-18,4494,top,True,2017,6
2026-05-10,7436755782,[🐝] Grow a Garden 🌶️,All,Simulation,Tycoon,165236,35300197795,10914549,9269879,1042470,0.8989,0.3092,0.00030919,0.00333944,2025-03-25,410,breakout,True,2025,7
2026-05-10,3808081382,The Strongest Battlegrounds,Fighting,Action,Battlegrounds & Fighting,92293,17834334899,6885246,4971755,963684,0.8376,0.3861,0.00038607,0.00369717,2022-08-02,1377,breakout,True,2024,8
2026-05-10,5361032378,Sol's RNG [ Eon 1 - 21🪐],All,Simulation,Incremental Simulator,76275,1842545342,937750,1317683,130198,0.9101,0.5089,0.00050894,0.00520709,2023-12-03,889,breakout,True,2025,9
2026-05-10,5750914919,Fisch 🌀 [ENCHANT UPDATE],Adventure,Simulation,,69854,4434388173,3335087,2829172,301100,0.9038,0.7521,0.0007521,0.00758208,2024-03-13,787,breakout,True,2025,10
2026-05-10,7018190066,Dead Rails [ENDLESS],All,Adventure,Exploration,30650,6273668067,5703377,3266519,257493,0.9269,0.9091,0.0009091,0.00870515,2025-01-01,493,breakout,True,2025,11
2026-05-10,1831550657,🐲 Creatures of Sonaria 💜 Survive Kaiju Animals,All,Roleplay & Avatar Sim,Animal Sim,29851,1958038630,9884435,1315010,108288,0.9239,5.0481,0.00504813,0.04805847,2020-06-25,2144,lower_mid,False,,12
2026-05-10,601130232,Bee Swarm Simulator,Adventure,Simulation,Incremental Simulator,29022,4395105880,6433367,2967242,138188,0.9555,1.4638,0.00146376,0.01437202,2018-03-21,2971,top,True,2018,13
2026-05-10,210851291,Build A Boat For Treasure,Adventure,Simulation,Sandbox,18759,4996125593,8330155,3549955,254110,0.9332,1.6673,0.00166732,0.01530971,2016-11-02,3475,top,True,2017,14
2026-05-10,88070565,[🌷] Welcome to Bloxburg 🏡,Town and City,Roleplay & Avatar Sim,Life,17893,9918046985,13861447,5569565,733355,0.8836,1.3976,0.0013976,0.01209325,2014-11-04,4205,established,False,,15
2026-05-10,4777817887,Blade Ball,Fighting,Action,Battlegrounds & Fighting,16719,6141730360,12385215,8159801,563454,0.9354,2.0166,0.00201657,0.01834319,2023-06-17,1058,breakout,True,2024,16
2026-05-10,3317679266,PLS DONATE 💸,All,Social,,16543,5066935399,4254476,3588467,262940,0.9317,0.8397,0.00083965,0.00759939,2022-02-05,1554,breakout,True,2024,17
2026-05-10,1176784616,[🟢 NEW TOWER] Tower Defense Simulator,All,Strategy,Tower Defense,13863,4679924764,3392698,1986730,125944,0.9404,0.7249,0.00072495,0.0065017,2019-06-05,2531,established,False,,18
2026-05-10,2440500124,DOORS 👁️,Adventure,Survival,Escape,13709,7362250770,7791482,4506939,343990,0.9291,1.0583,0.0010583,0.00936637,2021-03-14,1883,breakout,True,2022,19
2026-05-10,5650396773,a dusty trip [📜QUESTS],Adventure,Adventure,,13245,2297638211,2026982,1949408,213264,0.9014,0.8822,0.0008822,0.00754767,2024-02-16,813,mid,False,,20
2026-05-10,1235188606,[GUILD WARS ⚔️] Dragon Adventures 🐉,Adventure,RPG,,11937,1584799025,13110210,1058067,75636,0.9333,8.2725,0.00827247,0.0724767,2019-07-15,2490,mid,False,,21
2026-05-10,372226183,Flee the Facility,Horror,Survival,1 vs All,9316,5587497725,9461776,2660061,230914,0.9201,1.6934,0.00169338,0.01424064,2017-07-01,3235,lower_mid,False,,22
2026-05-10,371263894,(CAR WASH + 10 CARS!) Greenville,Town and City,Roleplay & Avatar Sim,Life,9187,1363105911,2584845,1003706,142271,0.8759,1.8963,0.00189629,0.01515652,2017-06-28,3237,mid,False,,23
2026-05-10,1359573625,Deepwoken,RPG,RPG,Action RPG,8182,1547302074,1007812,403853,62605,0.8658,0.6513,0.00065134,0.00508079,2019-10-12,2401,mid,False,,24
2026-05-10,73885730,Prison Life,Town and City,Action,Open World Action,7710,2889114634,5843456,1488333,259711,0.8514,2.0226,0.00202258,0.01541329,2014-05-02,4391,established,False,,25
2026-05-10,245662005,Jailbreak ,Town and City,Action,Open World Action,6967,7886543832,18551692,5748978,806317,0.877,2.3523,0.00235232,0.01825549,2017-01-06,3410,top,True,2017,26
2026-05-10,31970568,Theme Park Tycoon 2,Building,Simulation,Tycoon,6503,1564002724,6021546,2048640,255221,0.8892,3.8501,0.00385009,0.03005958,2012-01-02,5242,established,False,,27
2026-05-10,1516533665,Piggy,Horror,Survival,,6377,14182102804,12096240,3980018,431340,0.9022,0.8529,0.00085292,0.0067415,2020-01-23,2299,established,False,,28
2026-05-10,47545,🍕Work at a Pizza Place,Town and City,Roleplay & Avatar Sim,Life,5931,5480015933,13312862,3386773,260890,0.9285,2.4293,0.00242935,0.01959687,2008-03-28,6616,established,False,,29
2026-05-10,65241,Natural Disaster Survival,All,Survival,,5858,4243500005,11561499,4300580,436396,0.9079,2.7245,0.00272452,0.02145962,2008-03-28,6616,top,True,2014,30
2026-05-10,321778215,Royale🌼High,All,Roleplay & Avatar Sim,Dress Up,5144,10390548821,13274155,3239185,532194,0.8589,1.2775,0.00127752,0.00937682,2017-04-10,3316,top,True,2018,31
2026-05-10,903807016,Emergency Response: Liberty County,Town and City,Roleplay & Avatar Sim,Life,4867,1485759175,2766372,1146903,114106,0.9095,1.8619,0.00186192,0.01437808,2018-11-01,2746,mid,False,,32
2026-05-10,1720936166,[UPD] All Star Tower Defense,All,Strategy,Tower Defense,3743,7798598062,2310522,1481618,129172,0.9198,0.2963,0.00029627,0.00224223,2020-05-07,2194,established,False,,33
2026-05-10,111958650,Arsenal,Fighting,Shooter,Deathmatch Shooter,3194,6201972722,11468739,5092903,658599,0.8855,1.8492,0.00184921,0.0132132,2015-08-18,3918,established,False,,34
2026-05-10,113491250,Phantom Forces,FPS,Shooter,Deathmatch Shooter,2079,1769048698,5952581,2452231,248346,0.908,3.3648,0.00336485,0.02334375,2015-08-31,3905,established,False,,35
2026-05-10,2404080894,[BFDI] Funky Friday,All,Action,Music & Rhythm,2046,1977014062,4075832,1952423,212234,0.902,2.0616,0.00206161,0.01417691,2021-02-26,1898,lower_mid,False,,36
2026-05-10,110181652,Epic Minigames ✨,All,Party & Casual,Minigame,2001,2316401304,8290367,2216483,233435,0.9047,3.579,0.00357899,0.02461473,2015-07-29,3938,lower_mid,False,,37
2026-05-10,2471084,🌳 Lumber Tycoon 2,Adventure,Simulation,Tycoon,1921,1294800887,4580774,2012352,282473,0.8769,3.5378,0.00353782,0.02345722,2009-07-30,6127,lower_mid,False,,38
2026-05-10,1511883870,Shinobi Life 2,All,RPG,Action RPG,1869,2654406349,3010794,2182873,144232,0.938,1.1343,0.00113426,0.00801556,2020-01-20,2301,established,False,,39
2026-05-10,1008451066,Da Hood,Town and City,Action,Open World Action,1762,2901285160,2985532,1286454,537956,0.7051,1.029,0.00102904,0.00542377,2019-01-27,2660,established,False,,40
2026-05-10,2316994223,Pet Simulator X! 🐾,All,Simulation,Incremental Simulator,1548,8977466519,5963568,4211143,394839,0.9143,0.6643,0.00066428,0.00446112,2021-01-22,1933,breakout,True,2022,41
2026-05-10,1335695570,⚡Ninja Legends,Fighting,Simulation,Incremental Simulator,1176,2144505955,4680163,1605674,130418,0.9249,2.1824,0.0021824,0.01427192,2019-09-22,2421,top,True,2020,42
2026-05-10,1434220026,My Restaurant! 👨‍🍳,All,Simulation,Tycoon,1167,882028856,2673836,1079718,98938,0.9161,3.0315,0.00303146,0.01961406,2019-12-06,2347,established,False,,43
2026-05-10,2324662457,[🌑 SHADOW RAID] Anime Fighters,Adventure,Simulation,Incremental Simulator,1042,1328292677,1568369,1148499,86697,0.9298,1.1807,0.00118074,0.00763001,2021-01-25,1930,mid,False,,44
2026-05-10,848145103,Dungeon Quest! ⚔️ RPG Adventure,Fighting,RPG,Action RPG,615,2321642500,5820337,1156029,102060,0.9189,2.507,0.00250699,0.0147967,2018-09-25,2783,mid,False,,45
2026-05-10,83858907,Speed Run 4,Adventure,Obby & Platformer,,531,1724880237,4520091,1027730,364302,0.7383,2.6205,0.00262052,0.01214355,2014-10-20,4219,mid,False,,46
2026-05-10,1424449565,Super Golf!,Sports,Sports & Racing,Sports,375,249210637,964733,311268,79087,0.7974,3.8712,0.00387115,0.01830374,2019-11-29,2354,mid,False,,47
2026-05-10,1168263273,[🎃] Bad Business | FPS ,FPS,Shooter,Deathmatch Shooter,151,546173297,2180706,776746,131281,0.8554,3.9927,0.0039927,0.01715877,2019-05-29,2537,lower_mid,False,,48
2026-05-10,3183403065,[🤹APRIL FOOL'S🤡] AA,All,Strategy,Tower Defense,124,2508030771,1394399,721118,65207,0.9171,0.556,0.00055597,0.00246181,2021-12-21,1601,established,False,,49
2026-05-10,140239261,🏠 MeepCity 🏠,Town and City,Roleplay & Avatar Sim,,87,16271377039,14757472,2884302,515428,0.8484,0.907,0.00090696,0.00344512,2016-02-23,3728,top,True,2016,50
2026-05-10,1077961373,Giant Simulator,All,Simulation,Incremental Simulator,44,163575512,588075,175824,32874,0.8425,3.5951,0.00359513,0.01152972,2019-03-22,2606,lower_mid,False,,51
2026-05-10,81762198,[Sides] Vehicle Simulator,Town and City,Simulation,Vehicle Sim,11,665759452,3375299,1098947,133134,0.8919,5.0698,0.00506985,0.0112368,2014-08-08,4293,mid,False,,52
2026-05-10,1344222621,malymal91's Place,All,,,0,0,0,0,0,0.0,0.0,0.0,0.0,2019-09-29,2414,mid,False,,53
2026-05-10,67400893,efrenda's Place,All,,,0,0,0,0,0,0.0,0.0,0.0,0.0,2014-01-26,4486,lower_mid,False,,54
2026-05-10,1090335239,aleor3210's Place,All,,,0,0,0,0,0,0.0,0.0,0.0,0.0,2019-03-31,2597,lower_mid,False,,55
2026-05-10,2755335127,####'s Place,All,,,0,0,0,0,0,0.0,0.0,0.0,0.0,2021-07-19,1756,lower_mid,False,,56
2026-05-10,4494776745,chgcchfhcfvggjgvhc's Place,All,,,0,0,0,0,0,0.0,0.0,0.0,0.0,2023-03-19,1147,mid,False,,57
2026-05-10,4747349896,rgost1's Place,All,,,0,0,0,0,0,0.0,0.0,0.0,0.0,2023-06-07,1068,mid,False,,58
2026-05-10,1557606948,ProPro1052's Place,All,,,0,0,0,0,0,0.0,0.0,0.0,0.0,2020-02-17,2273,mid,False,,59
2026-05-10,498598030,puppyluver112232's Place,All,,,0,0,0,0,0,0.0,0.0,0.0,0.0,2017-12-05,3077,mid,False,,60
2026-05-11,1686885941,Brookhaven 🏡RP,Town and City,Roleplay & Avatar Sim,Life,412453,82225053380,27526883,8053756,1320238,0.8592,0.3348,0.00033477,0.00371896,2020-04-21,2211,top,True,2020,1
2026-05-11,383310974,[🍣] Adopt Me!,RPG,Roleplay & Avatar Sim,Pet Care,285247,43449106656,28992950,9094030,1501371,0.8583,0.6673,0.00066729,0.00719414,2017-07-14,3222,top,True,2019,2
2026-05-11,994732206,Blox Fruits,Adventure,RPG,Action RPG,277153,61343511694,18789186,12068095,1036955,0.9209,0.3063,0.00030629,0.00353485,2019-01-16,2672,top,True,2021,3
2026-05-11,6035872082,RIVALS,FPS,Shooter,Deathmatch Shooter,240118,14717241103,74066634,9417376,583880,0.9416,5.0326,0.00503264,0.0587089,2024-05-26,714,breakout,True,2025,4
2026-05-11,66654135,Murder Mystery 2,Horror,Survival,1 vs All,138627,25551694528,21947151,9591147,971739,0.908,0.8589,0.00085893,0.00923382,2014-01-18,4496,top,True,2017,5
2026-05-11,3808081382,The Strongest Battlegrounds,Fighting,Action,Battlegrounds & Fighting,78194,17847673168,6891465,4975548,963801,0.8377,0.3861,0.00038613,0.00364451,2022-08-02,1378,breakout,True,2024,6
2026-05-11,5361032378,Sol's RNG [ Eon 1 - 21🪐],All,Simulation,Incremental Simulator,68087,1845772091,937681,1319167,130203,0.9102,0.508,0.00050802,0.0051456,2023-12-03,890,breakout,True,2025,7
2026-05-11,5750914919,Fisch 🌀 [ENCHANT UPDATE],Adventure,Simulation,,52032,4438137729,3336526,2830595,301137,0.9038,0.7518,0.00075179,0.00737908,2024-03-13,788,breakout,True,2025,8
2026-05-11,601130232,Bee Swarm Simulator,Adventure,Simulation,Incremental Simulator,27807,4397256487,6433856,2967584,138210,0.9555,1.4632,0.00146315,0.01430626,2018-03-21,2972,top,True,2018,9
2026-05-11,1831550657,🐲 Creatures of Sonaria 💜 Survive Kaiju Animals,All,Roleplay & Avatar Sim,Animal Sim,25531,1960255725,9895194,1315921,108327,0.9239,5.0479,0.00504791,0.04732852,2020-06-25,2145,lower_mid,False,,10
2026-05-11,210851291,Build A Boat For Treasure,Adventure,Simulation,Sandbox,14121,4997551902,8331343,3550627,254148,0.9332,1.6671,0.00166708,0.01486575,2016-11-02,3476,top,True,2017,11
2026-05-11,3317679266,PLS DONATE 💸,All,Social,,13624,5069745507,4256803,3589957,263039,0.9317,0.8396,0.00083965,0.00744748,2022-02-05,1555,breakout,True,2024,12
2026-05-11,4777817887,Blade Ball,Fighting,Action,Battlegrounds & Fighting,13392,6143847488,12389759,8161693,563632,0.9354,2.0166,0.00201661,0.01792497,2023-06-17,1059,breakout,True,2024,13
2026-05-11,88070565,[🌷] Welcome to Bloxburg 🏡,Town and City,Roleplay & Avatar Sim,Life,11248,9919600831,13862410,5570132,733353,0.8837,1.3975,0.00139748,0.01151912,2014-11-04,4206,established,False,,14
2026-05-11,5650396773,a dusty trip [🚗CAR],Adventure,Adventure,,10285,2299604659,2028853,1950019,213354,0.9014,0.8823,0.00088226,0.00734697,2024-02-16,814,mid,False,,15
2026-05-11,1235188606,[GUILD WARS ⚔️] Dragon Adventures 🐉,Adventure,RPG,,9438,1585823525,13119552,1058581,75653,0.9333,8.273,0.00827302,0.07066922,2019-07-15,2491,mid,False,,16
2026-05-11,372226183,Flee the Facility,Horror,Survival,1 vs All,8857,5590121116,9463351,2660920,230974,0.9201,1.6929,0.00169287,0.01415771,2017-07-01,3236,lower_mid,False,,17
2026-05-11,2440500124,DOORS 👁️,Adventure,Survival,Escape,8780,7364433336,7793463,4507931,344041,0.9291,1.0583,0.00105826,0.00892797,2021-03-14,1884,breakout,True,2022,18
2026-05-11,1359573625,Deepwoken,RPG,RPG,Action RPG,5599,1548437472,1009288,404466,62723,0.8657,0.6518,0.00065181,0.00487021,2019-10-12,2402,mid,False,,19
2026-05-11,245662005,Jailbreak ,Town and City,Action,Open World Action,5324,7887461423,18552219,5749324,806353,0.877,2.3521,0.00235212,0.0176992,2017-01-06,3411,top,True,2017,20
2026-05-11,65241,Natural Disaster Survival,All,Survival,,4930,4245052268,11563225,4301259,436509,0.9079,2.7239,0.00272393,0.02102834,2008-03-28,6617,top,True,2014,21
2026-05-11,47545,🍕Work at a Pizza Place,Town and City,Roleplay & Avatar Sim,Life,4388,5480685078,13314300,3387245,260912,0.9285,2.4293,0.00242931,0.01891715,2008-03-28,6617,established,False,,22
2026-05-11,321778215,Royale🌼High,All,Roleplay & Avatar Sim,Dress Up,3965,10390984213,13274478,3239373,532216,0.8589,1.2775,0.0012775,0.00909111,2017-04-10,3317,top,True,2018,23
2026-05-11,1516533665,Piggy,Horror,Survival,,3640,14183381881,12097250,3980627,431372,0.9022,0.8529,0.00085292,0.00631012,2020-01-23,2300,established,False,,24
2026-05-11,31970568,Theme Park Tycoon 2,Building,Simulation,Tycoon,3595,1564366887,6022048,2048882,255232,0.8892,3.8495,0.00384951,0.02802683,2012-01-02,5243,established,False,,25
2026-05-11,1720936166,[UPD] All Star Tower Defense,All,Strategy,Tower Defense,3010,7799313738,2310561,1481702,129167,0.9198,0.2963,0.00029625,0.00218271,2020-05-07,2195,established,False,,26
2026-05-11,111958650,Arsenal,Fighting,Shooter,Deathmatch Shooter,2498,6202689491,11469028,5093142,658656,0.8855,1.849,0.00184904,0.01280967,2015-08-18,3919,established,False,,27
2026-05-11,2404080894,[BFDI] Funky Friday,All,Action,Music & Rhythm,1822,1977332205,4075998,1952584,212256,0.902,2.0614,0.00206136,0.01395971,2021-02-26,1899,lower_mid,False,,28
2026-05-11,113491250,Phantom Forces,FPS,Shooter,Deathmatch Shooter,1649,1769285223,5952752,2452316,248366,0.908,3.3645,0.0033645,0.02263367,2015-08-31,3906,established,False,,29
2026-05-11,1008451066,Da Hood,Town and City,Action,Open World Action,1451,2901583661,2985624,1286516,537990,0.7051,1.029,0.00102896,0.00528254,2019-01-27,2661,established,False,,30
2026-05-11,2471084,🌳 Lumber Tycoon 2,Adventure,Simulation,Tycoon,1436,1294928627,4580958,2012454,282491,0.8769,3.5376,0.00353761,0.02255367,2009-07-30,6129,lower_mid,False,,31
2026-05-11,1511883870,Shinobi Life 2,All,RPG,Action RPG,1390,2654566418,3010910,2183033,144234,0.938,1.1342,0.00113424,0.00770058,2020-01-20,2302,established,False,,32
2026-05-11,2316994223,Pet Simulator X! 🐾,All,Simulation,Incremental Simulator,1387,8977616364,5963603,4211223,394848,0.9143,0.6643,0.00066427,0.00439441,2021-01-22,1934,breakout,True,2022,33
2026-05-11,110181652,Epic Minigames ✨,All,Party & Casual,Minigame,1356,2316692384,8292570,2217001,233446,0.9047,3.5795,0.00357949,0.02335927,2015-07-29,3939,lower_mid,False,,34
2026-05-11,1335695570,⚡Ninja Legends,Fighting,Simulation,Incremental Simulator,847,2144615203,4680296,1605778,130424,0.9249,2.1823,0.00218235,0.01360989,2019-09-22,2422,top,True,2020,35
2026-05-11,1434220026,My Restaurant! 👨‍🍳,All,Simulation,Tycoon,777,882100295,2673959,1079826,98945,0.9161,3.0314,0.00303135,0.0184851,2019-12-06,2348,established,False,,36
2026-05-11,83858907,Speed Run 4,Adventure,Obby & Platformer,,440,1725003824,4520322,1027784,364331,0.7383,2.6205,0.00262047,0.01178027,2014-10-20,4220,mid,False,,37
2026-05-11,1424449565,Super Golf!,Sports,Sports & Racing,Sports,273,249270013,964946,311308,79095,0.7974,3.8711,0.00387109,0.01732667,2019-11-29,2355,mid,False,,38
2026-05-11,3183403065,[🤹APRIL FOOL'S🤡] AA,All,Strategy,Tower Defense,135,2508045481,1394353,721120,65211,0.9171,0.556,0.00055595,0.0025047,2021-12-21,1602,established,False,,39
2026-05-11,140239261,🏠 MeepCity 🏠,Town and City,Roleplay & Avatar Sim,,74,16271421594,14757437,2884335,515450,0.8484,0.907,0.00090695,0.00332209,2016-02-23,3729,top,True,2016,40
2026-05-11,81762198,[Sides] Vehicle Simulator,Town and City,Simulation,Vehicle Sim,19,665762202,3375274,1098951,133134,0.8919,5.0698,0.00506979,0.01354661,2014-08-08,4294,mid,False,,41
2026-05-11,1344222621,malymal91's Place,All,,,0,0,0,0,0,0.0,0.0,0.0,0.0,2019-09-29,2415,mid,False,,42
2026-05-11,67400893,efrenda's Place,All,,,0,0,0,0,0,0.0,0.0,0.0,0.0,2014-01-26,4487,lower_mid,False,,43
2026-05-11,1090335239,aleor3210's Place,All,,,0,0,0,0,0,0.0,0.0,0.0,0.0,2019-03-31,2598,lower_mid,False,,44
2026-05-11,2755335127,####'s Place,All,,,0,0,0,0,0,0.0,0.0,0.0,0.0,2021-07-19,1757,lower_mid,False,,45
2026-05-11,4494776745,chgcchfhcfvggjgvhc's Place,All,,,0,0,0,0,0,0.0,0.0,0.0,0.0,2023-03-19,1148,mid,False,,46
2026-05-11,4747349896,rgost1's Place,All,,,0,0,0,0,0,0.0,0.0,0.0,0.0,2023-06-07,1069,mid,False,,47
2026-05-11,1557606948,ProPro1052's Place,All,,,0,0,0,0,0,0.0,0.0,0.0,0.0,2020-02-17,2274,mid,False,,48
2026-05-12,1686885941,Brookhaven 🏡RP,Town and City,Roleplay & Avatar Sim,Life,351923,82257835799,27541203,8057112,1320739,0.8592,0.3348,0.00033482,0.00367377,2020-04-21,2212,top,True,2020,1
2026-05-12,383310974,[🍣] Adopt Me!,RPG,Roleplay & Avatar Sim,Pet Care,282452,43457665819,28997867,9096718,1501422,0.8583,0.6673,0.00066727,0.00718857,2017-07-14,3223,top,True,2019,2
2026-05-12,994732206,Blox Fruits,Adventure,RPG,Action RPG,263017,61361967935,18796480,12071658,1037114,0.9209,0.3063,0.00030632,0.00352043,2019-01-16,2673,top,True,2021,3
2026-05-12,6035872082,RIVALS,FPS,Shooter,Deathmatch Shooter,213285,14740074027,74178126,9424902,584688,0.9416,5.0324,0.00503241,0.05814269,2024-05-26,715,breakout,True,2025,4
2026-05-12,66654135,Murder Mystery 2,Horror,Survival,1 vs All,126446,25568570050,21955984,9594735,972130,0.908,0.8587,0.00085871,0.00915971,2014-01-18,4497,top,True,2017,5
2026-05-12,3808081382,The Strongest Battlegrounds,Fighting,Action,Battlegrounds & Fighting,74482,17857764515,6895993,4978241,963969,0.8378,0.3862,0.00038616,0.00362932,2022-08-02,1379,breakout,True,2024,6
2026-05-12,5361032378,Sol's RNG [ Eon 1 - 21🪐],All,Simulation,Incremental Simulator,66565,1848455526,937732,1320185,130219,0.9102,0.5073,0.00050731,0.00512827,2023-12-03,891,breakout,True,2025,7
2026-05-12,5750914919,Fisch 🌀 [ENCHANT UPDATE],Adventure,Simulation,,46890,4440710147,3338961,2831618,301173,0.9039,0.7519,0.0007519,0.00730964,2024-03-13,789,breakout,True,2025,8
2026-05-12,601130232,Bee Swarm Simulator,Adventure,Simulation,Incremental Simulator,25617,4399142305,6434257,2967882,138229,0.9555,1.4626,0.00146262,0.01418636,2018-03-21,2973,top,True,2018,9
2026-05-12,1831550657,🐲 Creatures of Sonaria 💜 Survive Kaiju Animals,All,Roleplay & Avatar Sim,Animal Sim,23693,1961847850,9902393,1316558,108386,0.9239,5.0475,0.00504748,0.04697588,2020-06-25,2146,lower_mid,False,,10
2026-05-12,1235188606,[GUILD WARS ⚔️] Dragon Adventures 🐉,Adventure,RPG,,12812,1587019212,13145462,1059577,75706,0.9333,8.2831,0.00828311,0.07311917,2019-07-15,2492,mid,False,,11
2026-05-12,3317679266,PLS DONATE 💸,All,Social,,12594,5071758123,4258439,3591026,263116,0.9317,0.8396,0.00083964,0.0073859,2022-02-05,1556,breakout,True,2024,12
2026-05-12,4777817887,Blade Ball,Fighting,Action,Battlegrounds & Fighting,12172,6145430613,12392849,8163041,563749,0.9354,2.0166,0.0020166,0.0177446,2023-06-17,1060,breakout,True,2024,13
2026-05-12,210851291,Build A Boat For Treasure,Adventure,Simulation,Sandbox,11521,4998497612,8332176,3551097,254162,0.9332,1.6669,0.00166694,0.01454797,2016-11-02,3477,top,True,2017,14
2026-05-12,88070565,[🌷] Welcome to Bloxburg 🏡,Town and City,Roleplay & Avatar Sim,Life,10545,9920655409,13863088,5570537,733371,0.8837,1.3974,0.0013974,0.01143884,2014-11-04,4207,established,False,,15
2026-05-12,5650396773,a dusty trip [🚗CAR],Adventure,Adventure,,9676,2300828884,2030086,1950424,213395,0.9014,0.8823,0.00088233,0.00729899,2024-02-16,815,mid,False,,16
2026-05-12,2440500124,DOORS 👁️,Adventure,Survival,Escape,7483,7365814261,7794817,4508582,344089,0.9291,1.0582,0.00105824,0.00877071,2021-03-14,1885,breakout,True,2022,17
2026-05-12,372226183,Flee the Facility,Horror,Survival,1 vs All,7461,5592043388,9464423,2661504,231017,0.9201,1.6925,0.00169248,0.01388741,2017-07-01,3237,lower_mid,False,,18
2026-05-12,245662005,Jailbreak ,Town and City,Action,Open World Action,4829,7888117225,18552544,5749521,806389,0.877,2.352,0.00235196,0.01749677,2017-01-06,3412,top,True,2017,19
2026-05-12,65241,Natural Disaster Survival,All,Survival,,4188,4246142878,11564392,4301753,436589,0.9079,2.7235,0.00272351,0.02062171,2008-03-28,6618,top,True,2014,20
2026-05-12,1359573625,Deepwoken [SALE],RPG,RPG,Action RPG,4174,1549197084,1009780,404899,62820,0.8657,0.6518,0.00065181,0.00470419,2019-10-12,2403,mid,False,,21
2026-05-12,47545,🍕Work at a Pizza Place,Town and City,Roleplay & Avatar Sim,Life,4018,5481171864,13315336,3387575,260929,0.9285,2.4293,0.00242929,0.01871835,2008-03-28,6618,established,False,,22
2026-05-12,321778215,Royale🌼High,All,Roleplay & Avatar Sim,Dress Up,3521,10391300172,13274667,3239503,532218,0.8589,1.2775,0.00127748,0.00896074,2017-04-10,3318,top,True,2018,23
2026-05-12,31970568,Theme Park Tycoon 2,Building,Simulation,Tycoon,3284,1564602789,6022343,2049044,255237,0.8892,3.8491,0.00384912,0.02771456,2012-01-02,5244,established,False,,24
2026-05-12,1516533665,Piggy,Horror,Survival,,3192,14184174847,12097855,3981003,431407,0.9022,0.8529,0.00085291,0.00620905,2020-01-23,2301,established,False,,25
2026-05-12,1720936166,[UPD] All Star Tower Defense,All,Strategy,Tower Defense,2887,7799865001,2310571,1481745,129168,0.9198,0.2962,0.00029623,0.0021712,2020-05-07,2196,established,False,,26
2026-05-12,111958650,Arsenal,Fighting,Shooter,Deathmatch Shooter,2429,6203236098,11469208,5093311,658683,0.8855,1.8489,0.00184891,0.01276289,2015-08-18,3920,established,False,,27
2026-05-12,2404080894,[BFDI] Funky Friday,All,Action,Music & Rhythm,1546,1977581475,4076218,1952771,212269,0.902,2.0612,0.00206121,0.01365354,2021-02-26,1900,lower_mid,False,,28
2026-05-12,113491250,Phantom Forces,FPS,Shooter,Deathmatch Shooter,1506,1769474966,5952893,2452387,248377,0.908,3.3642,0.00336421,0.02235482,2015-08-31,3907,established,False,,29
2026-05-12,110181652,Epic Minigames ✨,All,Party & Casual,Minigame,1305,2316909721,8293987,2217336,233468,0.9047,3.5798,0.00357976,0.02323712,2015-07-29,3940,lower_mid,False,,30
2026-05-12,2471084,🌳 Lumber Tycoon 2,Adventure,Simulation,Tycoon,1294,1295021736,4581086,2012527,282502,0.8769,3.5375,0.00353746,0.02222992,2009-07-30,6130,lower_mid,False,,31
2026-05-12,1008451066,Da Hood,Town and City,Action,Open World Action,1272,2901814008,2985696,1286578,538011,0.7051,1.0289,0.00102891,0.00518681,2019-01-27,2662,established,False,,32
2026-05-12,2316994223,Pet Simulator X! 🐾,All,Simulation,Incremental Simulator,1266,8977733580,5963592,4211310,394846,0.9143,0.6643,0.00066426,0.00433896,2021-01-22,1935,breakout,True,2022,33
2026-05-12,1511883870,Shinobi Life 2,All,RPG,Action RPG,1218,2654670790,3010972,2183127,144236,0.938,1.1342,0.00113422,0.00756002,2020-01-20,2303,established,False,,34
2026-05-12,1335695570,⚡Ninja Legends,Fighting,Simulation,Incremental Simulator,790,2144691494,4680382,1605860,130428,0.9249,2.1823,0.00218231,0.01346923,2019-09-22,2423,top,True,2020,35
2026-05-12,2324662457,[🌑 SHADOW RAID] Anime Fighters,Adventure,Simulation,Incremental Simulator,768,1328375306,1568348,1148553,86696,0.9298,1.1807,0.00118065,0.0072949,2021-01-25,1932,mid,False,,36
2026-05-12,83858907,Speed Run 4,Adventure,Obby & Platformer,,378,1725088730,4520452,1027839,364350,0.7383,2.6204,0.00262042,0.01148692,2014-10-20,4221,mid,False,,37
2026-05-12,1424449565,Super Golf!,Sports,Sports & Racing,Sports,269,249313048,965072,311347,79102,0.7974,3.8709,0.00387092,0.01728068,2019-11-29,2356,mid,False,,38
2026-05-12,3183403065,[🤹APRIL FOOL'S🤡] AA,All,Strategy,Tower Defense,137,2508057773,1394314,721126,65211,0.9171,0.5559,0.00055593,0.00251206,2021-12-21,1603,established,False,,39
2026-05-12,140239261,🏠 MeepCity 🏠,Town and City,Roleplay & Avatar Sim,,53,16271452237,14757401,2884371,515472,0.8484,0.907,0.00090695,0.00306929,2016-02-23,3730,top,True,2016,40
2026-05-12,81762198,[Sides] Vehicle Simulator,Town and City,Simulation,Vehicle Sim,9,665764134,3375262,1098953,133133,0.8919,5.0698,0.00506976,0.01041216,2014-08-08,4295,mid,False,,41
2026-05-12,1344222621,malymal91's Place,All,,,0,0,0,0,0,0.0,0.0,0.0,0.0,2019-09-29,2416,mid,False,,42
2026-05-12,67400893,efrenda's Place,All,,,0,0,0,0,0,0.0,0.0,0.0,0.0,2014-01-26,4488,lower_mid,False,,43
2026-05-12,1090335239,aleor3210's Place,All,,,0,0,0,0,0,0.0,0.0,0.0,0.0,2019-03-31,2599,lower_mid,False,,44
2026-05-12,2755335127,####'s Place,All,,,0,0,0,0,0,0.0,0.0,0.0,0.0,2021-07-19,1758,lower_mid,False,,45
2026-05-12,4494776745,chgcchfhcfvggjgvhc's Place,All,,,0,0,0,0,0,0.0,0.0,0.0,0.0,2023-03-19,1149,mid,False,,46
2026-05-12,4747349896,rgost1's Place,All,,,0,0,0,0,0,0.0,0.0,0.0,0.0,2023-06-07,1070,mid,False,,47
2026-05-12,1557606948,ProPro1052's Place,All,,,0,0,0,0,0,0.0,0.0,0.0,0.0,2020-02-17,2275,mid,False,,48
2026-05-13,1686885941,Brookhaven 🏡RP,Town and City,Roleplay & Avatar Sim,Life,378458,82290596640,27556266,8060464,1321211,0.8592,0.3349,0.00033487,0.00369526,2020-04-21,2213,top,True,2020,1
2026-05-13,383310974,[🍣] Adopt Me!,RPG,Roleplay & Avatar Sim,Pet Care,280933,43466474295,29002728,9099401,1501516,0.8584,0.6672,0.00066724,0.00718546,2017-07-14,3224,top,True,2019,2
2026-05-13,994732206,Blox Fruits,Adventure,RPG,Action RPG,270302,61381101126,18804299,12075315,1037250,0.9209,0.3064,0.00030635,0.00352855,2019-01-16,2674,top,True,2021,3
2026-05-13,6035872082,RIVALS,FPS,Shooter,Deathmatch Shooter,225991,14763767046,74292308,9432636,585528,0.9416,5.0321,0.00503207,0.05841081,2024-05-26,716,breakout,True,2025,4
2026-05-13,7326934954,99 Nights in the Forest 🔦,All,Survival,,187328,26574857749,7517474,4846002,506875,0.9053,0.2829,0.00028288,0.00310913,2025-03-04,435,breakout,True,2026,5
2026-05-13,66654135,Murder Mystery 2,Horror,Survival,1 vs All,133942,25585831344,21965156,9598516,972520,0.908,0.8585,0.00085849,0.00920224,2014-01-18,4498,top,True,2017,6
2026-05-13,7436755782,[🐝] Grow a Garden 🌶️,All,Simulation,Tycoon,94176,35324791879,10927423,9275921,1042962,0.8989,0.3093,0.00030934,0.00318478,2025-03-25,413,breakout,True,2025,7
2026-05-13,3808081382,The Strongest Battlegrounds,Fighting,Action,Battlegrounds & Fighting,77906,17868418336,6900734,4981081,964241,0.8378,0.3862,0.0003862,0.00364437,2022-08-02,1380,breakout,True,2024,8
2026-05-13,5361032378,Sol's RNG [ Eon 1 - 21🪐],All,Simulation,Incremental Simulator,67490,1851223609,939013,1321735,130233,0.9103,0.5072,0.00050724,0.00513446,2023-12-03,892,breakout,True,2025,9
2026-05-13,5750914919,Fisch 🌀 [ENCHANT UPDATE],Adventure,Simulation,,46641,4443238261,3341550,2832601,301202,0.9039,0.7521,0.00075205,0.0073077,2024-03-13,790,breakout,True,2025,10
2026-05-13,601130232,Bee Swarm Simulator,Adventure,Simulation,Incremental Simulator,25921,4401137274,6434617,2968145,138236,0.9555,1.462,0.00146204,0.01419723,2018-03-21,2974,top,True,2018,11
2026-05-13,1831550657,🐲 Creatures of Sonaria 💜 Survive Kaiju Animals,All,Roleplay & Avatar Sim,Animal Sim,23481,1963472488,9909764,1317163,108422,0.9239,5.0471,0.00504706,0.04693049,2020-06-25,2147,lower_mid,False,,12
2026-05-13,7018190066,Dead Rails [ENDLESS],All,Adventure,Exploration,19381,6280727950,5711238,3268535,257804,0.9269,0.9093,0.00090933,0.00832068,2025-01-01,496,breakout,True,2025,13
2026-05-13,3317679266,PLS DONATE 💸,All,Social,,13002,5073812074,4260160,3592165,263221,0.9317,0.8396,0.00083964,0.00741079,2022-02-05,1557,breakout,True,2024,14
2026-05-13,4777817887,Blade Ball,Fighting,Action,Battlegrounds & Fighting,12817,6147064799,12396186,8164520,563908,0.9354,2.0166,0.0020166,0.01784194,2023-06-17,1061,breakout,True,2024,15
2026-05-13,210851291,Build A Boat For Treasure,Adventure,Simulation,Sandbox,12420,4999439956,8333010,3551554,254192,0.9332,1.6668,0.00166679,0.01466356,2016-11-02,3478,top,True,2017,16
2026-05-13,88070565,[🥐] Welcome to Bloxburg 🏡,Town and City,Roleplay & Avatar Sim,Life,12077,9921723535,13863720,5570912,733375,0.8837,1.3973,0.00139731,0.01160569,2014-11-04,4208,established,False,,17
2026-05-13,5650396773,a dusty trip [🚗CAR],Adventure,Adventure,,9828,2302114973,2031471,1950822,213456,0.9014,0.8824,0.00088244,0.00731223,2024-02-16,816,mid,False,,18
2026-05-13,1235188606,[GUILD WARS ⚔️] Dragon Adventures 🐉,Adventure,RPG,,9434,1588081684,13165308,1060406,75743,0.9333,8.2901,0.00829007,0.07081409,2019-07-15,2493,mid,False,,19
2026-05-13,1176784616,[🟢 NEW TOWER] Tower Defense Simulator,All,Strategy,Tower Defense,8543,4683345377,3393960,1988120,125981,0.9404,0.7247,0.00072469,0.00616963,2019-06-05,2534,established,False,,20
2026-05-13,2440500124,DOORS 👁️,Adventure,Survival,Escape,7867,7367192806,7796096,4509190,344118,0.9291,1.0582,0.00105822,0.00881973,2021-03-14,1886,breakout,True,2022,21
2026-05-13,372226183,Flee the Facility,Horror,Survival,1 vs All,7507,5593933596,9465450,2662121,231055,0.9201,1.6921,0.00169209,0.01389386,2017-07-01,3238,lower_mid,False,,22
2026-05-13,73885730,Prison Life,Town and City,Action,Open World Action,6304,2892027469,5845893,1489284,259921,0.8514,2.0214,0.00202138,0.01505735,2014-05-02,4394,established,False,,23
2026-05-13,371263894,(🧼CAR WASH + 10 CARS!) Greenville,Town and City,Roleplay & Avatar Sim,Life,5555,1365511330,2586798,1004920,142379,0.8759,1.8944,0.00189438,0.01430744,2017-06-28,3240,mid,False,,24
2026-05-13,245662005,Jailbreak ,Town and City,Action,Open World Action,5291,7888805833,18552903,5749749,806406,0.877,2.3518,0.0023518,0.01768403,2017-01-06,3413,top,True,2017,25
2026-05-13,65241,Natural Disaster Survival,All,Survival,,4403,4247248724,11565615,4302222,436649,0.9079,2.7231,0.00272308,0.0207422,2008-03-28,6619,top,True,2014,26
2026-05-13,1359573625,Deepwoken [SALE],RPG,RPG,Action RPG,4238,1549920286,1010080,405105,62882,0.8656,0.6517,0.0006517,0.00471167,2019-10-12,2404,mid,False,,27
2026-05-13,47545,🍕Work at a Pizza Place,Town and City,Roleplay & Avatar Sim,Life,4089,5481649555,13316446,3387924,260946,0.9285,2.4293,0.00242928,0.01875783,2008-03-28,6619,established,False,,28
2026-05-13,903807016,Emergency Response: Liberty County,Town and City,Roleplay & Avatar Sim,Life,3916,1487934269,2767815,1147542,114231,0.9095,1.8602,0.00186017,0.01399613,2018-11-01,2749,mid,False,,29
2026-05-13,31970568,Theme Park Tycoon 2,Building,Simulation,Tycoon,3825,1564839051,6022643,2049173,255254,0.8892,3.8487,0.00384873,0.0282335,2012-01-02,5245,established,False,,30
2026-05-13,321778215,Royale🌼High,All,Roleplay & Avatar Sim,Dress Up,3642,10391611941,13274836,3239609,532237,0.8589,1.2775,0.00127746,0.00899764,2017-04-10,3319,top,True,2018,31
2026-05-13,1516533665,Piggy,Horror,Survival,,3377,14184931439,12098385,3981368,431420,0.9022,0.8529,0.0008529,0.00625237,2020-01-23,2302,established,False,,32
2026-05-13,1720936166,[UPD] All Star Tower Defense,All,Strategy,Tower Defense,2642,7800445741,2310588,1481789,129170,0.9198,0.2962,0.00029621,0.00214691,2020-05-07,2197,established,False,,33
2026-05-13,111958650,Arsenal,Fighting,Shooter,Deathmatch Shooter,2583,6203795367,11469372,5093452,658722,0.8855,1.8488,0.00184877,0.01286247,2015-08-18,3921,established,False,,34
2026-05-13,2404080894,[BFDI] Funky Friday,All,Action,Music & Rhythm,1658,1977827822,4076435,1952906,212290,0.902,2.0611,0.00206107,0.01378247,2021-02-26,1901,lower_mid,False,,35
2026-05-13,113491250,Phantom Forces,FPS,Shooter,Deathmatch Shooter,1583,1769671337,5953022,2452461,248390,0.908,3.3639,0.00336391,0.02250499,2015-08-31,3908,established,False,,36
2026-05-13,1008451066,Da Hood,Town and City,Action,Open World Action,1324,2902053794,2985746,1286613,538040,0.7051,1.0288,0.00102884,0.00521547,2019-01-27,2663,established,False,,37
2026-05-13,2316994223,Pet Simulator X! 🐾,All,Simulation,Incremental Simulator,1285,8977851191,5963602,4211359,394842,0.9143,0.6643,0.00066426,0.00434796,2021-01-22,1936,breakout,True,2022,38
2026-05-13,1511883870,Shinobi Life 2,All,RPG,Action RPG,1244,2654774686,3011045,2183232,144236,0.938,1.1342,0.0011342,0.00758239,2020-01-20,2304,established,False,,39
2026-05-13,2471084,🌳 Lumber Tycoon 2,Adventure,Simulation,Tycoon,1217,1295117610,4581208,2012597,282503,0.8769,3.5373,0.00353729,0.0220388,2009-07-30,6131,lower_mid,False,,40
2026-05-13,110181652,Epic Minigames ✨,All,Party & Casual,Minigame,1141,2317123769,8295453,2217669,233496,0.9047,3.5801,0.00358006,0.02280451,2015-07-29,3941,lower_mid,False,,41
2026-05-13,1335695570,⚡Ninja Legends,Fighting,Simulation,Incremental Simulator,740,2144769309,4680496,1605928,130429,0.9249,2.1823,0.00218228,0.01333732,2019-09-22,2424,top,True,2020,42
2026-05-13,1434220026,My Restaurant! 👨‍🍳,All,Simulation,Tycoon,711,882177362,2674148,1079972,98942,0.9161,3.0313,0.0030313,0.01823888,2019-12-06,2350,established,False,,43
2026-05-13,2324662457,[🌑 SHADOW RAID] Anime Fighters,Adventure,Simulation,Incremental Simulator,693,1328407721,1568342,1148566,86699,0.9298,1.1806,0.00118062,0.00718203,2021-01-25,1933,mid,False,,44
2026-05-13,848145103,Dungeon Quest! ⚔️ RPG Adventure,Fighting,RPG,Action RPG,435,2321872097,5822153,1156140,102063,0.9189,2.5075,0.00250753,0.01400362,2018-09-25,2786,mid,False,,45
2026-05-13,83858907,Speed Run 4,Adventure,Obby & Platformer,,377,1725170321,4520590,1027884,364366,0.7383,2.6204,0.00262037,0.01148162,2014-10-20,4222,mid,False,,46
2026-05-13,1424449565,Super Golf!,Sports,Sports & Racing,Sports,276,249356886,965229,311375,79108,0.7974,3.8709,0.00387087,0.0173595,2019-11-29,2357,mid,False,,47
2026-05-13,1168263273,[🎃] Bad Business | FPS ,FPS,Shooter,Deathmatch Shooter,123,546243131,2180729,776785,131298,0.8554,3.9922,0.00399223,0.01646127,2019-05-29,2540,lower_mid,False,,48
2026-05-13,3183403065,[🤹APRIL FOOL'S🤡] AA,All,Strategy,Tower Defense,96,2508069902,1394270,721128,65212,0.9171,0.5559,0.00055591,0.00233224,2021-12-21,1604,established,False,,49
2026-05-13,140239261,🏠 MeepCity 🏠,Town and City,Roleplay & Avatar Sim,,69,16271481263,14757374,2884390,515487,0.8484,0.9069,0.00090695,0.00326895,2016-02-23,3731,top,True,2016,50
2026-05-13,1077961373,Giant Simulator,All,Simulation,Incremental Simulator,30,163578495,588070,175835,32872,0.8425,3.595,0.00359503,0.01040087,2019-03-22,2609,lower_mid,False,,51
2026-05-13,81762198,[Sides] Vehicle Simulator,Town and City,Simulation,Vehicle Sim,9,665766160,3375251,1098954,133133,0.8919,5.0697,0.00506972,0.0104121,2014-08-08,4296,mid,False,,52
2026-05-13,1344222621,malymal91's Place,All,,,0,0,0,0,0,0.0,0.0,0.0,0.0,2019-09-29,2417,mid,False,,53
2026-05-13,67400893,efrenda's Place,All,,,0,0,0,0,0,0.0,0.0,0.0,0.0,2014-01-26,4489,lower_mid,False,,54
2026-05-13,1090335239,aleor3210's Place,All,,,0,0,0,0,0,0.0,0.0,0.0,0.0,2019-03-31,2600,lower_mid,False,,55
2026-05-13,2755335127,####'s Place,All,,,0,0,0,0,0,0.0,0.0,0.0,0.0,2021-07-19,1759,lower_mid,False,,56
2026-05-13,4494776745,chgcchfhcfvggjgvhc's Place,All,,,0,0,0,0,0,0.0,0.0,0.0,0.0,2023-03-19,1150,mid,False,,57
2026-05-13,4747349896,rgost1's Place,All,,,0,0,0,0,0,0.0,0.0,0.0,0.0,2023-06-07,1071,mid,False,,58
2026-05-13,1557606948,ProPro1052's Place,All,,,0,0,0,0,0,0.0,0.0,0.0,0.0,2020-02-17,2276,mid,False,,59
2026-05-13,498598030,puppyluver112232's Place,All,,,0,0,0,0,0,0.0,0.0,0.0,0.0,2017-12-05,3080,mid,False,,60
2026-05-14,1686885941,Brookhaven 🏡RP,Town and City,Roleplay & Avatar Sim,Life,396812,82325170415,27571365,8063755,1321614,0.8592,0.3349,0.00033491,0.00370942,2020-04-21,2214,top,True,2020,1
2026-05-14,994732206,Blox Fruits,Adventure,RPG,Action RPG,287736,61401245722,18812070,12078946,1037410,0.9209,0.3064,0.00030638,0.00354653,2019-01-16,2675,top,True,2021,2
2026-05-14,6035872082,RIVALS,FPS,Shooter,Deathmatch Shooter,245009,14788601675,74415499,9440917,586194,0.9415,5.0319,0.00503195,0.05879134,2024-05-26,717,breakout,True,2025,3
2026-05-14,383310974,[🍣] Adopt Me!,RPG,Roleplay & Avatar Sim,Pet Care,236470,43474885140,29007453,9101906,1501527,0.8584,0.6672,0.00066722,0.00708684,2017-07-14,3225,top,True,2019,4
2026-05-14,66654135,Murder Mystery 2,Horror,Survival,1 vs All,142098,25603452783,21974253,9602137,972871,0.908,0.8583,0.00085825,0.00924579,2014-01-18,4499,top,True,2017,5
2026-05-14,3808081382,The Strongest Battlegrounds,Fighting,Action,Battlegrounds & Fighting,84330,17879630165,6905891,4983954,964390,0.8379,0.3862,0.00038624,0.00367069,2022-08-02,1381,breakout,True,2024,6
2026-05-14,5361032378,Sol's RNG [ Eon 1 - 21🪐],All,Simulation,Incremental Simulator,66995,1853928845,940211,1323194,130261,0.9104,0.5071,0.00050715,0.00513052,2023-12-03,893,breakout,True,2025,7
2026-05-14,5750914919,Fisch 🌀 [ENCHANT UPDATE],Adventure,Simulation,,45410,4445730477,3343917,2833554,301201,0.9039,0.7522,0.00075216,0.00729083,2024-03-13,791,breakout,True,2025,8
2026-05-14,601130232,Bee Swarm Simulator,Adventure,Simulation,Incremental Simulator,25988,4403023765,6435078,2968452,138250,0.9555,1.4615,0.00146151,0.01419577,2018-03-21,2975,top,True,2018,9
2026-05-14,1831550657,🐲 Creatures of Sonaria 💜 Survive Kaiju Animals,All,Roleplay & Avatar Sim,Animal Sim,24934,1965091457,9916951,1317812,108461,0.924,5.0466,0.00504656,0.04720625,2020-06-25,2148,lower_mid,False,,10
2026-05-14,5650396773,a dusty trip [🚗CAR],Adventure,Adventure,,14588,2303684571,2033216,1951410,213530,0.9014,0.8826,0.00088259,0.00762768,2024-02-16,817,mid,False,,11
2026-05-14,3317679266,PLS DONATE 💸,All,Social,,14056,5075994791,4262086,3593337,263282,0.9317,0.8397,0.00083966,0.00747198,2022-02-05,1558,breakout,True,2024,12
2026-05-14,4777817887,Blade Ball,Fighting,Action,Battlegrounds & Fighting,13371,6148740455,12399744,8166038,564045,0.9354,2.0166,0.00201663,0.01792195,2023-06-17,1062,breakout,True,2024,13
2026-05-14,88070565,[🥐] Welcome to Bloxburg 🏡,Town and City,Roleplay & Avatar Sim,Life,12931,9922894830,13864362,5571269,733356,0.8837,1.3972,0.00139721,0.01168934,2014-11-04,4209,established,False,,14
2026-05-14,210851291,Build A Boat For Treasure,Adventure,Simulation,Sandbox,12521,5000394196,8333859,3552012,254192,0.9332,1.6666,0.00166664,0.01467497,2016-11-02,3479,top,True,2017,15
2026-05-14,1235188606,[GUILD WARS ⚔️] Dragon Adventures 🐉,Adventure,RPG,,9198,1588877995,13173619,1060790,75756,0.9333,8.2911,0.00829115,0.07062816,2019-07-15,2494,mid,False,,16
2026-05-14,2440500124,DOORS 👁️,Adventure,Survival,Escape,8564,7368629450,7797452,4509829,344155,0.9291,1.0582,0.0010582,0.00890302,2021-03-14,1887,breakout,True,2022,17
2026-05-14,372226183,Flee the Facility,Horror,Survival,1 vs All,7637,5595802625,9466411,2662659,231104,0.9201,1.6917,0.0016917,0.01391734,2017-07-01,3239,lower_mid,False,,18
2026-05-14,245662005,Jailbreak ,Town and City,Action,Open World Action,5217,7889512124,18553276,5749999,806415,0.877,2.3516,0.00235164,0.01765383,2017-01-06,3414,top,True,2017,19
2026-05-14,31970568,Theme Park Tycoon 2,Building,Simulation,Tycoon,4922,1565111092,6023012,2049329,255252,0.8892,3.8483,0.0038483,0.02909328,2012-01-02,5246,established,False,,20
2026-05-14,65241,Natural Disaster Survival,All,Survival,,4707,4248399434,11566829,4302689,436733,0.9079,2.7226,0.00272263,0.02090359,2008-03-28,6620,top,True,2014,21
2026-05-14,1359573625,Deepwoken [SALE],RPG,RPG,Action RPG,4608,1550625063,1010347,405251,62922,0.8656,0.6516,0.00065157,0.0047578,2019-10-12,2405,mid,False,,22
2026-05-14,47545,🍕Work at a Pizza Place,Town and City,Roleplay & Avatar Sim,Life,4205,5482131245,13317494,3388253,260957,0.9285,2.4293,0.00242925,0.01882081,2008-03-28,6620,established,False,,23
2026-05-14,321778215,Royale🌼High,All,Roleplay & Avatar Sim,Dress Up,3921,10391921061,13275006,3239705,532255,0.8589,1.2774,0.00127744,0.00907845,2017-04-10,3320,top,True,2018,24
2026-05-14,1516533665,Piggy,Horror,Survival,,3765,14185702771,12098901,3981712,431434,0.9022,0.8529,0.00085289,0.006336,2020-01-23,2303,established,False,,25
2026-05-14,111958650,Arsenal,Fighting,Shooter,Deathmatch Shooter,2810,6204363834,11469531,5093607,658746,0.8855,1.8486,0.00184862,0.01299929,2015-08-18,3922,established,False,,26
2026-05-14,1720936166,[UPD] All Star Tower Defense,All,Strategy,Tower Defense,2547,7800942477,2310599,1481828,129170,0.9198,0.2962,0.00029619,0.00213681,2020-05-07,2198,established,False,,27
2026-05-14,113491250,Phantom Forces,FPS,Shooter,Deathmatch Shooter,1721,1769867222,5953159,2452515,248416,0.908,3.3636,0.00336362,0.02275798,2015-08-31,3909,established,False,,28
2026-05-14,2404080894,[BFDI] Funky Friday,All,Action,Music & Rhythm,1711,1978088053,4076674,1953052,212298,0.902,2.0609,0.00206092,0.01383997,2021-02-26,1902,lower_mid,False,,29
2026-05-14,1008451066,Da Hood,Town and City,Action,Open World Action,1623,2902276319,2985791,1286658,538063,0.7051,1.0288,0.00102878,0.00536275,2019-01-27,2664,established,False,,30
2026-05-14,110181652,Epic Minigames ✨,All,Party & Casual,Minigame,1568,2317334170,8297012,2218012,233507,0.9048,3.5804,0.00358041,0.02383597,2015-07-29,3942,lower_mid,False,,31
2026-05-14,1511883870,Shinobi Life 2,All,RPG,Action RPG,1468,2654881869,3011132,2183338,144238,0.938,1.1342,0.00113419,0.00775833,2020-01-20,2305,established,False,,32
2026-05-14,2316994223,Pet Simulator X! 🐾,All,Simulation,Incremental Simulator,1438,8977971708,5963635,4211438,394838,0.9143,0.6643,0.00066425,0.00441621,2021-01-22,1937,breakout,True,2022,33
2026-05-14,2471084,🌳 Lumber Tycoon 2,Adventure,Simulation,Tycoon,1216,1295207446,4581313,2012658,282508,0.8769,3.5371,0.00353713,0.02203526,2009-07-30,6132,lower_mid,False,,34
2026-05-14,1335695570,⚡Ninja Legends,Fighting,Simulation,Incremental Simulator,828,2144846272,4680602,1606008,130434,0.9249,2.1823,0.00218226,0.01356365,2019-09-22,2425,top,True,2020,35
2026-05-14,1434220026,My Restaurant! 👨‍🍳,All,Simulation,Tycoon,809,882227563,2674273,1080059,98940,0.9161,3.0313,0.00303127,0.01859695,2019-12-06,2351,established,False,,36
2026-05-14,83858907,Speed Run 4,Adventure,Obby & Platformer,,422,1725255779,4520725,1027916,364386,0.7383,2.6203,0.00262032,0.01169891,2014-10-20,4223,mid,False,,37
2026-05-14,1424449565,Super Golf!,Sports,Sports & Racing,Sports,296,249400907,965366,311401,79112,0.7974,3.8707,0.00387074,0.0175742,2019-11-29,2358,mid,False,,38
2026-05-14,3183403065,[🤹APRIL FOOL'S🤡] AA,All,Strategy,Tower Defense,141,2508082319,1394244,721136,65214,0.9171,0.5559,0.0005559,0.00252647,2021-12-21,1605,established,False,,39
2026-05-14,140239261,🏠 MeepCity 🏠,Town and City,Roleplay & Avatar Sim,,43,16271511293,14757372,2884412,515504,0.8484,0.9069,0.00090695,0.00291168,2016-02-23,3732,top,True,2016,40
2026-05-14,81762198,[Sides] Vehicle Simulator,Town and City,Simulation,Vehicle Sim,9,665768282,3375240,1098957,133133,0.8919,5.0697,0.00506969,0.01041203,2014-08-08,4297,mid,False,,41
2026-05-14,1344222621,malymal91's Place,All,,,0,0,0,0,0,0.0,0.0,0.0,0.0,2019-09-29,2418,mid,False,,42
2026-05-14,67400893,efrenda's Place,All,,,0,0,0,0,0,0.0,0.0,0.0,0.0,2014-01-26,4490,lower_mid,False,,43
2026-05-14,1090335239,aleor3210's Place,All,,,0,0,0,0,0,0.0,0.0,0.0,0.0,2019-03-31,2601,lower_mid,False,,44
2026-05-14,2755335127,####'s Place,All,,,0,0,0,0,0,0.0,0.0,0.0,0.0,2021-07-19,1760,lower_mid,False,,45
2026-05-14,4494776745,chgcchfhcfvggjgvhc's Place,All,,,0,0,0,0,0,0.0,0.0,0.0,0.0,2023-03-19,1151,mid,False,,46
2026-05-14,4747349896,rgost1's Place,All,,,0,0,0,0,0,0.0,0.0,0.0,0.0,2023-06-07,1072,mid,False,,47
2026-05-14,1557606948,ProPro1052's Place,All,,,0,0,0,0,0,0.0,0.0,0.0,0.0,2020-02-17,2277,mid,False,,48
2026-05-15,1686885941,Brookhaven 🏡RP,Town and City,Roleplay & Avatar Sim,Life,402833,82361677552,27586933,8066865,1322077,0.8592,0.3349,0.00033495,0.00371422,2020-04-21,2215,top,True,2020,1
2026-05-15,994732206,Blox Fruits,Adventure,RPG,Action RPG,287645,61422310150,18820224,12082546,1037528,0.9209,0.3064,0.00030641,0.00354681,2019-01-16,2676,top,True,2021,2
2026-05-15,383310974,[🍣] Adopt Me!,RPG,Roleplay & Avatar Sim,Pet Care,277482,43483404508,29012357,9104359,1501576,0.8584,0.6672,0.00066721,0.00717848,2017-07-14,3226,top,True,2019,3
2026-05-15,6035872082,RIVALS,FPS,Shooter,Deathmatch Shooter,277452,14816400942,74548450,9450603,586778,0.9415,5.0315,0.00503148,0.05937507,2024-05-26,718,breakout,True,2025,4
2026-05-15,66654135,Murder Mystery 2,Horror,Survival,1 vs All,143794,25621811599,21983642,9605585,973217,0.908,0.858,0.000858,0.00925236,2014-01-18,4500,top,True,2017,5
2026-05-15,3808081382,The Strongest Battlegrounds,Fighting,Action,Battlegrounds & Fighting,88370,17891735638,6913644,4987836,964332,0.838,0.3864,0.00038642,0.00368798,2022-08-02,1382,breakout,True,2024,6
2026-05-15,5361032378,Sol's RNG [ Eon 1 - 21🪐],All,Simulation,Incremental Simulator,65592,1856658005,941456,1324686,130276,0.9105,0.5071,0.00050707,0.00512046,2023-12-03,894,breakout,True,2025,7
2026-05-15,5750914919,Fisch 🌀 [ENCHANT UPDATE],Adventure,Simulation,,45733,4448213656,3346456,2834512,301226,0.9039,0.7523,0.00075231,0.0072973,2024-03-13,792,breakout,True,2025,8
2026-05-15,1831550657,🐲 Creatures of Sonaria 💜 Survive Kaiju Animals,All,Roleplay & Avatar Sim,Animal Sim,24483,1966775230,9923883,1318411,108493,0.924,5.0458,0.00504576,0.04711428,2020-06-25,2149,lower_mid,False,,9
2026-05-15,601130232,Bee Swarm Simulator,Adventure,Simulation,Incremental Simulator,24188,4404911241,6435429,2968760,138253,0.9555,1.461,0.00146097,0.01409032,2018-03-21,2976,top,True,2018,10
2026-05-15,3317679266,PLS DONATE 💸,All,Social,,14555,5078384243,4264213,3594554,263364,0.9317,0.8397,0.00083968,0.00749949,2022-02-05,1559,breakout,True,2024,11
2026-05-15,4777817887,Blade Ball,Fighting,Action,Battlegrounds & Fighting,13494,6150440814,12403424,8167655,564142,0.9354,2.0167,0.00201667,0.01793961,2023-06-17,1063,breakout,True,2024,12
2026-05-15,88070565,[🥐] Welcome to Bloxburg 🏡,Town and City,Roleplay & Avatar Sim,Life,13213,9924051039,13864995,5571615,733370,0.8837,1.3971,0.00139711,0.0117152,2014-11-04,4210,established,False,,13
2026-05-15,210851291,Build A Boat For Treasure,Adventure,Simulation,Sandbox,12992,5001384519,8334722,3552459,254214,0.9332,1.6665,0.00166648,0.01473105,2016-11-02,3480,top,True,2017,14
2026-05-15,5650396773,a dusty trip [🚗CAR],Adventure,Adventure,,12319,2305476976,2035143,1952061,213604,0.9014,0.8827,0.00088274,0.00749446,2024-02-16,818,mid,False,,15
2026-05-15,2440500124,DOORS 👁️,Adventure,Survival,Escape,9056,7370155675,7798909,4510501,344190,0.9291,1.0582,0.00105817,0.00895778,2021-03-14,1888,breakout,True,2022,16
2026-05-15,1235188606,[GUILD WARS ⚔️] Dragon Adventures 🐉,Adventure,RPG,,8778,1589654213,13181136,1061151,75764,0.9334,8.2918,0.00829183,0.07027338,2019-07-15,2495,mid,False,,17
2026-05-15,372226183,Flee the Facility,Horror,Survival,1 vs All,8016,5597730064,9467414,2663152,231138,0.9201,1.6913,0.0016913,0.01398943,2017-07-01,3240,lower_mid,False,,18
2026-05-15,65241,Natural Disaster Survival,All,Survival,,5226,4249658056,11568172,4303164,436788,0.9078,2.7221,0.00272214,0.02115823,2008-03-28,6621,top,True,2014,19
2026-05-15,245662005,Jailbreak ,Town and City,Action,Open World Action,5191,7890209413,18553655,5750240,806425,0.877,2.3515,0.00235148,0.0176424,2017-01-06,3415,top,True,2017,20
2026-05-15,31970568,Theme Park Tycoon 2,Building,Simulation,Tycoon,5054,1565401519,6023422,2049502,255260,0.8892,3.8478,0.00384784,0.02918057,2012-01-02,5247,established,False,,21
2026-05-15,1359573625,Deepwoken [SALE],RPG,RPG,Action RPG,4588,1551346345,1010567,405413,62943,0.8656,0.6514,0.00065141,0.00475421,2019-10-12,2406,mid,False,,22
2026-05-15,47545,🍕Work at a Pizza Place,Town and City,Roleplay & Avatar Sim,Life,4584,5482648419,13318526,3388563,260967,0.9285,2.4292,0.00242921,0.01901516,2008-03-28,6621,established,False,,23
2026-05-15,321778215,Royale🌼High,All,Roleplay & Avatar Sim,Dress Up,4054,10392243695,13275177,3239810,532260,0.8589,1.2774,0.00127741,0.0091149,2017-04-10,3321,top,True,2018,24
2026-05-15,1516533665,Piggy,Horror,Survival,,4046,14186533517,12099432,3982046,431437,0.9022,0.8529,0.00085288,0.00639133,2020-01-23,2304,established,False,,25
2026-05-15,111958650,Arsenal,Fighting,Shooter,Deathmatch Shooter,2830,6204960002,11469698,5093763,658778,0.8855,1.8485,0.00184847,0.01300981,2015-08-18,3923,established,False,,26
2026-05-15,1720936166,[UPD] All Star Tower Defense,All,Strategy,Tower Defense,2446,7801409939,2310626,1481864,129172,0.9198,0.2962,0.00029618,0.00212569,2020-05-07,2199,established,False,,27
2026-05-15,2404080894,[BFDI] Funky Friday,All,Action,Music & Rhythm,1823,1978363274,4076958,1953205,212308,0.902,2.0608,0.00206077,0.01395684,2021-02-26,1903,lower_mid,False,,28
2026-05-15,113491250,Phantom Forces,FPS,Shooter,Deathmatch Shooter,1710,1770067331,5953314,2452590,248438,0.908,3.3633,0.00336333,0.0227363,2015-08-31,3910,established,False,,29
2026-05-15,2316994223,Pet Simulator X! 🐾,All,Simulation,Incremental Simulator,1634,8978103700,5963638,4211513,394842,0.9143,0.6642,0.00066424,0.0044937,2021-01-22,1938,breakout,True,2022,30
2026-05-15,1008451066,Da Hood,Town and City,Action,Open World Action,1575,2902534386,2985868,1286735,538088,0.7051,1.0287,0.00102871,0.00534067,2019-01-27,2665,established,False,,31
2026-05-15,1511883870,Shinobi Life 2,All,RPG,Action RPG,1540,2654992982,3011215,2183428,144244,0.938,1.1342,0.00113417,0.00780913,2020-01-20,2306,established,False,,32
2026-05-15,2471084,🌳 Lumber Tycoon 2,Adventure,Simulation,Tycoon,1220,1295294681,4581432,2012719,282519,0.8769,3.537,0.00353698,0.02204451,2009-07-30,6133,lower_mid,False,,33
2026-05-15,110181652,Epic Minigames ✨,All,Party & Casual,Minigame,1205,2317573385,8298979,2218416,233534,0.9048,3.5809,0.00358089,0.02298682,2015-07-29,3943,lower_mid,False,,34
2026-05-15,1335695570,⚡Ninja Legends,Fighting,Simulation,Incremental Simulator,915,2144929203,4680730,1606090,130439,0.9249,2.1822,0.00218223,0.01376493,2019-09-22,2426,top,True,2020,35
2026-05-15,1434220026,My Restaurant! 👨‍🍳,All,Simulation,Tycoon,814,882279844,2674355,1080152,98940,0.9161,3.0312,0.00303119,0.01861364,2019-12-06,2352,established,False,,36
2026-05-15,83858907,Speed Run 4,Adventure,Obby & Platformer,,494,1725358338,4520900,1027963,364415,0.7383,2.6203,0.00262027,0.01200264,2014-10-20,4224,mid,False,,37
2026-05-15,1424449565,Super Golf!,Sports,Sports & Racing,Sports,252,249446429,965477,311433,79117,0.7974,3.8705,0.00387048,0.01707827,2019-11-29,2359,mid,False,,38
2026-05-15,3183403065,[🤹APRIL FOOL'S🤡] AA,All,Strategy,Tower Defense,135,2508096147,1394202,721140,65216,0.9171,0.5559,0.00055588,0.00250437,2021-12-21,1606,established,False,,39
2026-05-15,140239261,🏠 MeepCity 🏠,Town and City,Roleplay & Avatar Sim,,64,16271544255,14757307,2884441,515522,0.8484,0.9069,0.00090694,0.00321187,2016-02-23,3733,top,True,2016,40
2026-05-15,81762198,[Sides] Vehicle Simulator,Town and City,Simulation,Vehicle Sim,8,665770357,3375222,1098958,133134,0.8919,5.0696,0.00506965,0.00993551,2014-08-08,4298,mid,False,,41
2026-05-15,1344222621,malymal91's Place,All,,,0,0,0,0,0,0.0,0.0,0.0,0.0,2019-09-29,2419,mid,False,,42
2026-05-15,67400893,efrenda's Place,All,,,0,0,0,0,0,0.0,0.0,0.0,0.0,2014-01-26,4491,lower_mid,False,,43
2026-05-15,1090335239,aleor3210's Place,All,,,0,0,0,0,0,0.0,0.0,0.0,0.0,2019-03-31,2602,lower_mid,False,,44
2026-05-15,2755335127,####'s Place,All,,,0,0,0,0,0,0.0,0.0,0.0,0.0,2021-07-19,1761,lower_mid,False,,45
2026-05-15,4494776745,chgcchfhcfvggjgvhc's Place,All,,,0,0,0,0,0,0.0,0.0,0.0,0.0,2023-03-19,1152,mid,False,,46
2026-05-15,4747349896,rgost1's Place,All,,,0,0,0,0,0,0.0,0.0,0.0,0.0,2023-06-07,1073,mid,False,,47
2026-05-15,1557606948,ProPro1052's Place,All,,,0,0,0,0,0,0.0,0.0,0.0,0.0,2020-02-17,2278,mid,False,,48
2026-05-16,1686885941,Brookhaven 🏡RP,Town and City,Roleplay & Avatar Sim,Life,525960,82406497859,27607048,8071133,1322678,0.8592,0.335,0.00033501,0.00379171,2020-04-21,2216,top,True,2020,1
2026-05-16,994732206,Blox Fruits,Adventure,RPG,Action RPG,324457,61445540338,18830192,12086465,1037700,0.9209,0.3065,0.00030645,0.00358138,2019-01-16,2677,top,True,2021,2
2026-05-16,6035872082,RIVALS,FPS,Shooter,Deathmatch Shooter,312967,14850911739,74712992,9461037,587786,0.9415,5.0309,0.00503087,0.05993623,2024-05-26,719,breakout,True,2025,3
2026-05-16,7326934954,99 Nights in the Forest 🔦,All,Survival,,288134,26631346874,7557672,4855037,508093,0.9053,0.2838,0.00028379,0.00322957,2025-03-04,438,breakout,True,2026,4
2026-05-16,383310974,[🧙] Adopt Me!,RPG,Roleplay & Avatar Sim,Pet Care,267960,43493489326,29018408,9106971,1501651,0.8584,0.6672,0.00066719,0.00715856,2017-07-14,3227,top,True,2019,5
2026-05-16,66654135,Murder Mystery 2,Horror,Survival,1 vs All,162707,25641606592,21994862,9609287,973601,0.908,0.8578,0.00085778,0.00934617,2014-01-18,4500,top,True,2017,6
2026-05-16,3808081382,The Strongest Battlegrounds,Fighting,Action,Battlegrounds & Fighting,113483,17906552625,6928765,4995206,963842,0.8383,0.3869,0.00038694,0.0037753,2022-08-02,1383,breakout,True,2024,7
2026-05-16,5361032378,Sol's RNG [ Eon 1 - 21🪐],All,Simulation,Incremental Simulator,100514,1859701565,942984,1326444,130305,0.9106,0.5071,0.00050706,0.00531796,2023-12-03,895,breakout,True,2025,8
2026-05-16,7436755782,[🐝] Grow a Garden 🌶️,All,Simulation,Tycoon,92811,35345408899,10941089,9280811,1043295,0.8989,0.3095,0.00030955,0.00318291,2025-03-25,416,breakout,True,2025,9
2026-05-16,5750914919,Fisch 🌀 [ENCHANT UPDATE],Adventure,Simulation,,56320,4451006377,3350079,2835691,301225,0.904,0.7527,0.00075266,0.00744258,2024-03-13,793,breakout,True,2025,10
2026-05-16,1831550657,🌊 Creatures of Sonaria 🦑 Survive Kaiju Animals,All,Roleplay & Avatar Sim,Animal Sim,33701,1969292717,9933779,1319296,108530,0.924,5.0443,0.00504434,0.04859149,2020-06-25,2150,lower_mid,False,,11
2026-05-16,7018190066,Dead Rails [ENDLESS],All,Adventure,Exploration,31002,6288133898,5720912,3270507,258028,0.9269,0.9098,0.00090979,0.00872091,2025-01-01,499,breakout,True,2025,12
2026-05-16,601130232,Bee Swarm Simulator,Adventure,Simulation,Incremental Simulator,25981,4406601678,6436674,2969105,138272,0.9555,1.4607,0.00146069,0.01418742,2018-03-21,2977,top,True,2018,13
2026-05-16,210851291,Build A Boat For Treasure,Adventure,Simulation,Sandbox,16988,5002591002,8335725,3553027,254222,0.9332,1.6663,0.00166628,0.01514638,2016-11-02,3481,top,True,2017,14
2026-05-16,88070565,[🥐] Welcome to Bloxburg 🏡,Town and City,Roleplay & Avatar Sim,Life,16965,9925289764,13865724,5572030,733359,0.8837,1.397,0.00139701,0.01202303,2014-11-04,4211,established,False,,15
2026-05-16,3317679266,PLS DONATE 💸,All,Social,,16571,5081057096,4266657,3596003,263473,0.9317,0.8397,0.00083972,0.00760132,2022-02-05,1560,breakout,True,2024,16
2026-05-16,5650396773,a dusty trip [🚗CAR],Adventure,Adventure,,15897,2307325231,2037060,1952770,213678,0.9014,0.8829,0.00088287,0.00769842,2024-02-16,819,mid,False,,17
2026-05-16,4777817887,Blade Ball,Fighting,Action,Battlegrounds & Fighting,15366,6152333990,12407338,8169492,564282,0.9354,2.0167,0.00201669,0.01818477,2023-06-17,1064,breakout,True,2024,18
2026-05-16,1235188606,[🔥PHOENIX] Dragon Adventures 🐉,Adventure,RPG,,13043,1590773837,13190191,1061587,75786,0.9334,8.2917,0.00829168,0.07333718,2019-07-15,2496,mid,False,,19
2026-05-16,2440500124,DOORS 👁️,Adventure,Survival,Escape,12322,7372076993,7801847,4511382,344228,0.9291,1.0583,0.0010583,0.00926165,2021-03-14,1889,breakout,True,2022,20
2026-05-16,1176784616,[🟢 NEW TOWER] Tower Defense Simulator,All,Strategy,Tower Defense,11473,4686561172,3395088,1989351,126001,0.9404,0.7244,0.00072443,0.00636849,2019-06-05,2537,established,False,,21
2026-05-16,372226183,Flee the Facility,Horror,Survival,1 vs All,8602,5599880406,9468643,2663698,231186,0.9201,1.6909,0.00169087,0.01409563,2017-07-01,3241,lower_mid,False,,22
2026-05-16,73885730,Prison Life,Town and City,Action,Open World Action,7205,2894850705,5849110,1490153,260076,0.8514,2.0205,0.00202052,0.01528069,2014-05-02,4397,established,False,,23
2026-05-16,245662005,Jailbreak ,Town and City,Action,Open World Action,6885,7890979111,18554960,5750500,806446,0.877,2.3514,0.00235141,0.01822427,2017-01-06,3416,top,True,2017,24
2026-05-16,903807016,Emergency Response: Liberty County,Town and City,Roleplay & Avatar Sim,Life,6410,1490021220,2769502,1148137,114376,0.9094,1.8587,0.0018587,0.01481689,2018-11-01,2752,mid,False,,25
2026-05-16,31970568,Theme Park Tycoon 2,Building,Simulation,Tycoon,6247,1565729579,6023869,2049686,255272,0.8893,3.8473,0.00384732,0.02990166,2012-01-02,5248,established,False,,26
2026-05-16,1359573625,Deepwoken [SALE],RPG,RPG,Action RPG,6084,1552230838,1010858,405589,62965,0.8656,0.6512,0.00065123,0.00491199,2019-10-12,2407,mid,False,,27
2026-05-16,371263894,(🧼CAR WASH + 10 CARS!) Greenville,Town and City,Roleplay & Avatar Sim,Life,6083,1367503159,2588590,1005998,142452,0.876,1.8929,0.00189293,0.01444803,2017-06-28,3243,mid,False,,28
2026-05-16,65241,Natural Disaster Survival,All,Survival,,5841,4251083932,11570630,4303748,436842,0.9079,2.7218,0.00272181,0.02143051,2008-03-28,6622,top,True,2014,29
2026-05-16,47545,🍕Work at a Pizza Place,Town and City,Roleplay & Avatar Sim,Life,5791,5483260190,13319846,3388959,260975,0.9285,2.4292,0.00242918,0.01954212,2008-03-28,6622,established,False,,30
2026-05-16,1516533665,Piggy,Horror,Survival,,5679,14187535050,12100928,3982460,431454,0.9023,0.8529,0.00085293,0.00665257,2020-01-23,2305,established,False,,31
2026-05-16,321778215,Royale🌼High,All,Roleplay & Avatar Sim,Dress Up,5013,10392592108,13275375,3239953,532266,0.8589,1.2774,0.00127739,0.00934768,2017-04-10,3322,top,True,2018,32
2026-05-16,111958650,Arsenal,Fighting,Shooter,Deathmatch Shooter,3378,6205630178,11470667,5093971,658827,0.8855,1.8484,0.00184843,0.01329907,2015-08-18,3924,established,False,,33
2026-05-16,1720936166,[UPD] All Star Tower Defense,All,Strategy,Tower Defense,2614,7801922622,2310611,1481899,129173,0.9198,0.2962,0.00029616,0.00214363,2020-05-07,2200,established,False,,34
2026-05-16,2404080894,[SALE] Funky Friday,All,Action,Music & Rhythm,2384,1978690200,4077311,1953392,212308,0.902,2.0606,0.00206061,0.01445429,2021-02-26,1904,lower_mid,False,,35
2026-05-16,1008451066,Da Hood,Town and City,Action,Open World Action,1901,2902802504,2985905,1286793,538109,0.7051,1.0286,0.00102863,0.00547662,2019-01-27,2666,established,False,,36
2026-05-16,2471084,🌳 Lumber Tycoon 2,Adventure,Simulation,Tycoon,1842,1295395818,4582335,2012780,282526,0.8769,3.5374,0.0035374,0.02332431,2009-07-30,6133,lower_mid,False,,37
2026-05-16,113491250,Phantom Forces,FPS,Shooter,Deathmatch Shooter,1830,1770275521,5953557,2452679,248455,0.908,3.3631,0.00336307,0.02294148,2015-08-31,3911,established,False,,38
2026-05-16,1511883870,Shinobi Life 2,All,RPG,Action RPG,1767,2655121543,3011324,2183546,144253,0.938,1.1342,0.00113416,0.00795522,2020-01-20,2307,established,False,,39
2026-05-16,2316994223,Pet Simulator X! 🐾,All,Simulation,Incremental Simulator,1750,8978241478,5964432,4211582,394846,0.9143,0.6643,0.00066432,0.00453586,2021-01-22,1939,breakout,True,2022,40
2026-05-16,110181652,Epic Minigames ✨,All,Party & Casual,Minigame,1408,2317792498,8300430,2218799,233550,0.9048,3.5812,0.00358118,0.02349296,2015-07-29,3944,lower_mid,False,,41
2026-05-16,1335695570,⚡Ninja Legends,Fighting,Simulation,Incremental Simulator,1222,2145028910,4681673,1606185,130441,0.9249,2.1826,0.00218257,0.01435058,2019-09-22,2427,top,True,2020,42
2026-05-16,1434220026,My Restaurant! 👨‍🍳,All,Simulation,Tycoon,954,882340087,2674431,1080218,98939,0.9161,3.0311,0.00303107,0.01905319,2019-12-06,2353,established,False,,43
2026-05-16,2324662457,[🌑 SHADOW RAID] Anime Fighters,Adventure,Simulation,Incremental Simulator,747,1328496728,1568305,1148626,86703,0.9298,1.1805,0.00118051,0.00726363,2021-01-25,1936,mid,False,,44
2026-05-16,848145103,Dungeon Quest! ⚔️ RPG Adventure,Fighting,RPG,Action RPG,602,2322084372,5823525,1156223,102069,0.9189,2.5079,0.00250789,0.01475293,2018-09-25,2789,mid,False,,45
2026-05-16,83858907,Speed Run 4,Adventure,Obby & Platformer,,550,1725473216,4521065,1028004,364449,0.7383,2.6202,0.00262019,0.01220943,2014-10-20,4225,mid,False,,46
2026-05-16,1424449565,Super Golf!,Sports,Sports & Racing,Sports,356,249502830,965664,311469,79126,0.7974,3.8704,0.00387035,0.01814048,2019-11-29,2360,mid,False,,47
2026-05-16,1168263273,[🎃] Bad Business | FPS ,FPS,Shooter,Deathmatch Shooter,160,546311658,2181571,776820,131307,0.8554,3.9933,0.00399327,0.01735747,2019-05-29,2543,lower_mid,False,,48
2026-05-16,3183403065,[🤹APRIL FOOL'S🤡] AA,All,Strategy,Tower Defense,142,2508110103,1394146,721145,65217,0.9171,0.5559,0.00055586,0.00252984,2021-12-21,1607,established,False,,49
2026-05-16,140239261,🏠 MeepCity 🏠,Town and City,Roleplay & Avatar Sim,,70,16271581281,14758068,2884464,515542,0.8484,0.907,0.00090698,0.00327996,2016-02-23,3734,top,True,2016,50
2026-05-16,81762198,[Sides] Vehicle Simulator,Town and City,Simulation,Vehicle Sim,9,665772563,3375203,1098962,133134,0.8919,5.0696,0.0050696,0.01041185,2014-08-08,4299,mid,False,,51
2026-05-16,1344222621,malymal91's Place,All,,,0,0,0,0,0,0.0,0.0,0.0,0.0,2019-09-29,2420,mid,False,,52
2026-05-16,67400893,efrenda's Place,All,,,0,0,0,0,0,0.0,0.0,0.0,0.0,2014-01-26,4492,lower_mid,False,,53
2026-05-16,1090335239,aleor3210's Place,All,,,0,0,0,0,0,0.0,0.0,0.0,0.0,2019-03-31,2603,lower_mid,False,,54
2026-05-16,2755335127,####'s Place,All,,,0,0,0,0,0,0.0,0.0,0.0,0.0,2021-07-19,1762,lower_mid,False,,55
2026-05-16,4494776745,chgcchfhcfvggjgvhc's Place,All,,,0,0,0,0,0,0.0,0.0,0.0,0.0,2023-03-19,1153,mid,False,,56
2026-05-16,4747349896,rgost1's Place,All,,,0,0,0,0,0,0.0,0.0,0.0,0.0,2023-06-07,1074,mid,False,,57
2026-05-16,1557606948,ProPro1052's Place,All,,,0,0,0,0,0,0.0,0.0,0.0,0.0,2020-02-17,2279,mid,False,,58
2026-05-17,1686885941,Brookhaven 🏡RP,Town and City,Roleplay & Avatar Sim,Life,508162,82457309235,27628837,8075910,1323395,0.8592,0.3351,0.00033507,0.00378248,2020-04-21,2217,top,True,2020,1
2026-05-17,3808081382,[TECH PRODIGY] The Strongest Battlegrounds,Fighting,Action,Battlegrounds & Fighting,326136,17955882281,7047194,5030648,959053,0.8399,0.3925,0.00039247,0.00418469,2022-08-02,1384,breakout,True,2024,2
2026-05-17,994732206,Blox Fruits,Adventure,RPG,Action RPG,325587,61471758361,18840646,12091190,1037862,0.9209,0.3065,0.00030649,0.00358289,2019-01-16,2678,top,True,2021,3
2026-05-17,6035872082,RIVALS,FPS,Shooter,Deathmatch Shooter,307849,14890762082,74938324,9474355,589216,0.9415,5.0325,0.00503254,0.05987441,2024-05-26,720,breakout,True,2025,4
2026-05-17,383310974,[😻] Adopt Me!,RPG,Roleplay & Avatar Sim,Pet Care,286912,43506075579,29024312,9110583,1501747,0.8585,0.6671,0.00066713,0.00719742,2017-07-14,3228,top,True,2019,5
2026-05-17,66654135,Murder Mystery 2,Horror,Survival,1 vs All,171193,25664625484,22007103,9613864,974021,0.908,0.8575,0.00085749,0.00938261,2014-01-18,4502,top,True,2017,6
2026-05-17,5361032378,Sol's RNG [ Eon 1 - 21🪐],All,Simulation,Incremental Simulator,66942,1862718876,944533,1328042,130354,0.9106,0.5071,0.00050707,0.00513077,2023-12-03,896,breakout,True,2025,7
2026-05-17,5750914919,Fisch 🐋 [HUMPBACK],Adventure,Simulation,,60726,4456007997,3353317,2837736,301228,0.904,0.7525,0.00075254,0.00749316,2024-03-13,794,breakout,True,2025,8
2026-05-17,1831550657,🌊 Creatures of Sonaria 🦑 Survive Kaiju Animals,All,Roleplay & Avatar Sim,Animal Sim,31756,1971920384,9946050,1320326,108607,0.924,5.0438,0.00504384,0.04830991,2020-06-25,2151,lower_mid,False,,9
2026-05-17,601130232,Bee Swarm Simulator,Adventure,Simulation,Incremental Simulator,26389,4408353623,6437276,2969506,138285,0.9555,1.4602,0.00146024,0.01420488,2018-03-21,2978,top,True,2018,10
2026-05-17,88070565,[🥐] Welcome to Bloxburg 🏡,Town and City,Roleplay & Avatar Sim,Life,18811,9926868606,13866654,5572536,733349,0.8837,1.3969,0.00139688,0.01214956,2014-11-04,4212,established,False,,11
2026-05-17,210851291,Build A Boat For Treasure,Adventure,Simulation,Sandbox,18199,5004095616,8337027,3553697,254258,0.9332,1.666,0.00166604,0.0152513,2016-11-02,3482,top,True,2017,12
2026-05-17,4777817887,Blade Ball,Fighting,Action,Battlegrounds & Fighting,17505,6154792961,12412463,8172021,564443,0.9354,2.0167,0.00201671,0.01843088,2023-06-17,1065,breakout,True,2024,13
2026-05-17,3317679266,PLS DONATE 💸,All,Social,,16596,5084177908,4269536,3597709,263602,0.9317,0.8398,0.00083977,0.00760295,2022-02-05,1561,breakout,True,2024,14
2026-05-17,5650396773,a dusty trip [🚗CRATES],Adventure,Adventure,,14700,2309434301,2039198,1953569,213773,0.9014,0.883,0.00088299,0.00763713,2024-02-16,820,mid,False,,15
2026-05-17,2440500124,DOORS 👁️,Adventure,Survival,Escape,13676,7374456230,7804361,4512492,344246,0.9291,1.0583,0.0010583,0.00936428,2021-03-14,1890,breakout,True,2022,16
2026-05-17,1235188606,[🔥PHOENIX] Dragon Adventures 🐉,Adventure,RPG,,12099,1591942348,13201425,1062116,75796,0.9334,8.2927,0.00829265,0.07276608,2019-07-15,2497,mid,False,,17
2026-05-17,372226183,Flee the Facility,Horror,Survival,1 vs All,9396,5602462330,9470159,2664472,231255,0.9201,1.6904,0.00169036,0.01422869,2017-07-01,3242,lower_mid,False,,18
2026-05-17,245662005,Jailbreak ,Town and City,Action,Open World Action,7436,7891962684,18555608,5750856,806495,0.877,2.3512,0.0023512,0.01838136,2017-01-06,3417,top,True,2017,19
2026-05-17,31970568,Theme Park Tycoon 2,Building,Simulation,Tycoon,6750,1566138624,6024413,2049917,255272,0.8893,3.8467,0.00384667,0.03016179,2012-01-02,5249,established,False,,20
2026-05-17,1516533665,Piggy,Horror,Survival,,6487,14188807525,12101762,3982964,431477,0.9023,0.8529,0.00085291,0.00675483,2020-01-23,2306,established,False,,21
2026-05-17,65241,Natural Disaster Survival,All,Survival,,6302,4252746436,11572594,4304414,436910,0.9079,2.7212,0.0027212,0.0216134,2008-03-28,6623,top,True,2014,22
2026-05-17,1359573625,Deepwoken [SALE],RPG,RPG,Action RPG,6281,1553289916,1011180,405761,63001,0.8656,0.651,0.00065099,0.00492806,2019-10-12,2408,mid,False,,23
2026-05-17,47545,🍕Work at a Pizza Place,Town and City,Roleplay & Avatar Sim,Life,6097,5483998641,13321518,3389418,261006,0.9285,2.4292,0.00242916,0.01965809,2008-03-28,6623,established,False,,24
2026-05-17,321778215,Royale🌼High,All,Roleplay & Avatar Sim,Dress Up,5191,10393024874,13275687,3240105,532270,0.8589,1.2774,0.00127737,0.00938583,2017-04-10,3323,top,True,2018,25
2026-05-17,111958650,Arsenal,Fighting,Shooter,Deathmatch Shooter,3252,6206410213,11470920,5094187,658873,0.8855,1.8482,0.00184824,0.01323546,2015-08-18,3925,established,False,,26
2026-05-17,1720936166,[UPD] All Star Tower Defense,All,Strategy,Tower Defense,2449,7802489856,2310606,1481955,129173,0.9198,0.2961,0.00029614,0.00212572,2020-05-07,2201,established,False,,27
2026-05-17,2404080894,[SALE] Funky Friday,All,Action,Music & Rhythm,2252,1979097141,4077747,1953646,212334,0.902,2.0604,0.00206041,0.01434706,2021-02-26,1905,lower_mid,False,,28
2026-05-17,2471084,🌳 Lumber Tycoon 2,Adventure,Simulation,Tycoon,1983,1295522566,4582502,2012854,282533,0.8769,3.5372,0.00353718,0.02355158,2009-07-30,6134,lower_mid,False,,29
2026-05-17,1008451066,Da Hood,Town and City,Action,Open World Action,1943,2903124548,2985995,1286882,538143,0.7051,1.0285,0.00102855,0.00549203,2019-01-27,2667,established,False,,30
2026-05-17,113491250,Phantom Forces,FPS,Shooter,Deathmatch Shooter,1916,1770504348,5953792,2452774,248474,0.908,3.3628,0.00336277,0.0230795,2015-08-31,3912,established,False,,31
2026-05-17,1511883870,Shinobi Life 2,All,RPG,Action RPG,1817,2655288192,3011480,2183703,144261,0.938,1.1341,0.00113414,0.00798481,2020-01-20,2308,established,False,,32
2026-05-17,2316994223,Pet Simulator X! 🐾,All,Simulation,Incremental Simulator,1750,8978401451,5964431,4211694,394840,0.9143,0.6643,0.00066431,0.0045358,2021-01-22,1940,breakout,True,2022,33
2026-05-17,110181652,Epic Minigames ✨,All,Party & Casual,Minigame,1534,2318041106,8302204,2219229,233563,0.9048,3.5816,0.00358156,0.02377332,2015-07-29,3945,lower_mid,False,,34
2026-05-17,1335695570,⚡Ninja Legends,Fighting,Simulation,Incremental Simulator,1323,2145155885,4681837,1606304,130442,0.9249,2.1825,0.00218252,0.01451048,2019-09-22,2428,top,True,2020,35
2026-05-17,1434220026,My Restaurant! 👨‍🍳,All,Simulation,Tycoon,1077,882415801,2674526,1080329,98945,0.9161,3.0309,0.00303091,0.01938869,2019-12-06,2354,established,False,,36
2026-05-17,848145103,Dungeon Quest! ⚔️ RPG Adventure,Fighting,RPG,Action RPG,625,2322184903,5824237,1156261,102074,0.9189,2.5081,0.00250808,0.01484034,2018-09-25,2790,mid,False,,37
2026-05-17,83858907,Speed Run 4,Adventure,Obby & Platformer,,609,1725609679,4521317,1028080,364469,0.7383,2.6201,0.00262013,0.01240598,2014-10-20,4226,mid,False,,38
2026-05-17,1424449565,Super Golf!,Sports,Sports & Racing,Sports,383,249568309,965876,311520,79144,0.7974,3.8702,0.00387019,0.01836447,2019-11-29,2361,mid,False,,39
2026-05-17,3183403065,[🤹APRIL FOOL'S🤡] AA,All,Strategy,Tower Defense,152,2508127119,1394090,721151,65223,0.9171,0.5558,0.00055583,0.00256415,2021-12-21,1608,established,False,,40
2026-05-17,140239261,🏠 MeepCity 🏠,Town and City,Roleplay & Avatar Sim,,107,16271628493,14757992,2884482,515565,0.8484,0.907,0.00090698,0.00360266,2016-02-23,3735,top,True,2016,41
2026-05-17,81762198,[Sides] Vehicle Simulator,Town and City,Simulation,Vehicle Sim,19,665775166,3375177,1098966,133134,0.8919,5.0695,0.00506954,0.01354597,2014-08-08,4300,mid,False,,42
2026-05-17,1344222621,malymal91's Place,All,,,0,0,0,0,0,0.0,0.0,0.0,0.0,2019-09-29,2421,mid,False,,43
2026-05-17,67400893,efrenda's Place,All,,,0,0,0,0,0,0.0,0.0,0.0,0.0,2014-01-26,4493,lower_mid,False,,44
2026-05-17,1090335239,aleor3210's Place,All,,,0,0,0,0,0,0.0,0.0,0.0,0.0,2019-03-31,2604,lower_mid,False,,45
2026-05-17,2755335127,####'s Place,All,,,0,0,0,0,0,0.0,0.0,0.0,0.0,2021-07-19,1763,lower_mid,False,,46
2026-05-17,4494776745,chgcchfhcfvggjgvhc's Place,All,,,0,0,0,0,0,0.0,0.0,0.0,0.0,2023-03-19,1154,mid,False,,47
2026-05-17,4747349896,rgost1's Place,All,,,0,0,0,0,0,0.0,0.0,0.0,0.0,2023-06-07,1075,mid,False,,48
2026-05-17,1557606948,ProPro1052's Place,All,,,0,0,0,0,0,0.0,0.0,0.0,0.0,2020-02-17,2280,mid,False,,49
2026-05-17,498598030,puppyluver112232's Place,All,,,0,0,0,0,0,0.0,0.0,0.0,0.0,2017-12-05,3084,mid,False,,50
2026-05-18,1686885941,Brookhaven 🏡RP,Town and City,Roleplay & Avatar Sim,Life,386947,82501760326,27648246,8080082,1323999,0.8592,0.3351,0.00033512,0.00370466,2020-04-21,2218,top,True,2020,1
2026-05-18,383310974,[😻] Adopt Me!,RPG,Roleplay & Avatar Sim,Pet Care,347304,43517006887,29030000,9113366,1501782,0.8585,0.6671,0.0006671,0.00730671,2017-07-14,3229,top,True,2019,2
2026-05-18,994732206,Blox Fruits,Adventure,RPG,Action RPG,297020,61496109428,18849850,12095271,1037958,0.921,0.3065,0.00030652,0.00355737,2019-01-16,2679,top,True,2021,3
2026-05-18,6035872082,RIVALS,FPS,Shooter,Deathmatch Shooter,226583,14923313812,75121675,9485417,590218,0.9414,5.0338,0.00503385,0.05843563,2024-05-26,721,breakout,True,2025,4
2026-05-18,7326934954,99 Nights in the Forest 🔦,All,Survival,,191737,26686852879,7595759,4865077,509416,0.9052,0.2846,0.00028463,0.003134,2025-03-04,440,breakout,True,2026,5
2026-05-18,3808081382,[TECH PRODIGY] The Strongest Battlegrounds,Fighting,Action,Battlegrounds & Fighting,186042,17992827733,7066244,5045825,959603,0.8402,0.3927,0.00039273,0.0040038,2022-08-02,1385,breakout,True,2024,6
2026-05-18,66654135,Murder Mystery 2,Horror,Survival,1 vs All,140748,25686347527,22018494,9618287,974418,0.908,0.8572,0.00085721,0.00922716,2014-01-18,4503,top,True,2017,7
2026-05-18,7436755782,[🍯] Grow a Garden 🌶️,All,Simulation,Tycoon,88700,35364387951,10952359,9285033,1043787,0.8989,0.3097,0.0003097,0.00317186,2025-03-25,418,breakout,True,2025,8
2026-05-18,5361032378,Sol's RNG [ Eon 1 - 21🪐],All,Simulation,Incremental Simulator,61855,1865539370,945732,1329494,130393,0.9107,0.5069,0.00050695,0.00509339,2023-12-03,897,breakout,True,2025,9
2026-05-18,5750914919,Fisch 🐋 [HUMPBACK],Adventure,Simulation,,47142,4459241420,3356219,2838970,301279,0.9041,0.7526,0.00075264,0.00732211,2024-03-13,795,breakout,True,2025,10
2026-05-18,1831550657,🌊 Creatures of Sonaria 🦑 Survive Kaiju Animals,All,Roleplay & Avatar Sim,Animal Sim,25602,1974168929,9956121,1321225,108650,0.924,5.0432,0.0050432,0.04730102,2020-06-25,2152,lower_mid,False,,11
2026-05-18,601130232,Bee Swarm Simulator,Adventure,Simulation,Incremental Simulator,23693,4410160089,6437776,2969891,138299,0.9555,1.4598,0.00145976,0.01404987,2018-03-21,2979,top,True,2018,12
2026-05-18,7018190066,Dead Rails [ENDLESS],All,Adventure,Exploration,19731,6294544525,5728697,3272224,258215,0.9269,0.9101,0.00091011,0.00834261,2025-01-01,501,breakout,True,2025,13
2026-05-18,4777817887,Blade Ball,Fighting,Action,Battlegrounds & Fighting,14326,6157061536,12417574,8174317,564574,0.9354,2.0168,0.0020168,0.01805369,2023-06-17,1066,breakout,True,2024,14
2026-05-18,3317679266,PLS DONATE 💸,All,Social,,13557,5087112014,4272147,3599323,263702,0.9317,0.8398,0.0008398,0.007445,2022-02-05,1562,breakout,True,2024,15
2026-05-18,210851291,Build A Boat For Treasure,Adventure,Simulation,Sandbox,12416,5005427327,8338229,3554353,254297,0.9332,1.6658,0.00166584,0.01465505,2016-11-02,3483,top,True,2017,16
2026-05-18,88070565,[🥐] Welcome to Bloxburg 🏡,Town and City,Roleplay & Avatar Sim,Life,11882,9928425819,13867522,5573025,733352,0.8837,1.3967,0.00139675,0.0115815,2014-11-04,4213,established,False,,17
2026-05-18,5650396773,a dusty trip [🚗CRATES],Adventure,Adventure,,11318,2311434323,2041429,1954482,213870,0.9014,0.8832,0.00088319,0.00743076,2024-02-16,821,mid,False,,18
2026-05-18,1235188606,[🔥PHOENIX] Dragon Adventures 🐉,Adventure,RPG,,9880,1592964759,13212453,1062568,75812,0.9334,8.2943,0.00829425,0.07121272,2019-07-15,2498,mid,False,,19
2026-05-18,372226183,Flee the Facility,Horror,Survival,1 vs All,9256,5605138330,9471586,2665226,231314,0.9201,1.6898,0.0016898,0.01420073,2017-07-01,3243,lower_mid,False,,20
2026-05-18,2440500124,DOORS 👁️,Adventure,Survival,Escape,7382,7376479678,7806434,4513434,344303,0.9291,1.0583,0.00105829,0.008758,2021-03-14,1891,breakout,True,2022,21
2026-05-18,73885730,Prison Life,Town and City,Action,Open World Action,6488,2897111126,5851070,1490859,260195,0.8514,2.0196,0.00201962,0.01509371,2014-05-02,4399,established,False,,22
2026-05-18,65241,Natural Disaster Survival,All,Survival,,5106,4254316732,11574326,4305083,436981,0.9079,2.7206,0.00272061,0.02108894,2008-03-28,6624,top,True,2014,23
2026-05-18,245662005,Jailbreak ,Town and City,Action,Open World Action,5094,7892929028,18556166,5751212,806530,0.877,2.351,0.00235099,0.0175999,2017-01-06,3418,top,True,2017,24
2026-05-18,47545,🍕Work at a Pizza Place,Town and City,Roleplay & Avatar Sim,Life,4934,5484697051,13322996,3389845,261032,0.9285,2.4291,0.00242912,0.01918053,2008-03-28,6624,established,False,,25
2026-05-18,1359573625,Deepwoken [SALE],RPG,RPG,Action RPG,4297,1554226634,1011410,405907,63044,0.8656,0.6507,0.00065075,0.00471221,2019-10-12,2409,mid,False,,26
2026-05-18,903807016,Emergency Response: Liberty County,Town and City,Roleplay & Avatar Sim,Life,4102,1491824418,2770808,1148660,114476,0.9094,1.8573,0.00185733,0.01405161,2018-11-01,2754,mid,False,,27
2026-05-18,371263894,(🧼CAR WASH + 10 CARS!) Greenville,Town and City,Roleplay & Avatar Sim,Life,3966,1368942319,2590000,1006806,142508,0.876,1.892,0.00189197,0.01373265,2017-06-28,3245,mid,False,,28
2026-05-18,321778215,Royale🌼High,All,Roleplay & Avatar Sim,Dress Up,3796,10393446285,13275854,3240251,532277,0.8589,1.2773,0.00127733,0.00904232,2017-04-10,3324,top,True,2018,29
2026-05-18,1516533665,Piggy,Horror,Survival,,3728,14190018980,12102551,3983453,431500,0.9023,0.8529,0.00085289,0.00632856,2020-01-23,2307,established,False,,30
2026-05-18,31970568,Theme Park Tycoon 2,Building,Simulation,Tycoon,3723,1566516803,6024900,2050160,255282,0.8893,3.846,0.00384605,0.02812257,2012-01-02,5250,established,False,,31
2026-05-18,111958650,Arsenal,Fighting,Shooter,Deathmatch Shooter,2790,6207141192,11471163,5094402,658929,0.8855,1.8481,0.00184806,0.01298346,2015-08-18,3926,established,False,,32
2026-05-18,1720936166,[UPD] All Star Tower Defense,All,Strategy,Tower Defense,2257,7802916430,2310607,1482001,129172,0.9198,0.2961,0.00029612,0.00210338,2020-05-07,2202,established,False,,33
2026-05-18,2404080894,[SALE] Funky Friday,All,Action,Music & Rhythm,1819,1979435392,4078080,1953846,212337,0.902,2.0602,0.00206022,0.0139493,2021-02-26,1906,lower_mid,False,,34
2026-05-18,113491250,Phantom Forces,FPS,Shooter,Deathmatch Shooter,1583,1770723494,5954005,2452869,248487,0.908,3.3625,0.00336247,0.02249487,2015-08-31,3913,established,False,,35
2026-05-18,2316994223,Pet Simulator X! 🐾,All,Simulation,Incremental Simulator,1482,8978554620,5964437,4211786,394847,0.9143,0.6643,0.0006643,0.00443483,2021-01-22,1941,breakout,True,2022,36
2026-05-18,1511883870,Shinobi Life 2,All,RPG,Action RPG,1468,2655446157,3011577,2183843,144264,0.938,1.1341,0.00113411,0.00775786,2020-01-20,2309,established,False,,37
2026-05-18,2471084,🌳 Lumber Tycoon 2,Adventure,Simulation,Tycoon,1411,1295648576,4582664,2012936,282541,0.8769,3.537,0.00353697,0.02249527,2009-07-30,6136,lower_mid,False,,38
2026-05-18,1008451066,Da Hood,Town and City,Action,Open World Action,1391,2903443566,2986053,1286955,538179,0.7051,1.0285,0.00102845,0.0052493,2019-01-27,2668,established,False,,39
2026-05-18,110181652,Epic Minigames ✨,All,Party & Casual,Minigame,1186,2318289802,8303949,2219658,233573,0.9048,3.5819,0.00358193,0.02294287,2015-07-29,3946,lower_mid,False,,40
2026-05-18,1335695570,⚡Ninja Legends,Fighting,Simulation,Incremental Simulator,939,2145278232,4682008,1606423,130448,0.9249,2.1825,0.00218247,0.01381879,2019-09-22,2429,top,True,2020,41
2026-05-18,1434220026,My Restaurant! 👨‍🍳,All,Simulation,Tycoon,831,882484941,2674620,1080411,98950,0.9161,3.0308,0.00303078,0.01866869,2019-12-06,2355,established,False,,42
2026-05-18,2324662457,[🌑 SHADOW RAID] Anime Fighters,Adventure,Simulation,Incremental Simulator,573,1328570649,1568268,1148663,86704,0.9298,1.1804,0.00118042,0.00697246,2021-01-25,1938,mid,False,,43
2026-05-18,83858907,Speed Run 4,Adventure,Obby & Platformer,,427,1725732543,4521503,1028151,364486,0.7383,2.62,0.00262005,0.01172028,2014-10-20,4227,mid,False,,44
2026-05-18,1424449565,Super Golf!,Sports,Sports & Racing,Sports,277,249628274,966084,311570,79147,0.7974,3.8701,0.00387009,0.01736758,2019-11-29,2362,mid,False,,45
2026-05-18,1168263273,[🎃] Bad Business | FPS ,FPS,Shooter,Deathmatch Shooter,140,546371717,2181569,776862,131318,0.8554,3.9928,0.00399283,0.01690243,2019-05-29,2545,lower_mid,False,,46
2026-05-18,3183403065,[🤹APRIL FOOL'S🤡] AA,All,Strategy,Tower Defense,133,2508142673,1394038,721161,65221,0.9171,0.5558,0.0005558,0.00249647,2021-12-21,1609,established,False,,47
2026-05-18,140239261,🏠 MeepCity 🏠,Town and City,Roleplay & Avatar Sim,,87,16271675104,14757935,2884513,515589,0.8484,0.907,0.00090697,0.00344504,2016-02-23,3736,top,True,2016,48
2026-05-18,81762198,[Sides] Vehicle Simulator,Town and City,Simulation,Vehicle Sim,16,665777629,3375156,1098971,133134,0.8919,5.0695,0.00506949,0.01281098,2014-08-08,4301,mid,False,,49
2026-05-18,1344222621,malymal91's Place,All,,,0,0,0,0,0,0.0,0.0,0.0,0.0,2019-09-29,2422,mid,False,,50
2026-05-18,67400893,efrenda's Place,All,,,0,0,0,0,0,0.0,0.0,0.0,0.0,2014-01-26,4494,lower_mid,False,,51
2026-05-18,1090335239,aleor3210's Place,All,,,0,0,0,0,0,0.0,0.0,0.0,0.0,2019-03-31,2605,lower_mid,False,,52
2026-05-18,2755335127,####'s Place,All,,,0,0,0,0,0,0.0,0.0,0.0,0.0,2021-07-19,1764,lower_mid,False,,53
2026-05-18,4494776745,chgcchfhcfvggjgvhc's Place,All,,,0,0,0,0,0,0.0,0.0,0.0,0.0,2023-03-19,1155,mid,False,,54
2026-05-18,4747349896,rgost1's Place,All,,,0,0,0,0,0,0.0,0.0,0.0,0.0,2023-06-07,1076,mid,False,,55
2026-05-18,1557606948,ProPro1052's Place,All,,,0,0,0,0,0,0.0,0.0,0.0,0.0,2020-02-17,2281,mid,False,,56
2026-05-19,1686885941,Brookhaven 🏡RP,Town and City,Roleplay & Avatar Sim,Life,358530,82533650903,27662831,8083048,1324417,0.8592,0.3352,0.00033517,0.00368325,2020-04-21,2219,top,True,2020,1
2026-05-19,994732206,Blox Fruits,Adventure,RPG,Action RPG,283038,61515916041,18857778,12098544,1038054,0.921,0.3066,0.00030655,0.00354415,2019-01-16,2680,top,True,2021,2
2026-05-19,383310974,[😻] Adopt Me!,RPG,Roleplay & Avatar Sim,Pet Care,275736,43525999812,29034653,9115389,1501817,0.8585,0.6671,0.00066706,0.00717442,2017-07-14,3230,top,True,2019,3
2026-05-19,6035872082,RIVALS,FPS,Shooter,Deathmatch Shooter,225256,14946092269,75236016,9492783,590767,0.9414,5.0338,0.00503383,0.05840702,2024-05-26,722,breakout,True,2025,4
2026-05-19,7326934954,99 Nights in the Forest 🔦,All,Survival,,194732,26702757145,7608142,4867671,509755,0.9052,0.2849,0.00028492,0.00314119,2025-03-04,441,breakout,True,2026,5
2026-05-19,3808081382,[TECH PRODIGY] The Strongest Battlegrounds,Fighting,Action,Battlegrounds & Fighting,161343,18014846903,7076833,5052368,960676,0.8402,0.3928,0.00039283,0.00395799,2022-08-02,1386,breakout,True,2024,6
2026-05-19,66654135,Murder Mystery 2,Horror,Survival,1 vs All,134859,25702843670,22027310,9621572,974716,0.908,0.857,0.000857,0.0091917,2014-01-18,4504,top,True,2017,7
2026-05-19,7436755782,[🍯] Grow a Garden 🌶️,All,Simulation,Tycoon,78372,35370039111,10956267,9286238,1043863,0.8989,0.3098,0.00030976,0.00313803,2025-03-25,419,breakout,True,2025,8
2026-05-19,5361032378,Sol's RNG [ Eon 1 - 21🪐],All,Simulation,Incremental Simulator,55853,1868010725,946719,1330544,130418,0.9107,0.5068,0.00050681,0.00504513,2023-12-03,898,breakout,True,2025,9
2026-05-19,5750914919,Fisch 🐋 [HUMPBACK],Adventure,Simulation,,48505,4461794529,3359241,2840145,301358,0.9041,0.7529,0.00075289,0.00734402,2024-03-13,796,breakout,True,2025,10
2026-05-19,1831550657,🌊 Creatures of Sonaria 🦑 Survive Kaiju Animals,All,Roleplay & Avatar Sim,Animal Sim,25678,1975857224,9962813,1321849,108694,0.924,5.0423,0.00504227,0.04730642,2020-06-25,2153,lower_mid,False,,11
2026-05-19,601130232,Bee Swarm Simulator,Adventure,Simulation,Incremental Simulator,24412,4411776960,6438192,2970165,138307,0.9555,1.4593,0.00145932,0.01408733,2018-03-21,2980,top,True,2018,12
2026-05-19,7018190066,Dead Rails [ENDLESS],All,Adventure,Exploration,19608,6296590759,5731850,3272745,258300,0.9268,0.9103,0.00091031,0.00833911,2025-01-01,502,breakout,True,2025,13
2026-05-19,372226183,🌸 Flee the Facility 🌼,Horror,Survival,1 vs All,17818,5608331507,9473111,2666361,231345,0.9202,1.6891,0.00168911,0.01521313,2017-07-01,3244,lower_mid,False,,14
2026-05-19,4777817887,Blade Ball,Fighting,Action,Battlegrounds & Fighting,13991,6158749821,12421275,8175875,564692,0.9354,2.0169,0.00201685,0.01800946,2023-06-17,1067,breakout,True,2024,15
2026-05-19,3317679266,PLS DONATE 💸,All,Social,,13404,5089308401,4274182,3600549,263787,0.9317,0.8398,0.00083984,0.00743646,2022-02-05,1563,breakout,True,2024,16
2026-05-19,210851291,Build A Boat For Treasure,Adventure,Simulation,Sandbox,12206,5006323384,8339093,3554834,254300,0.9332,1.6657,0.00166571,0.01462756,2016-11-02,3484,top,True,2017,17
2026-05-19,5650396773,a dusty trip [🚗CRATES],Adventure,Adventure,,11446,2312837023,2042951,1955053,213934,0.9014,0.8833,0.00088331,0.00744074,2024-02-16,822,mid,False,,18
2026-05-19,88070565,[🥐] Welcome to Bloxburg 🏡,Town and City,Roleplay & Avatar Sim,Life,11237,9929500016,13868209,5573399,733325,0.8837,1.3967,0.00139667,0.01151208,2014-11-04,4214,established,False,,19
2026-05-19,1235188606,[🔥PHOENIX] Dragon Adventures 🐉,Adventure,RPG,,8264,1593701553,13220168,1062931,75822,0.9334,8.2953,0.00829526,0.06983959,2019-07-15,2499,mid,False,,20
2026-05-19,1176784616,[🟢SLIME]  Tower Defense Simulator,All,Strategy,Tower Defense,7735,4689958987,3396402,1990886,125994,0.9405,0.7242,0.00072419,0.00609817,2019-06-05,2540,established,False,,21
2026-05-19,2440500124,DOORS 👁️,Adventure,Survival,Escape,7428,7377809985,7807983,4514064,344323,0.9291,1.0583,0.00105831,0.00876432,2021-03-14,1892,breakout,True,2022,22
2026-05-19,73885730,Prison Life,Town and City,Action,Open World Action,6248,2897926695,5851808,1491098,260240,0.8514,2.0193,0.00201931,0.01502654,2014-05-02,4400,established,False,,23
2026-05-19,65241,Natural Disaster Survival,All,Survival,,5253,4255495450,11575640,4305585,437045,0.9078,2.7202,0.00272016,0.02115552,2008-03-28,6625,top,True,2014,24
2026-05-19,245662005,Jailbreak ,Town and City,Action,Open World Action,5168,7893634832,18556623,5751471,806556,0.877,2.3508,0.00235083,0.01762852,2017-01-06,3419,top,True,2017,25
2026-05-19,47545,🍕Work at a Pizza Place,Town and City,Roleplay & Avatar Sim,Life,4779,5485225028,13324203,3390223,261040,0.9285,2.4291,0.00242911,0.01910856,2008-03-28,6625,established,False,,26
2026-05-19,903807016,Emergency Response: Liberty County,Town and City,Roleplay & Avatar Sim,Life,3967,1492449705,2771349,1148912,114500,0.9094,1.8569,0.00185691,0.01399198,2018-11-01,2755,mid,False,,27
2026-05-19,1359573625,Deepwoken [SALE],RPG,RPG,Action RPG,3893,1554924530,1011618,406001,63068,0.8655,0.6506,0.00065059,0.00465539,2019-10-12,2410,mid,False,,28
2026-05-19,321778215,Royale🌼High,All,Roleplay & Avatar Sim,Dress Up,3764,10393772405,13276098,3240387,532272,0.8589,1.2773,0.00127731,0.00903298,2017-04-10,3325,top,True,2018,29
2026-05-19,371263894,(🧼CAR WASH + 10 CARS!) Greenville,Town and City,Roleplay & Avatar Sim,Life,3644,1369414648,2590523,1007061,142526,0.876,1.8917,0.0018917,0.01359062,2017-06-28,3246,mid,False,,30
2026-05-19,31970568,Theme Park Tycoon 2,Building,Simulation,Tycoon,3557,1566774806,6025213,2050327,255285,0.8893,3.8456,0.00384562,0.02796368,2012-01-02,5251,established,False,,31
2026-05-19,1516533665,Piggy,Horror,Survival,,3441,14190818775,12103065,3983784,431500,0.9023,0.8529,0.00085288,0.0062669,2020-01-23,2308,established,False,,32
2026-05-19,111958650,Arsenal,Fighting,Shooter,Deathmatch Shooter,3005,6207714719,11471330,5094580,658956,0.8855,1.8479,0.00184792,0.01310387,2015-08-18,3927,established,False,,33
2026-05-19,2404080894,Funky Friday,All,Action,Music & Rhythm,1905,1979691329,4078390,1954004,212355,0.902,2.0601,0.00206011,0.01403434,2021-02-26,1907,lower_mid,False,,34
2026-05-19,1720936166,[UPD] All Star Tower Defense,All,Strategy,Tower Defense,1842,7803225708,2310618,1482039,129171,0.9198,0.2961,0.00029611,0.002048,2020-05-07,2203,established,False,,35
2026-05-19,113491250,Phantom Forces,FPS,Shooter,Deathmatch Shooter,1582,1770905764,5954242,2452965,248495,0.908,3.3623,0.00336226,0.02249153,2015-08-31,3914,established,False,,36
2026-05-19,2316994223,Pet Simulator X! 🐾,All,Simulation,Incremental Simulator,1537,8978675515,5964458,4211865,394850,0.9143,0.6643,0.00066429,0.00445691,2021-01-22,1942,breakout,True,2022,37
2026-05-19,1008451066,Da Hood,Town and City,Action,Open World Action,1367,2903692094,2986135,1287009,538205,0.7051,1.0284,0.00102839,0.00523637,2019-01-27,2669,established,False,,38
2026-05-19,110181652,Epic Minigames ✨,All,Party & Casual,Minigame,1181,2318494022,8305279,2219965,233587,0.9048,3.5822,0.00358219,0.02293102,2015-07-29,3947,lower_mid,False,,39
2026-05-19,2471084,🌳 Lumber Tycoon 2,Adventure,Simulation,Tycoon,1067,1295746913,4582782,2013004,282553,0.8769,3.5368,0.00353679,0.02162813,2009-07-30,6137,lower_mid,False,,40
2026-05-19,1335695570,⚡Ninja Legends,Fighting,Simulation,Incremental Simulator,947,2145363907,4682135,1606498,130451,0.9249,2.1824,0.00218244,0.01383575,2019-09-22,2430,top,True,2020,41
2026-05-19,1511883870,Shinobi Life 2,All,RPG,Action RPG,828,2655554422,3011653,2183942,144267,0.938,1.1341,0.0011341,0.00714912,2020-01-20,2310,established,False,,42
2026-05-19,1434220026,My Restaurant! 👨‍🍳,All,Simulation,Tycoon,558,882534987,2674683,1080474,98954,0.9161,3.0307,0.00303068,0.01756397,2019-12-06,2356,established,False,,43
2026-05-19,848145103,Dungeon Quest! ⚔️ RPG Adventure,Fighting,RPG,Action RPG,517,2322341585,5825303,1156330,102076,0.9189,2.5084,0.00250837,0.01440561,2018-09-25,2792,mid,False,,44
2026-05-19,83858907,Speed Run 4,Adventure,Obby & Platformer,,484,1725830083,4521645,1028181,364502,0.7383,2.62,0.00261998,0.01196178,2014-10-20,4228,mid,False,,45
2026-05-19,2324662457,[🌑 SHADOW RAID] Anime Fighters,Adventure,Simulation,Incremental Simulator,475,1328596098,1568269,1148686,86705,0.9298,1.1804,0.0011804,0.00676686,2021-01-25,1939,mid,False,,46
2026-05-19,1424449565,Super Golf!,Sports,Sports & Racing,Sports,298,249672111,966222,311606,79154,0.7974,3.87,0.00386996,0.01759184,2019-11-29,2363,mid,False,,47
2026-05-19,1168263273,[🎃] Bad Business | FPS ,FPS,Shooter,Deathmatch Shooter,156,546393331,2181563,776871,131320,0.8554,3.9927,0.00399266,0.0172688,2019-05-29,2546,lower_mid,False,,48
2026-05-19,3183403065,[🤹APRIL FOOL'S🤡] AA,All,Strategy,Tower Defense,142,2508154025,1394001,721163,65220,0.9171,0.5558,0.00055579,0.00252952,2021-12-21,1610,established,False,,49
2026-05-19,140239261,🏠 MeepCity 🏠,Town and City,Roleplay & Avatar Sim,,49,16271706565,14757886,2884524,515607,0.8484,0.907,0.00090697,0.00301003,2016-02-23,3737,top,True,2016,50
2026-05-19,81762198,[Sides] Vehicle Simulator,Town and City,Simulation,Vehicle Sim,13,665779617,3375145,1098977,133134,0.8919,5.0695,0.00506946,0.011933,2014-08-08,4302,mid,False,,51
2026-05-19,1344222621,malymal91's Place,All,,,0,0,0,0,0,0.0,0.0,0.0,0.0,2019-09-29,2423,mid,False,,52
2026-05-19,67400893,efrenda's Place,All,,,0,0,0,0,0,0.0,0.0,0.0,0.0,2014-01-26,4495,lower_mid,False,,53
2026-05-19,1090335239,aleor3210's Place,All,,,0,0,0,0,0,0.0,0.0,0.0,0.0,2019-03-31,2606,lower_mid,False,,54
2026-05-19,2755335127,####'s Place,All,,,0,0,0,0,0,0.0,0.0,0.0,0.0,2021-07-19,1765,lower_mid,False,,55
2026-05-19,4494776745,chgcchfhcfvggjgvhc's Place,All,,,0,0,0,0,0,0.0,0.0,0.0,0.0,2023-03-19,1156,mid,False,,56
2026-05-19,4747349896,rgost1's Place,All,,,0,0,0,0,0,0.0,0.0,0.0,0.0,2023-06-07,1077,mid,False,,57
2026-05-19,1557606948,ProPro1052's Place,All,,,0,0,0,0,0,0.0,0.0,0.0,0.0,2020-02-17,2282,mid,False,,58
2026-05-19,498598030,puppyluver112232's Place,All,,,0,0,0,0,0,0.0,0.0,0.0,0.0,2017-12-05,3086,mid,False,,59
2026-05-20,1686885941,Brookhaven 🏡RP,Town and City,Roleplay & Avatar Sim,Life,366966,82564698578,27677248,8085829,1324863,0.8592,0.3352,0.00033522,0.00369048,2020-04-21,2220,top,True,2020,1
2026-05-20,383310974,[😻] Adopt Me!,RPG,Roleplay & Avatar Sim,Pet Care,299626,43534299828,29038921,9117460,1501837,0.8586,0.667,0.00066704,0.00722191,2017-07-14,3231,top,True,2019,2
2026-05-20,994732206,Blox Fruits,Adventure,RPG,Action RPG,273527,61534868691,18865507,12101846,1038137,0.921,0.3066,0.00030658,0.00353492,2019-01-16,2681,top,True,2021,3
2026-05-20,6035872082,RIVALS,FPS,Shooter,Deathmatch Shooter,239811,14968951124,75351146,9500345,591396,0.9414,5.0338,0.00503383,0.05870287,2024-05-26,723,breakout,True,2025,4
2026-05-20,7326934954,99 Nights in the Forest 🔦,All,Survival,,196811,26718796274,7620916,4870217,510099,0.9052,0.2852,0.00028523,0.00314727,2025-03-04,442,breakout,True,2026,5
2026-05-20,3808081382,[TECH PRODIGY] The Strongest Battlegrounds,Fighting,Action,Battlegrounds & Fighting,138916,18034885822,7086001,5057973,961678,0.8402,0.3929,0.00039291,0.00390935,2022-08-02,1387,breakout,True,2024,6
2026-05-20,66654135,Murder Mystery 2,Horror,Survival,1 vs All,134057,25719209364,22035954,9624848,975066,0.908,0.8568,0.00085679,0.0091848,2014-01-18,4505,top,True,2017,7
2026-05-20,7436755782,[🍯] Grow a Garden 🌶️,All,Simulation,Tycoon,76073,35375410025,10959165,9287350,1043964,0.899,0.3098,0.0003098,0.0031301,2025-03-25,420,breakout,True,2025,8
2026-05-20,5361032378,Sol's RNG [ Eon 1 - 21🪐],All,Simulation,Incremental Simulator,60152,1870466228,947541,1331575,130448,0.9108,0.5066,0.00050658,0.00507733,2023-12-03,899,breakout,True,2025,9
2026-05-20,5750914919,Fisch 🐋 [HUMPBACK],Adventure,Simulation,,46900,4464270446,3361939,2841314,301465,0.9041,0.7531,0.00075308,0.00732297,2024-03-13,797,breakout,True,2025,10
2026-05-20,601130232,Bee Swarm Simulator,Adventure,Simulation,Incremental Simulator,23781,4413445041,6438557,2970446,138315,0.9555,1.4589,0.00145885,0.01404633,2018-03-21,2981,top,True,2018,11
2026-05-20,1831550657,🌊 Creatures of Sonaria 🦑 Survive Kaiju Animals,All,Roleplay & Avatar Sim,Animal Sim,23661,1977492038,9969530,1322483,108747,0.924,5.0415,0.0050415,0.04691807,2020-06-25,2154,lower_mid,False,,12
2026-05-20,7018190066,Dead Rails [ENDLESS],All,Adventure,Exploration,17913,6298517116,5734883,3273334,258364,0.9268,0.9105,0.00091051,0.00826464,2025-01-01,503,breakout,True,2025,13
2026-05-20,372226183,🌸 Flee the Facility 🌼,Horror,Survival,1 vs All,15117,5611882188,9474773,2667642,231374,0.9202,1.6883,0.00168834,0.01495122,2017-07-01,3245,lower_mid,False,,14
2026-05-20,3317679266,PLS DONATE 💸,All,Social,,13658,5091466568,4276200,3601732,263865,0.9317,0.8399,0.00083988,0.00745152,2022-02-05,1564,breakout,True,2024,15
2026-05-20,4777817887,Blade Ball,Fighting,Action,Battlegrounds & Fighting,13411,6160449890,12424758,8177500,564826,0.9354,2.0169,0.00201686,0.01792962,2023-06-17,1068,breakout,True,2024,16
2026-05-20,210851291,Build A Boat For Treasure,Adventure,Simulation,Sandbox,11504,5007187314,8339852,3555254,254315,0.9332,1.6656,0.00166558,0.01453436,2016-11-02,3485,top,True,2017,17
2026-05-20,88070565,[🥐] Welcome to Bloxburg 🏡,Town and City,Roleplay & Avatar Sim,Life,11334,9930546864,13868754,5573740,733322,0.8837,1.3966,0.00139658,0.01152202,2014-11-04,4215,established,False,,18
2026-05-20,5650396773,a dusty trip [🚗CRATES],Adventure,Adventure,,10736,2314237666,2044442,1955640,213994,0.9014,0.8834,0.00088342,0.00739069,2024-02-16,823,mid,False,,19
2026-05-20,1235188606,[🔥PHOENIX] Dragon Adventures 🐉,Adventure,RPG,,8936,1594418931,13227922,1063290,75823,0.9334,8.2964,0.00829639,0.07045599,2019-07-15,2500,mid,False,,20
2026-05-20,1176784616,[🟢SLIME]  Tower Defense Simulator,All,Strategy,Tower Defense,7411,4690815101,3396708,1991259,125991,0.9405,0.7241,0.00072412,0.00606855,2019-06-05,2541,established,False,,21
2026-05-20,2440500124,DOORS 👁️,Adventure,Survival,Escape,7117,7379116537,7809425,4514692,344354,0.9291,1.0583,0.00105831,0.00872236,2021-03-14,1893,breakout,True,2022,22
2026-05-20,73885730,Prison Life,Town and City,Action,Open World Action,6115,2898743619,5852520,1491355,260247,0.8514,2.019,0.00201899,0.01498748,2014-05-02,4401,established,False,,23
2026-05-20,245662005,Jailbreak ,Town and City,Action,Open World Action,4957,7894327447,18557001,5751715,806583,0.877,2.3507,0.00235068,0.01754143,2017-01-06,3420,top,True,2017,24
2026-05-20,47545,🍕Work at a Pizza Place,Town and City,Roleplay & Avatar Sim,Life,4762,5485760846,13325276,3390565,261062,0.9285,2.4291,0.00242907,0.01910022,2008-03-28,6626,established,False,,25
2026-05-20,65241,Natural Disaster Survival,All,Survival,,4674,4256648387,11576865,4306048,437089,0.9078,2.7197,0.00271971,0.02086375,2008-03-28,6626,top,True,2014,26
2026-05-20,31970568,Theme Park Tycoon 2,Building,Simulation,Tycoon,4050,1567027654,6025569,2050514,255283,0.8893,3.8452,0.00384522,0.02840486,2012-01-02,5252,established,False,,27
2026-05-20,1359573625,Deepwoken [SALE],RPG,RPG,Action RPG,4002,1555632802,1011777,406114,63079,0.8656,0.6504,0.0006504,0.0046696,2019-10-12,2411,mid,False,,28
2026-05-20,903807016,Emergency Response: Liberty County,Town and City,Roleplay & Avatar Sim,Life,3751,1493058729,2771803,1149100,114530,0.9094,1.8565,0.00185646,0.01389394,2018-11-01,2756,mid,False,,29
2026-05-20,321778215,Royale🌼High,All,Roleplay & Avatar Sim,Dress Up,3591,10394084444,13276262,3240481,532269,0.8589,1.2773,0.00127729,0.00898126,2017-04-10,3326,top,True,2018,30
2026-05-20,1516533665,Piggy,Horror,Survival,,3480,14191599910,12103595,3984117,431514,0.9023,0.8529,0.00085287,0.00627553,2020-01-23,2309,established,False,,31
2026-05-20,371263894,Greenville,Town and City,Roleplay & Avatar Sim,Life,3407,1369844962,2590914,1007277,142534,0.876,1.8914,0.00189139,0.01347727,2017-06-28,3247,mid,False,,32
2026-05-20,111958650,Arsenal,Fighting,Shooter,Deathmatch Shooter,2782,6208293872,11471499,5094760,658987,0.8855,1.8478,0.00184777,0.0129767,2015-08-18,3928,established,False,,33
2026-05-20,1720936166,[UPD] All Star Tower Defense,All,Strategy,Tower Defense,2050,7803535186,2310632,1482097,129167,0.9198,0.2961,0.0002961,0.00207707,2020-05-07,2204,established,False,,34
2026-05-20,2404080894,Funky Friday,All,Action,Music & Rhythm,1750,1979943611,4078668,1954151,212380,0.902,2.06,0.00205999,0.01387585,2021-02-26,1908,lower_mid,False,,35
2026-05-20,113491250,Phantom Forces,FPS,Shooter,Deathmatch Shooter,1567,1771090736,5954448,2453037,248503,0.908,3.362,0.00336202,0.02246089,2015-08-31,3915,established,False,,36
2026-05-20,1008451066,Da Hood,Town and City,Action,Open World Action,1455,2903942201,2986193,1287051,538230,0.7051,1.0283,0.00102832,0.0052812,2019-01-27,2670,established,False,,37
2026-05-20,2316994223,Pet Simulator X! 🐾,All,Simulation,Incremental Simulator,1424,8978795519,5964473,4211935,394856,0.9143,0.6643,0.00066428,0.00441051,2021-01-22,1943,breakout,True,2022,38
2026-05-20,1511883870,Shinobi Life 2,All,RPG,Action RPG,1405,2655662121,3011717,2184041,144270,0.938,1.1341,0.00113407,0.00771098,2020-01-20,2311,established,False,,39
2026-05-20,2471084,🌳 Lumber Tycoon 2,Adventure,Simulation,Tycoon,1287,1295843912,4582905,2013069,282556,0.8769,3.5366,0.00353662,0.02220804,2009-07-30,6138,lower_mid,False,,40
2026-05-20,110181652,Epic Minigames ✨,All,Party & Casual,Minigame,1227,2318702837,8306706,2220327,233597,0.9048,3.5825,0.00358248,0.02305691,2015-07-29,3948,lower_mid,False,,41
2026-05-20,1335695570,⚡Ninja Legends,Fighting,Simulation,Incremental Simulator,858,2145445857,4682253,1606571,130451,0.9249,2.1824,0.00218241,0.01363662,2019-09-22,2431,top,True,2020,42
2026-05-20,1434220026,My Restaurant! 👨‍🍳,All,Simulation,Tycoon,765,882583203,2674767,1080542,98955,0.9161,3.0306,0.00303061,0.01843828,2019-12-06,2357,established,False,,43
2026-05-20,2324662457,[🌑 SHADOW RAID] Anime Fighters,Adventure,Simulation,Incremental Simulator,538,1328620245,1568261,1148696,86704,0.9298,1.1804,0.00118037,0.00690313,2021-01-25,1940,mid,False,,44
2026-05-20,848145103,Dungeon Quest! ⚔️ RPG Adventure,Fighting,RPG,Action RPG,514,2322402320,5825679,1156348,102078,0.9189,2.5085,0.00250847,0.01439277,2018-09-25,2793,mid,False,,45
2026-05-20,83858907,Speed Run 4,Adventure,Obby & Platformer,,454,1725930656,4521806,1028228,364516,0.7383,2.6199,0.00261992,0.01183802,2014-10-20,4229,mid,False,,46
2026-05-20,1424449565,Super Golf!,Sports,Sports & Racing,Sports,247,249714944,966347,311633,79157,0.7974,3.8698,0.0038698,0.01701415,2019-11-29,2364,mid,False,,47
2026-05-20,3183403065,[🤹APRIL FOOL'S🤡] AA,All,Strategy,Tower Defense,142,2508166383,1393950,721164,65219,0.9171,0.5558,0.00055576,0.00252942,2021-12-21,1611,established,False,,48
2026-05-20,1168263273,[🎃] Bad Business | FPS ,FPS,Shooter,Deathmatch Shooter,116,546413582,2181578,776883,131326,0.8554,3.9925,0.00399254,0.01626389,2019-05-29,2547,lower_mid,False,,49
2026-05-20,140239261,🏠 MeepCity 🏠,Town and City,Roleplay & Avatar Sim,,68,16271736595,14757845,2884559,515608,0.8484,0.907,0.00090696,0.00325784,2016-02-23,3738,top,True,2016,50
2026-05-20,81762198,[Sides] Vehicle Simulator,Town and City,Simulation,Vehicle Sim,14,665781609,3375124,1098980,133134,0.8919,5.0694,0.00506942,0.01224485,2014-08-08,4303,mid,False,,51
2026-05-20,1344222621,malymal91's Place,All,,,0,0,0,0,0,0.0,0.0,0.0,0.0,2019-09-29,2424,mid,False,,52
2026-05-20,67400893,efrenda's Place,All,,,0,0,0,0,0,0.0,0.0,0.0,0.0,2014-01-26,4496,lower_mid,False,,53
2026-05-20,1090335239,aleor3210's Place,All,,,0,0,0,0,0,0.0,0.0,0.0,0.0,2019-03-31,2607,lower_mid,False,,54
2026-05-20,2755335127,####'s Place,All,,,0,0,0,0,0,0.0,0.0,0.0,0.0,2021-07-19,1766,lower_mid,False,,55
2026-05-20,4494776745,chgcchfhcfvggjgvhc's Place,All,,,0,0,0,0,0,0.0,0.0,0.0,0.0,2023-03-19,1157,mid,False,,56
2026-05-20,4747349896,rgost1's Place,All,,,0,0,0,0,0,0.0,0.0,0.0,0.0,2023-06-07,1078,mid,False,,57
2026-05-20,1557606948,ProPro1052's Place,All,,,0,0,0,0,0,0.0,0.0,0.0,0.0,2020-02-17,2283,mid,False,,58
2026-05-20,498598030,puppyluver112232's Place,All,,,0,0,0,0,0,0.0,0.0,0.0,0.0,2017-12-05,3087,mid,False,,59
2026-05-21,1686885941,Brookhaven 🏡RP,Town and City,Roleplay & Avatar Sim,Life,362335,82596838419,27691838,8088892,1325276,0.8592,0.3353,0.00033527,0.00368737,2020-04-21,2221,top,True,2020,1
2026-05-21,383310974,[😻] Adopt Me!,RPG,Roleplay & Avatar Sim,Pet Care,328399,43542591757,29043145,9119574,1501874,0.8586,0.667,0.00066701,0.00727431,2017-07-14,3232,top,True,2019,2
2026-05-21,994732206,Blox Fruits,Adventure,RPG,Action RPG,274417,61555662376,18873518,12105401,1038268,0.921,0.3066,0.00030661,0.00353619,2019-01-16,2682,top,True,2021,3
2026-05-21,6035872082,RIVALS,FPS,Shooter,Deathmatch Shooter,229831,14993118883,75470611,9507884,592052,0.9414,5.0337,0.00503368,0.05849866,2024-05-26,724,breakout,True,2025,4
2026-05-21,66654135,Murder Mystery 2,Horror,Survival,1 vs All,131962,25736393136,22045351,9628492,975394,0.908,0.8566,0.00085658,0.00917036,2014-01-18,4506,top,True,2017,5
2026-05-21,3808081382,The Strongest Battlegrounds,Fighting,Action,Battlegrounds & Fighting,129619,18054107307,7095002,5063132,962717,0.8402,0.393,0.00039299,0.00388724,2022-08-02,1388,breakout,True,2024,6
2026-05-21,5361032378,Sol's RNG [ Eon 1 - 21🪐],All,Simulation,Incremental Simulator,59808,1873058552,948478,1332514,130472,0.9108,0.5064,0.00050638,0.00507291,2023-12-03,900,breakout,True,2025,7
2026-05-21,5750914919,Fisch 🐋 [HUMPBACK],Adventure,Simulation,,46142,4466808063,3364894,2842465,301545,0.9041,0.7533,0.00075331,0.00731424,2024-03-13,798,breakout,True,2025,8
2026-05-21,1831550657,🌊 Creatures of Sonaria 🦑 Survive Kaiju Animals,All,Roleplay & Avatar Sim,Animal Sim,23952,1979119960,9976892,1323088,108767,0.924,5.0411,0.00504107,0.04697201,2020-06-25,2155,lower_mid,False,,9
2026-05-21,601130232,Bee Swarm Simulator,Adventure,Simulation,Incremental Simulator,23103,4415165767,6439078,2970734,138325,0.9555,1.4584,0.0014584,0.0140017,2018-03-21,2982,top,True,2018,10
2026-05-21,372226183,🌸 Flee the Facility 🌼,Horror,Survival,1 vs All,15510,5615235205,9476402,2668724,231410,0.9202,1.6876,0.00168762,0.01498501,2017-07-01,3246,lower_mid,False,,11
2026-05-21,3317679266,PLS DONATE 💸,All,Social,,14066,5093823650,4278233,3602967,263956,0.9317,0.8399,0.00083989,0.00747465,2022-02-05,1565,breakout,True,2024,12
2026-05-21,4777817887,Blade Ball,Fighting,Action,Battlegrounds & Fighting,13832,6162262136,12428850,8179295,564945,0.9354,2.0169,0.00201693,0.01798857,2023-06-17,1069,breakout,True,2024,13
2026-05-21,210851291,Build A Boat For Treasure,Adventure,Simulation,Sandbox,12306,5008098208,8340767,3555711,254347,0.9332,1.6655,0.00166546,0.01463805,2016-11-02,3486,top,True,2017,14
2026-05-21,88070565,[🥐] Welcome to Bloxburg 🏡,Town and City,Roleplay & Avatar Sim,Life,11007,9931614894,13869491,5574089,733312,0.8837,1.3965,0.0013965,0.01148536,2014-11-04,4216,established,False,,15
2026-05-21,5650396773,a dusty trip [🚗CRATES],Adventure,Adventure,,10784,2315663522,2045976,1956168,214057,0.9014,0.8835,0.00088354,0.00739522,2024-02-16,824,mid,False,,16
2026-05-21,1235188606,[🔥PHOENIX] Dragon Adventures 🐉,Adventure,RPG,,8647,1595138937,13235507,1063634,75829,0.9335,8.2974,0.0082974,0.07021111,2019-07-15,2501,mid,False,,17
2026-05-21,2440500124,DOORS 👁️,Adventure,Survival,Escape,7501,7380487025,7810985,4515266,344384,0.9291,1.0583,0.00105833,0.00877418,2021-03-14,1894,breakout,True,2022,18
2026-05-21,245662005,Jailbreak ,Town and City,Action,Open World Action,5134,7895054368,18557484,5751944,806605,0.877,2.3505,0.00235052,0.01761261,2017-01-06,3421,top,True,2017,19
2026-05-21,47545,🍕Work at a Pizza Place,Town and City,Roleplay & Avatar Sim,Life,4865,5486307141,13326470,3390905,261068,0.9285,2.429,0.00242904,0.01914839,2008-03-28,6627,established,False,,20
2026-05-21,65241,Natural Disaster Survival,All,Survival,,4791,4257841302,11578167,4306554,437168,0.9078,2.7193,0.00271926,0.02092115,2008-03-28,6627,top,True,2014,21
2026-05-21,1359573625,Deepwoken [SALE],RPG,RPG,Action RPG,4113,1556327287,1012055,406226,63098,0.8656,0.6503,0.00065028,0.00468418,2019-10-12,2412,mid,False,,22
2026-05-21,31970568,Theme Park Tycoon 2,Building,Simulation,Tycoon,3564,1567279091,6025900,2050683,255290,0.8893,3.8448,0.00384482,0.02796506,2012-01-02,5253,established,False,,23
2026-05-21,321778215,Royale🌼High,All,Roleplay & Avatar Sim,Dress Up,3546,10394397457,13276550,3240555,532288,0.8589,1.2773,0.00127728,0.00896734,2017-04-10,3327,top,True,2018,24
2026-05-21,1516533665,Piggy,Horror,Survival,,3443,14192401121,12104202,3984457,431532,0.9023,0.8529,0.00085286,0.00626729,2020-01-23,2310,established,False,,25
2026-05-21,111958650,Arsenal,Fighting,Shooter,Deathmatch Shooter,2893,6208896459,11471673,5094942,659027,0.8855,1.8476,0.00184762,0.01303959,2015-08-18,3929,established,False,,26
2026-05-21,1720936166,[UPD] All Star Tower Defense,All,Strategy,Tower Defense,2064,7803911476,2310672,1482162,129164,0.9198,0.2961,0.00029609,0.00207887,2020-05-07,2205,established,False,,27
2026-05-21,2404080894,Funky Friday,All,Action,Music & Rhythm,1749,1980199269,4078898,1954310,212397,0.902,2.0598,0.00205984,0.01387378,2021-02-26,1909,lower_mid,False,,28
2026-05-21,113491250,Phantom Forces,FPS,Shooter,Deathmatch Shooter,1580,1771280350,5954721,2453120,248511,0.908,3.3618,0.00336182,0.02248472,2015-08-31,3916,established,False,,29
2026-05-21,2316994223,Pet Simulator X! 🐾,All,Simulation,Incremental Simulator,1450,8978920535,5964432,4212001,394858,0.9143,0.6643,0.00066427,0.00442141,2021-01-22,1944,breakout,True,2022,30
2026-05-21,1008451066,Da Hood,Town and City,Action,Open World Action,1396,2904213631,2986269,1287111,538250,0.7051,1.0283,0.00102825,0.00525087,2019-01-27,2671,established,False,,31
2026-05-21,2471084,🌳 Lumber Tycoon 2,Adventure,Simulation,Tycoon,1395,1295935338,4583043,2013129,282566,0.8769,3.5365,0.00353648,0.02245683,2009-07-30,6139,lower_mid,False,,32
2026-05-21,1511883870,Shinobi Life 2,All,RPG,Action RPG,1311,2655767448,3011784,2184130,144275,0.938,1.1341,0.00113405,0.00763724,2020-01-20,2312,established,False,,33
2026-05-21,110181652,Epic Minigames ✨,All,Party & Casual,Minigame,1226,2318931849,8308483,2220699,233627,0.9048,3.5829,0.00358289,0.02305701,2015-07-29,3949,lower_mid,False,,34
2026-05-21,1335695570,⚡Ninja Legends,Fighting,Simulation,Incremental Simulator,841,2145527072,4682325,1606656,130456,0.9249,2.1824,0.00218237,0.01359598,2019-09-22,2432,top,True,2020,35
2026-05-21,1434220026,My Restaurant! 👨‍🍳,All,Simulation,Tycoon,730,882629117,2674818,1080612,98956,0.9161,3.0305,0.00303051,0.01830792,2019-12-06,2358,established,False,,36
2026-05-21,83858907,Speed Run 4,Adventure,Obby & Platformer,,478,1726038394,4521989,1028270,364546,0.7383,2.6199,0.00261987,0.01193706,2014-10-20,4230,mid,False,,37
2026-05-21,1424449565,Super Golf!,Sports,Sports & Racing,Sports,278,249762605,966500,311663,79163,0.7974,3.8697,0.00386967,0.01737713,2019-11-29,2365,mid,False,,38
2026-05-21,3183403065,[🤹APRIL FOOL'S🤡] AA,All,Strategy,Tower Defense,135,2508179848,1393896,721172,65218,0.9171,0.5557,0.00055574,0.00250374,2021-12-21,1612,established,False,,39
2026-05-21,140239261,🏠 MeepCity 🏠,Town and City,Roleplay & Avatar Sim,,61,16271767932,14757794,2884586,515621,0.8484,0.907,0.00090696,0.00317551,2016-02-23,3739,top,True,2016,40
2026-05-21,81762198,[Sides] Vehicle Simulator,Town and City,Simulation,Vehicle Sim,12,665783471,3375105,1098980,133135,0.8919,5.0694,0.00506937,0.01159769,2014-08-08,4304,mid,False,,41
2026-05-21,1344222621,malymal91's Place,All,,,0,0,0,0,0,0.0,0.0,0.0,0.0,2019-09-29,2425,mid,False,,42
2026-05-21,67400893,efrenda's Place,All,,,0,0,0,0,0,0.0,0.0,0.0,0.0,2014-01-26,4497,lower_mid,False,,43
2026-05-21,1090335239,aleor3210's Place,All,,,0,0,0,0,0,0.0,0.0,0.0,0.0,2019-03-31,2608,lower_mid,False,,44
2026-05-21,2755335127,####'s Place,All,,,0,0,0,0,0,0.0,0.0,0.0,0.0,2021-07-19,1767,lower_mid,False,,45
2026-05-21,4494776745,chgcchfhcfvggjgvhc's Place,All,,,0,0,0,0,0,0.0,0.0,0.0,0.0,2023-03-19,1158,mid,False,,46
2026-05-21,4747349896,rgost1's Place,All,,,0,0,0,0,0,0.0,0.0,0.0,0.0,2023-06-07,1079,mid,False,,47
2026-05-21,1557606948,ProPro1052's Place,All,,,0,0,0,0,0,0.0,0.0,0.0,0.0,2020-02-17,2284,mid,False,,48
2026-05-22,1686885941,Brookhaven 🏡RP,Town and City,Roleplay & Avatar Sim,Life,374056,82629369275,27709457,8092087,1325691,0.8592,0.3353,0.00033535,0.00369748,2020-04-21,2222,top,True,2020,1
2026-05-22,994732206,Blox Fruits,Adventure,RPG,Action RPG,297069,61576352387,18882814,12108823,1038394,0.921,0.3067,0.00030666,0.00355919,2019-01-16,2683,top,True,2021,2
2026-05-22,383310974,[😻] Adopt Me!,RPG,Roleplay & Avatar Sim,Pet Care,271791,43551172583,29047893,9121703,1501862,0.8586,0.667,0.00066698,0.00716596,2017-07-14,3233,top,True,2019,3
2026-05-22,6035872082,RIVALS,FPS,Shooter,Deathmatch Shooter,260751,15018011814,75594073,9515793,592818,0.9414,5.0336,0.00503356,0.05909373,2024-05-26,725,breakout,True,2025,4
2026-05-22,7326934954,99 Nights in the Forest 🔦,All,Survival,,217773,26752761483,7648281,4875636,510773,0.9052,0.2859,0.00028589,0.00318069,2025-03-04,444,breakout,True,2026,5
2026-05-22,66654135,Murder Mystery 2,Horror,Survival,1 vs All,136940,25753577509,22056002,9632101,975698,0.908,0.8564,0.00085642,0.00919752,2014-01-18,4507,top,True,2017,6
2026-05-22,3808081382,The Strongest Battlegrounds,Fighting,Action,Battlegrounds & Fighting,118577,18071796225,7106052,5067982,963730,0.8402,0.3932,0.00039321,0.00386001,2022-08-02,1389,breakout,True,2024,7
2026-05-22,7436755782,[🍯] Grow a Garden 🌶️,All,Simulation,Tycoon,74290,35386414726,10967127,9289683,1044144,0.899,0.3099,0.00030992,0.00312481,2025-03-25,422,breakout,True,2025,8
2026-05-22,5361032378,Sol's RNG [ Eon 1 - 21🪐],All,Simulation,Incremental Simulator,57604,1875607635,949153,1333471,130488,0.9109,0.5061,0.00050605,0.00505258,2023-12-03,901,breakout,True,2025,9
2026-05-22,5750914919,Fisch 🐋 [HUMPBACK],Adventure,Simulation,,47412,4469294349,3368530,2843598,301630,0.9041,0.7537,0.00075371,0.00733666,2024-03-13,799,breakout,True,2025,10
2026-05-22,1831550657,🌊 Creatures of Sonaria 🦑 Survive Kaiju Animals,All,Roleplay & Avatar Sim,Animal Sim,23827,1980762108,9985357,1323808,108782,0.9241,5.0412,0.00504117,0.04694997,2020-06-25,2156,lower_mid,False,,11
2026-05-22,601130232,Bee Swarm Simulator,Adventure,Simulation,Incremental Simulator,22950,4416750181,6439498,2970992,138337,0.9555,1.458,0.00145797,0.01398833,2018-03-21,2983,top,True,2018,12
2026-05-22,7018190066,Dead Rails [ENDLESS],All,Adventure,Exploration,20673,6302668296,5741540,3274519,258505,0.9268,0.911,0.00091097,0.00838965,2025-01-01,505,breakout,True,2025,13
2026-05-22,3317679266,PLS DONATE 💸,All,Social,,14710,5096213018,4280479,3604322,264020,0.9317,0.8399,0.00083993,0.00751017,2022-02-05,1566,breakout,True,2024,14
2026-05-22,372226183,🌸 Flee the Facility 🌼,Horror,Survival,1 vs All,14431,5618489323,9478271,2669850,231464,0.9202,1.687,0.00168698,0.01486758,2017-07-01,3247,lower_mid,False,,15
2026-05-22,4777817887,Blade Ball,Fighting,Action,Battlegrounds & Fighting,14217,6164059717,12433085,8181016,565061,0.9354,2.017,0.00201703,0.01804125,2023-06-17,1070,breakout,True,2024,16
2026-05-22,210851291,Build A Boat For Treasure,Adventure,Simulation,Sandbox,12386,5009044430,8341690,3556136,254381,0.9332,1.6653,0.00166533,0.01464696,2016-11-02,3487,top,True,2017,17
2026-05-22,5650396773,a dusty trip [🚗CRATES],Adventure,Adventure,,11823,2317089021,2047578,1956665,214103,0.9014,0.8837,0.00088369,0.00746975,2024-02-16,825,mid,False,,18
2026-05-22,88070565,[🥐] Welcome to Bloxburg 🏡,Town and City,Roleplay & Avatar Sim,Life,11319,9932719156,13870261,5574501,733301,0.8837,1.3964,0.00139642,0.01151933,2014-11-04,4217,established,False,,19
2026-05-22,1235188606,[🔥PHOENIX] Dragon Adventures 🐉,Adventure,RPG,,8798,1595851295,13242247,1063936,75842,0.9335,8.2979,0.00829792,0.07035011,2019-07-15,2502,mid,False,,20
2026-05-22,2440500124,DOORS 👁️,Adventure,Survival,Escape,8455,7381952440,7812780,4515947,344412,0.9291,1.0584,0.00105836,0.00889221,2021-03-14,1895,breakout,True,2022,21
2026-05-22,1176784616,[🟢SLIME]  Tower Defense Simulator,All,Strategy,Tower Defense,7717,4692525383,3397552,1991977,126021,0.9405,0.724,0.00072403,0.00609544,2019-06-05,2543,established,False,,22
2026-05-22,73885730,Prison Life,Town and City,Action,Open World Action,6397,2900474791,5854194,1491903,260357,0.8514,2.0184,0.00201836,0.01506016,2014-05-02,4403,established,False,,23
2026-05-22,245662005,Jailbreak ,Town and City,Action,Open World Action,5251,7895782817,18558023,5752204,806627,0.877,2.3504,0.00235037,0.01765797,2017-01-06,3422,top,True,2017,24
2026-05-22,65241,Natural Disaster Survival,All,Survival,,5061,4259089808,11579708,4307055,437248,0.9078,2.7188,0.00271882,0.02105296,2008-03-28,6628,top,True,2014,25
2026-05-22,47545,🍕Work at a Pizza Place,Town and City,Roleplay & Avatar Sim,Life,4709,5486861009,13327705,3391269,261083,0.9285,2.429,0.00242902,0.01907481,2008-03-28,6628,established,False,,26
2026-05-22,1359573625,Deepwoken [SALE],RPG,RPG,Action RPG,4272,1557020804,1012449,406322,63111,0.8656,0.6502,0.00065025,0.00470528,2019-10-12,2413,mid,False,,27
2026-05-22,903807016,Emergency Response: Liberty County,Town and City,Roleplay & Avatar Sim,Life,3959,1494277891,2773121,1149489,114606,0.9093,1.8558,0.00185583,0.01397985,2018-11-01,2758,mid,False,,28
2026-05-22,31970568,Theme Park Tycoon 2,Building,Simulation,Tycoon,3813,1567537365,6026342,2050848,255292,0.8893,3.8445,0.00384446,0.02819356,2012-01-02,5254,established,False,,29
2026-05-22,321778215,Royale🌼High,All,Roleplay & Avatar Sim,Dress Up,3801,10394729935,13276714,3240647,532313,0.8589,1.2773,0.00127725,0.0090433,2017-04-10,3328,top,True,2018,30
2026-05-22,1516533665,Piggy,Horror,Survival,,3700,14193231299,12104850,3984803,431543,0.9023,0.8529,0.00085286,0.00632268,2020-01-23,2311,established,False,,31
2026-05-22,371263894,Greenville,Town and City,Roleplay & Avatar Sim,Life,3636,1370717053,2592122,1007773,142569,0.8761,1.8911,0.00189107,0.01358313,2017-06-28,3249,mid,False,,32
2026-05-22,111958650,Arsenal,Fighting,Shooter,Deathmatch Shooter,2944,6209518879,11472058,5095119,659061,0.8855,1.8475,0.0018475,0.01306727,2015-08-18,3930,established,False,,33
2026-05-22,1720936166,[UPD] All Star Tower Defense,All,Strategy,Tower Defense,2092,7804269384,2310686,1482214,129161,0.9198,0.2961,0.00029608,0.00208246,2020-05-07,2206,established,False,,34
2026-05-22,2404080894,Funky Friday,All,Action,Music & Rhythm,1905,1980471157,4079277,1954477,212407,0.902,2.0598,0.00205975,0.01403186,2021-02-26,1910,lower_mid,False,,35
2026-05-22,113491250,Phantom Forces,FPS,Shooter,Deathmatch Shooter,1602,1771473235,5954990,2453215,248518,0.908,3.3616,0.0033616,0.02252549,2015-08-31,3917,established,False,,36
2026-05-22,1008451066,Da Hood,Town and City,Action,Open World Action,1503,2904484694,2986326,1287168,538274,0.7051,1.0282,0.00102818,0.00530398,2019-01-27,2672,established,False,,37
2026-05-22,2316994223,Pet Simulator X! 🐾,All,Simulation,Incremental Simulator,1437,8979042923,5964429,4212071,394861,0.9143,0.6643,0.00066426,0.00441588,2021-01-22,1945,breakout,True,2022,38
2026-05-22,1511883870,Shinobi Life 2,All,RPG,Action RPG,1381,2655872091,3011896,2184195,144280,0.938,1.1341,0.00113405,0.00769251,2020-01-20,2313,established,False,,39
2026-05-22,2471084,🌳 Lumber Tycoon 2,Adventure,Simulation,Tycoon,1356,1296028385,4583168,2013187,282571,0.8769,3.5363,0.00353632,0.022368,2009-07-30,6140,lower_mid,False,,40
2026-05-22,110181652,Epic Minigames ✨,All,Party & Casual,Minigame,1260,2319165714,8310187,2221076,233649,0.9048,3.5833,0.00358327,0.0231482,2015-07-29,3950,lower_mid,False,,41
2026-05-22,1335695570,⚡Ninja Legends,Fighting,Simulation,Incremental Simulator,898,2145610648,4682442,1606734,130461,0.9249,2.1823,0.00218234,0.01372802,2019-09-22,2433,top,True,2020,42
2026-05-22,1434220026,My Restaurant! 👨‍🍳,All,Simulation,Tycoon,782,882675635,2674889,1080679,98959,0.9161,3.0304,0.00303043,0.01849827,2019-12-06,2359,established,False,,43
2026-05-22,2324662457,[🌑 SHADOW RAID] Anime Fighters,Adventure,Simulation,Incremental Simulator,514,1328668551,1568212,1148723,86704,0.9298,1.1803,0.00118029,0.00685269,2021-01-25,1942,mid,False,,44
2026-05-22,83858907,Speed Run 4,Adventure,Obby & Platformer,,505,1726156343,4522229,1028318,364572,0.7383,2.6198,0.00261983,0.01204286,2014-10-20,4231,mid,False,,45
2026-05-22,848145103,Dungeon Quest! ⚔️ RPG Adventure,Fighting,RPG,Action RPG,481,2322530997,5826584,1156398,102079,0.9189,2.5087,0.00250872,0.01424159,2018-09-25,2795,mid,False,,46
2026-05-22,1424449565,Super Golf!,Sports,Sports & Racing,Sports,297,249812055,966658,311705,79166,0.7975,3.8695,0.00386954,0.01758017,2019-11-29,2366,mid,False,,47
2026-05-22,1168263273,[🎃] Bad Business | FPS ,FPS,Shooter,Deathmatch Shooter,148,546457062,2181598,776920,131333,0.8554,3.9923,0.00399226,0.01708838,2019-05-29,2549,lower_mid,False,,48
2026-05-22,3183403065,[🤹APRIL FOOL'S🤡] AA,All,Strategy,Tower Defense,135,2508193466,1393960,721175,65221,0.9171,0.5558,0.00055576,0.00250383,2021-12-21,1613,established,False,,49
2026-05-22,140239261,🏠 MeepCity 🏠,Town and City,Roleplay & Avatar Sim,,73,16271801289,14757788,2884603,515639,0.8484,0.907,0.00090695,0.00331162,2016-02-23,3740,top,True,2016,50
2026-05-22,81762198,[Sides] Vehicle Simulator,Town and City,Simulation,Vehicle Sim,8,665785408,3375097,1098985,133135,0.8919,5.0693,0.00506935,0.00993494,2014-08-08,4305,mid,False,,51
2026-05-22,1344222621,malymal91's Place,All,,,0,0,0,0,0,0.0,0.0,0.0,0.0,2019-09-29,2426,mid,False,,52
2026-05-22,67400893,efrenda's Place,All,,,0,0,0,0,0,0.0,0.0,0.0,0.0,2014-01-26,4498,lower_mid,False,,53
2026-05-22,1090335239,aleor3210's Place,All,,,0,0,0,0,0,0.0,0.0,0.0,0.0,2019-03-31,2609,lower_mid,False,,54
2026-05-22,2755335127,####'s Place,All,,,0,0,0,0,0,0.0,0.0,0.0,0.0,2021-07-19,1768,lower_mid,False,,55
2026-05-22,4494776745,chgcchfhcfvggjgvhc's Place,All,,,0,0,0,0,0,0.0,0.0,0.0,0.0,2023-03-19,1159,mid,False,,56
2026-05-22,4747349896,rgost1's Place,All,,,0,0,0,0,0,0.0,0.0,0.0,0.0,2023-06-07,1080,mid,False,,57
2026-05-22,1557606948,ProPro1052's Place,All,,,0,0,0,0,0,0.0,0.0,0.0,0.0,2020-02-17,2285,mid,False,,58
2026-05-22,498598030,puppyluver112232's Place,All,,,0,0,0,0,0,0.0,0.0,0.0,0.0,2017-12-05,3089,mid,False,,59
2026-05-23,1686885941,Brookhaven 🏡RP,Town and City,Roleplay & Avatar Sim,Life,455558,82670108393,27735617,8096222,1326292,0.8592,0.3355,0.0003355,0.003756,2020-04-21,2223,top,True,2020,1
2026-05-23,383310974,[🦆] Adopt Me!,RPG,Roleplay & Avatar Sim,Pet Care,339894,43566604006,29055224,9125460,1501893,0.8587,0.6669,0.00066692,0.00729368,2017-07-14,3234,top,True,2019,2
2026-05-23,994732206,Blox Fruits,Adventure,RPG,Action RPG,334416,61599893704,18894645,12113107,1038596,0.921,0.3067,0.00030673,0.00359356,2019-01-16,2684,top,True,2021,3
2026-05-23,6035872082,RIVALS,FPS,Shooter,Deathmatch Shooter,283905,15050312466,75753791,9526229,593840,0.9413,5.0334,0.00503337,0.0594924,2024-05-26,726,breakout,True,2025,4
2026-05-23,7326934954,99 Nights in the Forest 🔦,All,Survival,,271885,26774826421,7668790,4879423,511320,0.9051,0.2864,0.00028642,0.00324404,2025-03-04,445,breakout,True,2026,5
2026-05-23,66654135,Murder Mystery 2,Horror,Survival,1 vs All,152395,25773482823,22070012,9636172,976054,0.908,0.8563,0.00085631,0.00927945,2014-01-18,4508,top,True,2017,6
2026-05-23,3808081382,The Strongest Battlegrounds,Fighting,Action,Battlegrounds & Fighting,130069,18091913613,7121527,5073306,964835,0.8402,0.3936,0.00039363,0.00389465,2022-08-02,1390,breakout,True,2024,7
2026-05-23,5361032378,Sol's RNG [ Eon 1 - 21🪐],All,Simulation,Incremental Simulator,81087,1878495559,950505,1334754,130535,0.9109,0.506,0.00050599,0.00520987,2023-12-03,902,breakout,True,2025,8
2026-05-23,7436755782,[🍯] Grow a Garden 🌶️,All,Simulation,Tycoon,79341,35392307837,10972270,9291084,1044247,0.899,0.31,0.00031002,0.00314411,2025-03-25,423,breakout,True,2025,9
2026-05-23,5750914919,Fisch 🐋 [HUMPBACK],Adventure,Simulation,,59984,4472221254,3373168,2845025,301661,0.9041,0.7542,0.00075425,0.00750262,2024-03-13,800,breakout,True,2025,10
2026-05-23,1831550657,🌋 Creatures of Sonaria 🌙 Survive Kaiju Animals,All,Roleplay & Avatar Sim,Animal Sim,36535,1983485848,9997678,1324815,108873,0.9241,5.0405,0.00504046,0.04893394,2020-06-25,2157,lower_mid,False,,11
2026-05-23,7018190066,Dead Rails [ENDLESS],All,Adventure,Exploration,28314,6305319412,5745712,3275293,258589,0.9268,0.9112,0.00091125,0.0086578,2025-01-01,506,breakout,True,2025,12
2026-05-23,601130232,Bee Swarm Simulator,Adventure,Simulation,Incremental Simulator,23924,4418314935,6440061,2971358,138337,0.9555,1.4576,0.00145758,0.01404257,2018-03-21,2984,top,True,2018,13
2026-05-23,1176784616,[⚽ EVENT]  Tower Defense Simulator,All,Strategy,Tower Defense,17707,4694620621,3398231,1992498,126036,0.9405,0.7239,0.00072386,0.00665936,2019-06-05,2544,established,False,,14
2026-05-23,210851291,Build A Boat For Treasure,Adventure,Simulation,Sandbox,16468,5010252771,8343192,3556710,254409,0.9332,1.6652,0.00166522,0.01508876,2016-11-02,3488,top,True,2017,15
2026-05-23,3317679266,PLS DONATE 💸,All,Social,,16430,5098890981,4283319,3605862,264129,0.9317,0.84,0.00084005,0.00759776,2022-02-05,1567,breakout,True,2024,16
2026-05-23,4777817887,Blade Ball,Fighting,Action,Battlegrounds & Fighting,16341,6166168891,12439016,8183054,565223,0.9354,2.0173,0.0020173,0.01830636,2023-06-17,1071,breakout,True,2024,17
2026-05-23,372226183,🌸 Flee the Facility 🌼,Horror,Survival,1 vs All,14549,5622011751,9480555,2671029,231535,0.9202,1.6863,0.00168633,0.01487465,2017-07-01,3248,lower_mid,False,,18
2026-05-23,88070565,[🥐] Welcome to Bloxburg 🏡,Town and City,Roleplay & Avatar Sim,Life,14228,9933977721,13871123,5574943,733306,0.8838,1.3963,0.00139633,0.01180092,2014-11-04,4218,established,False,,19
2026-05-23,5650396773,a dusty trip [🚗CRATES],Adventure,Adventure,,13524,2318750277,2049645,1957259,214158,0.9014,0.8839,0.00088394,0.00757905,2024-02-16,826,mid,False,,20
2026-05-23,2440500124,DOORS 👁️,Adventure,Survival,Escape,11932,7383859538,7815500,4516797,344449,0.9291,1.0585,0.00105846,0.00923179,2021-03-14,1896,breakout,True,2022,21
2026-05-23,1235188606,[2x EXP!] Dragon Adventures 🐉,Adventure,RPG,,11869,1596813202,13252550,1064352,75864,0.9335,8.2994,0.00829937,0.07268223,2019-07-15,2503,mid,False,,22
2026-05-23,245662005,Jailbreak (NEWS),Town and City,Action,Open World Action,6778,7896632106,18558867,5752634,806649,0.877,2.3502,0.00235023,0.01818304,2017-01-06,3423,top,True,2017,23
2026-05-23,73885730,Prison Life,Town and City,Action,Open World Action,6678,2901449591,5855311,1492196,260415,0.8514,2.0181,0.00201806,0.01513177,2014-05-02,4404,established,False,,24
2026-05-23,47545,🍕Work at a Pizza Place,Town and City,Roleplay & Avatar Sim,Life,6408,5487552193,13329408,3391737,261107,0.9285,2.429,0.00242903,0.0197696,2008-03-28,6629,established,False,,25
2026-05-23,65241,Natural Disaster Survival,All,Survival,,5811,4260523781,11581682,4307662,437325,0.9078,2.7184,0.00271837,0.02139036,2008-03-28,6629,top,True,2014,26
2026-05-23,31970568,Theme Park Tycoon 2,Building,Simulation,Tycoon,5751,1567874870,6027032,2051048,255302,0.8893,3.8441,0.00384408,0.02959548,2012-01-02,5255,established,False,,27
2026-05-23,1359573625,Deepwoken [SALE],RPG,RPG,Action RPG,5537,1557827307,1012737,406408,63142,0.8655,0.6501,0.0006501,0.00484992,2019-10-12,2414,mid,False,,28
2026-05-23,1516533665,Piggy,Horror,Survival,,5260,14194261225,12105752,3985221,431574,0.9023,0.8529,0.00085286,0.00659337,2020-01-23,2312,established,False,,29
2026-05-23,903807016,Emergency Response: Liberty County,Town and City,Roleplay & Avatar Sim,Life,5216,1494972890,2774117,1149742,114616,0.9093,1.8556,0.00185563,0.01444372,2018-11-01,2759,mid,False,,30
2026-05-23,321778215,Royale🌼High,All,Roleplay & Avatar Sim,Dress Up,5124,10395129042,13276964,3240796,532341,0.8589,1.2772,0.00127723,0.00937069,2017-04-10,3329,top,True,2018,31
2026-05-23,371263894,Greenville,Town and City,Roleplay & Avatar Sim,Life,4334,1371228187,2593011,1008028,142593,0.8761,1.891,0.00189101,0.01387371,2017-06-28,3250,mid,False,,32
2026-05-23,111958650,Arsenal,Fighting,Shooter,Deathmatch Shooter,3484,6210227108,11472776,5095310,659122,0.8855,1.8474,0.0018474,0.01334192,2015-08-18,3931,established,False,,33
2026-05-23,2404080894,[BALDI] Funky Friday,All,Action,Music & Rhythm,2937,1980857770,4079877,1954731,212419,0.902,2.0597,0.00205965,0.01483519,2021-02-26,1911,lower_mid,False,,34
2026-05-23,1720936166,[UPD] All Star Tower Defense,All,Strategy,Tower Defense,2254,7804725467,2310743,1482256,129160,0.9198,0.2961,0.00029607,0.0021027,2020-05-07,2207,established,False,,35
2026-05-23,113491250,Phantom Forces,FPS,Shooter,Deathmatch Shooter,1815,1771684920,5955236,2453312,248526,0.908,3.3613,0.00336134,0.02290453,2015-08-31,3918,established,False,,36
2026-05-23,1008451066,Da Hood,Town and City,Action,Open World Action,1808,2904779483,2986426,1287217,538302,0.7051,1.0281,0.00102811,0.00543746,2019-01-27,2673,established,False,,37
2026-05-23,1511883870,Shinobi Life 2,All,RPG,Action RPG,1774,2655999547,3012044,2184308,144287,0.938,1.1341,0.00113405,0.00795876,2020-01-20,2314,established,False,,38
2026-05-23,2471084,🌳 Lumber Tycoon 2,Adventure,Simulation,Tycoon,1719,1296131412,4583327,2013243,282573,0.8769,3.5362,0.00353616,0.02310212,2009-07-30,6140,lower_mid,False,,39
2026-05-23,2316994223,Pet Simulator X! 🐾,All,Simulation,Incremental Simulator,1563,8979172760,5964433,4212148,394865,0.9143,0.6643,0.00066425,0.00446683,2021-01-22,1946,breakout,True,2022,40
2026-05-23,110181652,Epic Minigames ✨,All,Party & Casual,Minigame,1440,2319418435,8311999,2221462,233674,0.9048,3.5837,0.00358366,0.02358353,2015-07-29,3951,lower_mid,False,,41
2026-05-23,1335695570,⚡Ninja Legends,Fighting,Simulation,Incremental Simulator,1161,2145717096,4682637,1606845,130464,0.9249,2.1823,0.00218232,0.01424591,2019-09-22,2434,top,True,2020,42
2026-05-23,1434220026,My Restaurant! 👨‍🍳,All,Simulation,Tycoon,988,882734989,2674973,1080772,98962,0.9161,3.0303,0.00303032,0.01914609,2019-12-06,2360,established,False,,43
2026-05-23,2324662457,[🌑 SHADOW RAID] Anime Fighters,Adventure,Simulation,Incremental Simulator,601,1328694548,1568200,1148741,86703,0.9298,1.1803,0.00118026,0.00702381,2021-01-25,1943,mid,False,,44
2026-05-23,848145103,Dungeon Quest! ⚔️ RPG Adventure,Fighting,RPG,Action RPG,572,2322602445,5827082,1156427,102081,0.9189,2.5089,0.00250886,0.01464107,2018-09-25,2796,mid,False,,45
2026-05-23,83858907,Speed Run 4,Adventure,Obby & Platformer,,562,1726299812,4522566,1028378,364600,0.7383,2.6198,0.0026198,0.01224915,2014-10-20,4232,mid,False,,46
2026-05-23,1424449565,Super Golf!,Sports,Sports & Racing,Sports,353,249869126,966837,311754,79173,0.7975,3.8694,0.00386937,0.01811103,2019-11-29,2367,mid,False,,47
2026-05-23,3183403065,[🤹APRIL FOOL'S🤡] AA,All,Strategy,Tower Defense,198,2508209349,1393923,721179,65222,0.9171,0.5557,0.00055574,0.00269775,2021-12-21,1614,established,False,,48
2026-05-23,1168263273,[🎃] Bad Business | FPS ,FPS,Shooter,Deathmatch Shooter,150,546483936,2181617,776934,131342,0.8554,3.9921,0.0039921,0.01713309,2019-05-29,2550,lower_mid,False,,49
2026-05-23,140239261,🏠 MeepCity 🏠,Town and City,Roleplay & Avatar Sim,,94,16271842741,14757745,2884639,515666,0.8483,0.9069,0.00090695,0.00350379,2016-02-23,3741,top,True,2016,50
2026-05-23,81762198,[Sides] Vehicle Simulator,Town and City,Simulation,Vehicle Sim,15,665787679,3375084,1098986,133135,0.8919,5.0693,0.00506931,0.01253641,2014-08-08,4306,mid,False,,51
2026-05-23,1344222621,malymal91's Place,All,,,0,0,0,0,0,0.0,0.0,0.0,0.0,2019-09-29,2427,mid,False,,52
2026-05-23,67400893,efrenda's Place,All,,,0,0,0,0,0,0.0,0.0,0.0,0.0,2014-01-26,4499,lower_mid,False,,53
2026-05-23,1090335239,aleor3210's Place,All,,,0,0,0,0,0,0.0,0.0,0.0,0.0,2019-03-31,2610,lower_mid,False,,54
2026-05-23,2755335127,####'s Place,All,,,0,0,0,0,0,0.0,0.0,0.0,0.0,2021-07-19,1769,lower_mid,False,,55
2026-05-23,4494776745,chgcchfhcfvggjgvhc's Place,All,,,0,0,0,0,0,0.0,0.0,0.0,0.0,2023-03-19,1160,mid,False,,56
2026-05-23,4747349896,rgost1's Place,All,,,0,0,0,0,0,0.0,0.0,0.0,0.0,2023-06-07,1081,mid,False,,57
2026-05-23,1557606948,ProPro1052's Place,All,,,0,0,0,0,0,0.0,0.0,0.0,0.0,2020-02-17,2286,mid,False,,58
2026-05-23,498598030,puppyluver112232's Place,All,,,0,0,0,0,0,0.0,0.0,0.0,0.0,2017-12-05,3090,mid,False,,59
2026-05-24,1686885941,Brookhaven 🏡RP,Town and City,Roleplay & Avatar Sim,Life,467564,82718274177,27764781,8101001,1326882,0.8593,0.3357,0.00033565,0.00376534,2020-04-21,2224,top,True,2020,1
2026-05-24,994732206,Blox Fruits,Adventure,RPG,Action RPG,331287,61626556740,18907375,12117790,1038878,0.921,0.3068,0.00030681,0.0035918,2019-01-16,2685,top,True,2021,2
2026-05-24,383310974,[🦆] Adopt Me!,RPG,Roleplay & Avatar Sim,Pet Care,322032,43583284787,29064506,9130530,1501939,0.8587,0.6669,0.00066687,0.00726284,2017-07-14,3235,top,True,2019,3
2026-05-24,6035872082,RIVALS,FPS,Shooter,Deathmatch Shooter,295134,15087716611,75946661,9538695,594993,0.9413,5.0337,0.00503367,0.05967759,2024-05-26,727,breakout,True,2025,4
2026-05-24,66654135,Murder Mystery 2,Horror,Survival,1 vs All,160260,25796655219,22086105,9640966,976515,0.908,0.8562,0.00085616,0.00931702,2014-01-18,4509,top,True,2017,5
2026-05-24,3808081382,The Strongest Battlegrounds,Fighting,Action,Battlegrounds & Fighting,117706,18113312412,7136454,5078740,965886,0.8402,0.394,0.00039399,0.00386512,2022-08-02,1391,breakout,True,2024,6
2026-05-24,5361032378,Sol's RNG [ Eon 1 - 21🪐],All,Simulation,Incremental Simulator,61826,1881553365,951883,1336140,130559,0.911,0.5059,0.0005059,0.00508436,2023-12-03,903,breakout,True,2025,7
2026-05-24,5750914919,Fisch 🕵️ [SHADY BAZAAR],Adventure,Simulation,,60448,4477859501,3378520,2847103,301794,0.9042,0.7545,0.00075449,0.00751053,2024-03-13,801,breakout,True,2025,8
2026-05-24,1831550657,🌋 Creatures of Sonaria 🌙 Survive Kaiju Animals,All,Roleplay & Avatar Sim,Animal Sim,34161,1986448978,10012592,1325967,108962,0.9241,5.0404,0.00504045,0.04862111,2020-06-25,2158,lower_mid,False,,9
2026-05-24,601130232,Bee Swarm Simulator,Adventure,Simulation,Incremental Simulator,24059,4419950326,6440789,2971765,138354,0.9555,1.4572,0.00145721,0.0140468,2018-03-21,2985,top,True,2018,10
2026-05-24,4777817887,Blade Ball,Fighting,Action,Battlegrounds & Fighting,17896,6168679472,12445594,8185493,565392,0.9354,2.0175,0.00201755,0.01848013,2023-06-17,1072,breakout,True,2024,11
2026-05-24,210851291,Build A Boat For Treasure,Adventure,Simulation,Sandbox,17834,5011751663,8344976,3557462,254454,0.9332,1.6651,0.00166508,0.01521133,2016-11-02,3489,top,True,2017,12
2026-05-24,3317679266,PLS DONATE 💸,All,Social,,17367,5102015596,4286653,3607694,264254,0.9318,0.8402,0.00084019,0.00764245,2022-02-05,1568,breakout,True,2024,13
2026-05-24,88070565,[🥐] Welcome to Bloxburg 🏡,Town and City,Roleplay & Avatar Sim,Life,15892,9935548237,13872142,5575493,733289,0.8838,1.3962,0.00139621,0.01193656,2014-11-04,4219,established,False,,14
2026-05-24,372226183,🌸 Flee the Facility 🌼,Horror,Survival,1 vs All,14665,5626232664,9483240,2672433,231639,0.9202,1.6855,0.00168554,0.0148801,2017-07-01,3249,lower_mid,False,,15
2026-05-24,5650396773,a dusty trip [💎CLASSES],Adventure,Adventure,,13807,2320605842,2051855,1958037,214226,0.9014,0.8842,0.00088419,0.00759772,2024-02-16,827,mid,False,,16
2026-05-24,2440500124,DOORS 👁️,Adventure,Survival,Escape,12565,7386222255,7818626,4517910,344482,0.9292,1.0585,0.00105854,0.00928347,2021-03-14,1897,breakout,True,2022,17
2026-05-24,1235188606,[2x EXP!] Dragon Adventures 🐉,Adventure,RPG,,10961,1597865401,13263939,1064810,75879,0.9335,8.301,0.00830104,0.07208126,2019-07-15,2504,mid,False,,18
2026-05-24,245662005,Jailbreak (NEWS),Town and City,Action,Open World Action,7180,7897643022,18559813,5752999,806683,0.877,2.35,0.00235004,0.01830042,2017-01-06,3424,top,True,2017,19
2026-05-24,47545,🍕Work at a Pizza Place,Town and City,Roleplay & Avatar Sim,Life,6854,5488389676,13331604,3392310,261122,0.9285,2.4291,0.00242906,0.01992173,2008-03-28,6630,established,False,,20
2026-05-24,31970568,Theme Park Tycoon 2,Building,Simulation,Tycoon,6412,1568293206,6027832,2051317,255312,0.8893,3.8436,0.00384356,0.02996363,2012-01-02,5256,established,False,,21
2026-05-24,1359573625,Deepwoken [SALE],RPG,RPG,Action RPG,5939,1558796449,1012981,406494,63167,0.8655,0.6498,0.00064985,0.00488736,2019-10-12,2415,mid,False,,22
2026-05-24,1516533665,Piggy,Horror,Survival,,5933,14195600682,12106954,3985775,431581,0.9023,0.8529,0.00085287,0.00668612,2020-01-23,2313,established,False,,23
2026-05-24,65241,Natural Disaster Survival,All,Survival,,5765,4262146213,11583924,4308354,437415,0.9078,2.7179,0.00271786,0.02136666,2008-03-28,6630,top,True,2014,24
2026-05-24,321778215,Royale🌼High,All,Roleplay & Avatar Sim,Dress Up,5755,10395672633,13277368,3241024,532400,0.8589,1.2772,0.0012772,0.00949781,2017-04-10,3330,top,True,2018,25
2026-05-24,111958650,Arsenal,Fighting,Shooter,Deathmatch Shooter,3632,6211040916,11473591,5095560,659175,0.8855,1.8473,0.00184729,0.0134091,2015-08-18,3932,established,False,,26
2026-05-24,2404080894,[BALDI] Funky Friday,All,Action,Music & Rhythm,2756,1981358363,4080729,1955035,212447,0.902,2.0596,0.00205956,0.01471645,2021-02-26,1912,lower_mid,False,,27
2026-05-24,1720936166,[UPD] All Star Tower Defense,All,Strategy,Tower Defense,2177,7805247252,2310774,1482315,129163,0.9198,0.2961,0.00029605,0.00209313,2020-05-07,2208,established,False,,28
2026-05-24,1008451066,Da Hood,Town and City,Action,Open World Action,2041,2905124067,2986549,1287297,538331,0.7051,1.028,0.00102803,0.00552487,2019-01-27,2674,established,False,,29
2026-05-24,1511883870,Shinobi Life 2,All,RPG,Action RPG,1958,2656170871,3012238,2184468,144295,0.938,1.1341,0.00113405,0.00806369,2020-01-20,2315,established,False,,30
2026-05-24,113491250,Phantom Forces,FPS,Shooter,Deathmatch Shooter,1950,1771913440,5955432,2453423,248555,0.908,3.361,0.00336102,0.02312102,2015-08-31,3919,established,False,,31
2026-05-24,2471084,🌳 Lumber Tycoon 2,Adventure,Simulation,Tycoon,1858,1296256996,4583545,2013310,282577,0.8769,3.536,0.00353598,0.02334201,2009-07-30,6141,lower_mid,False,,32
2026-05-24,2316994223,Pet Simulator X! 🐾,All,Simulation,Incremental Simulator,1677,8979324726,5964455,4212263,394868,0.9143,0.6642,0.00066424,0.00450951,2021-01-22,1947,breakout,True,2022,33
2026-05-24,110181652,Epic Minigames ✨,All,Party & Casual,Minigame,1519,2319695217,8314262,2221981,233697,0.9048,3.5842,0.0035842,0.02376054,2015-07-29,3952,lower_mid,False,,34
2026-05-24,1335695570,⚡Ninja Legends,Fighting,Simulation,Incremental Simulator,1293,2145848341,4682863,1606982,130468,0.9249,2.1823,0.00218229,0.01446296,2019-09-22,2435,top,True,2020,35
2026-05-24,1434220026,My Restaurant! 👨‍🍳,All,Simulation,Tycoon,1104,882810509,2675092,1080868,98963,0.9161,3.0302,0.0030302,0.01945331,2019-12-06,2361,established,False,,36
2026-05-24,83858907,Speed Run 4,Adventure,Obby & Platformer,,585,1726455532,4522948,1028459,364636,0.7383,2.6198,0.00261979,0.01232645,2014-10-20,4233,mid,False,,37
2026-05-24,1424449565,Super Golf!,Sports,Sports & Racing,Sports,368,249934774,967061,311795,79184,0.7975,3.8693,0.00386925,0.01823849,2019-11-29,2368,mid,False,,38
2026-05-24,3183403065,[🤹APRIL FOOL'S🤡] AA,All,Strategy,Tower Defense,186,2508227440,1393886,721183,65229,0.9171,0.5557,0.00055573,0.00266593,2021-12-21,1615,established,False,,39
2026-05-24,140239261,🏠 MeepCity 🏠,Town and City,Roleplay & Avatar Sim,,102,16271900801,14757743,2884679,515693,0.8483,0.9069,0.00090695,0.00356596,2016-02-23,3742,top,True,2016,40
2026-05-24,81762198,[Sides] Vehicle Simulator,Town and City,Simulation,Vehicle Sim,8,665790356,3375066,1098993,133134,0.8919,5.0693,0.00506926,0.00993479,2014-08-08,4307,mid,False,,41
2026-05-24,1344222621,malymal91's Place,All,,,0,0,0,0,0,0.0,0.0,0.0,0.0,2019-09-29,2428,mid,False,,42
2026-05-24,67400893,efrenda's Place,All,,,0,0,0,0,0,0.0,0.0,0.0,0.0,2014-01-26,4500,lower_mid,False,,43
2026-05-24,1090335239,aleor3210's Place,All,,,0,0,0,0,0,0.0,0.0,0.0,0.0,2019-03-31,2611,lower_mid,False,,44
2026-05-24,2755335127,####'s Place,All,,,0,0,0,0,0,0.0,0.0,0.0,0.0,2021-07-19,1770,lower_mid,False,,45
2026-05-24,4494776745,chgcchfhcfvggjgvhc's Place,All,,,0,0,0,0,0,0.0,0.0,0.0,0.0,2023-03-19,1161,mid,False,,46
2026-05-24,4747349896,rgost1's Place,All,,,0,0,0,0,0,0.0,0.0,0.0,0.0,2023-06-07,1082,mid,False,,47
2026-05-24,1557606948,ProPro1052's Place,All,,,0,0,0,0,0,0.0,0.0,0.0,0.0,2020-02-17,2287,mid,False,,48
2026-05-25,1686885941,Brookhaven 🏡RP,Town and City,Roleplay & Avatar Sim,Life,452568,82763982090,27792086,8105691,1327370,0.8593,0.3358,0.0003358,0.00375766,2020-04-21,2225,top,True,2020,1
2026-05-25,994732206,Blox Fruits,Adventure,RPG,Action RPG,317448,61652773580,18919436,12122275,1039048,0.9211,0.3069,0.00030687,0.00358056,2019-01-16,2686,top,True,2021,2
2026-05-25,383310974,[🦆] Adopt Me!,RPG,Roleplay & Avatar Sim,Pet Care,277057,43598228377,29073143,9135166,1501949,0.8588,0.6668,0.00066684,0.00717688,2017-07-14,3236,top,True,2019,3
2026-05-25,6035872082,RIVALS,FPS,Shooter,Deathmatch Shooter,267594,15124202554,76138455,9551744,595983,0.9413,5.0342,0.00503421,0.05921875,2024-05-26,728,breakout,True,2025,4
2026-05-25,7326934954,99 Nights in the Forest 🔦,All,Survival,,245999,26831945631,7719452,4889857,512733,0.9051,0.2877,0.0002877,0.00323227,2025-03-04,447,breakout,True,2026,5
2026-05-25,66654135,Murder Mystery 2,Horror,Survival,1 vs All,166279,25820233052,22102004,9646031,976956,0.908,0.856,0.000856,0.00934393,2014-01-18,4510,top,True,2017,6
2026-05-25,3808081382,The Strongest Battlegrounds,Fighting,Action,Battlegrounds & Fighting,105548,18132205692,7148623,5083051,966892,0.8402,0.3943,0.00039425,0.00383145,2022-08-02,1392,breakout,True,2024,7
2026-05-25,7436755782,[🐝] Grow a Garden 🌶️,All,Simulation,Tycoon,104994,35411857110,10986837,9295611,1044456,0.899,0.3103,0.00031026,0.00322477,2025-03-25,425,breakout,True,2025,8
2026-05-25,5750914919,Fisch 🕵️ [SHADY BAZAAR],Adventure,Simulation,,61849,4482241320,3383191,2848864,301888,0.9042,0.7548,0.0007548,0.00752942,2024-03-13,802,breakout,True,2025,9
2026-05-25,5361032378,Sol's RNG [ Eon 1 - 21🪐],All,Simulation,Incremental Simulator,58939,1884532054,953025,1337340,130578,0.911,0.5057,0.00050571,0.00506072,2023-12-03,904,breakout,True,2025,10
2026-05-25,1831550657,🌋 Creatures of Sonaria 🌙 Survive Kaiju Animals,All,Roleplay & Avatar Sim,Animal Sim,30551,1989208937,10026335,1327190,109018,0.9241,5.0404,0.00504036,0.0481016,2020-06-25,2159,lower_mid,False,,11
2026-05-25,7018190066,Dead Rails [ENDLESS],All,Adventure,Exploration,26168,6311885069,5754716,3277137,258848,0.9268,0.9117,0.00091173,0.00859547,2025-01-01,508,breakout,True,2025,12
2026-05-25,601130232,Bee Swarm Simulator,Adventure,Simulation,Incremental Simulator,24027,4421705955,6441503,2972193,138378,0.9555,1.4568,0.00145679,0.01404091,2018-03-21,2986,top,True,2018,13
2026-05-25,210851291,Build A Boat For Treasure,Adventure,Simulation,Sandbox,16794,5013266199,8346671,3558226,254476,0.9333,1.6649,0.00166492,0.0151166,2016-11-02,3490,top,True,2017,14
2026-05-25,372226183,🌸 Flee the Facility 🌼,Horror,Survival,1 vs All,16613,5630633530,9485988,2673849,231742,0.9202,1.6847,0.00168471,0.01506623,2017-07-01,3250,lower_mid,False,,15
2026-05-25,3317679266,PLS DONATE 💸,All,Social,,16469,5105181450,4289920,3609504,264375,0.9318,0.8403,0.00084031,0.00760199,2022-02-05,1569,breakout,True,2024,16
2026-05-25,4777817887,Blade Ball,Fighting,Action,Battlegrounds & Fighting,15508,6171468385,12451613,8187794,565613,0.9354,2.0176,0.00201761,0.0182103,2023-06-17,1073,breakout,True,2024,17
2026-05-25,88070565,[🥐] Welcome to Bloxburg 🏡,Town and City,Roleplay & Avatar Sim,Life,15148,9937258003,13873284,5576076,733274,0.8838,1.3961,0.00139609,0.0118765,2014-11-04,4220,established,False,,18
2026-05-25,5650396773,a dusty trip [💎CLASSES],Adventure,Adventure,,12941,2322495956,2054075,1958849,214286,0.9014,0.8844,0.00088443,0.00754822,2024-02-16,828,mid,False,,19
2026-05-25,2440500124,DOORS 👁️,Adventure,Survival,Escape,11228,7388560468,7821730,4518981,344549,0.9292,1.0586,0.00105863,0.00917359,2021-03-14,1898,breakout,True,2022,20
2026-05-25,1235188606,[2x EXP!] Dragon Adventures 🐉,Adventure,RPG,,10371,1598855524,13274968,1065256,75897,0.9335,8.3028,0.00830279,0.0716686,2019-07-15,2505,mid,False,,21
2026-05-25,245662005,Jailbreak (NEWS),Town and City,Action,Open World Action,6686,7898684999,18560728,5753383,806715,0.877,2.3499,0.00234985,0.01815209,2017-01-06,3425,top,True,2017,22
2026-05-25,47545,🍕Work at a Pizza Place,Town and City,Roleplay & Avatar Sim,Life,6478,5489247040,13333821,3392869,261139,0.9285,2.4291,0.00242908,0.01979484,2008-03-28,6631,established,False,,23
2026-05-25,31970568,Theme Park Tycoon 2,Building,Simulation,Tycoon,6101,1568731818,6028698,2051631,255314,0.8893,3.843,0.00384304,0.02979014,2012-01-02,5257,established,False,,24
2026-05-25,321778215,Royale🌼High,All,Roleplay & Avatar Sim,Dress Up,5938,10396269521,13277810,3241300,532473,0.8589,1.2772,0.00127717,0.00953184,2017-04-10,3331,top,True,2018,25
2026-05-25,1516533665,Piggy,Horror,Survival,,5795,14197023809,12108208,3986382,431621,0.9023,0.8529,0.00085287,0.00666807,2020-01-23,2314,established,False,,26
2026-05-25,1359573625,Deepwoken [SALE],RPG,RPG,Action RPG,5652,1559791513,1013204,406615,63191,0.8655,0.6496,0.00064958,0.00485742,2019-10-12,2416,mid,False,,27
2026-05-25,65241,Natural Disaster Survival,All,Survival,,5401,4263796992,11586158,4309035,437518,0.9078,2.7173,0.00271733,0.02120149,2008-03-28,6631,top,True,2014,28
2026-05-25,111958650,Arsenal,Fighting,Shooter,Deathmatch Shooter,3513,6211882007,11474375,5095828,659231,0.8855,1.8472,0.00184717,0.01335368,2015-08-18,3933,established,False,,29
2026-05-25,2404080894,[BALDI] Funky Friday,All,Action,Music & Rhythm,3382,1981801642,4081481,1955292,212469,0.902,2.0595,0.00205948,0.01509602,2021-02-26,1913,lower_mid,False,,30
2026-05-25,1720936166,[UPD] All Star Tower Defense,All,Strategy,Tower Defense,2186,7805696803,2310810,1482377,129162,0.9199,0.296,0.00029604,0.00209417,2020-05-07,2209,established,False,,31
2026-05-25,1511883870,Shinobi Life 2,All,RPG,Action RPG,1969,2656350398,3012437,2184605,144306,0.938,1.1341,0.00113405,0.00806963,2020-01-20,2316,established,False,,32
2026-05-25,113491250,Phantom Forces,FPS,Shooter,Deathmatch Shooter,1870,1772148832,5955695,2453545,248564,0.908,3.3607,0.00336072,0.02299123,2015-08-31,3920,established,False,,33
2026-05-25,1008451066,Da Hood,Town and City,Action,Open World Action,1827,2905474549,2986683,1287378,538354,0.7051,1.028,0.00102795,0.00544424,2019-01-27,2675,established,False,,34
2026-05-25,2471084,🌳 Lumber Tycoon 2,Adventure,Simulation,Tycoon,1756,1296391213,4583752,2013395,282579,0.8769,3.5358,0.00353578,0.02316578,2009-07-30,6143,lower_mid,False,,35
2026-05-25,2316994223,Pet Simulator X! 🐾,All,Simulation,Incremental Simulator,1649,8979482617,5964513,4212364,394869,0.9143,0.6642,0.00066424,0.00449926,2021-01-22,1948,breakout,True,2022,36
2026-05-25,110181652,Epic Minigames ✨,All,Party & Casual,Minigame,1503,2319985218,8316408,2222491,233714,0.9048,3.5847,0.00358468,0.02372973,2015-07-29,3953,lower_mid,False,,37
2026-05-25,1434220026,My Restaurant! 👨‍🍳,All,Simulation,Tycoon,1213,882891802,2675234,1080976,98975,0.9161,3.0301,0.00303008,0.01971366,2019-12-06,2362,established,False,,38
2026-05-25,1335695570,⚡Ninja Legends,Fighting,Simulation,Incremental Simulator,1172,2145977805,4683079,1607105,130473,0.9249,2.1823,0.00218226,0.01426464,2019-09-22,2436,top,True,2020,39
2026-05-25,2324662457,[🌑 SHADOW RAID] Anime Fighters,Adventure,Simulation,Incremental Simulator,551,1328758277,1568166,1148777,86709,0.9298,1.1802,0.00118017,0.00692815,2021-01-25,1945,mid,False,,40
2026-05-25,83858907,Speed Run 4,Adventure,Obby & Platformer,,549,1726607463,4523317,1028539,364658,0.7383,2.6198,0.00261977,0.01220381,2014-10-20,4234,mid,False,,41
2026-05-25,1424449565,Super Golf!,Sports,Sports & Racing,Sports,386,250001092,967306,311846,79196,0.7975,3.8692,0.00386921,0.01838528,2019-11-29,2369,mid,False,,42
2026-05-25,3183403065,[🤹APRIL FOOL'S🤡] AA,All,Strategy,Tower Defense,145,2508246014,1393828,721184,65233,0.9171,0.5557,0.0005557,0.00253966,2021-12-21,1616,established,False,,43
2026-05-25,140239261,🏠 MeepCity 🏠,Town and City,Roleplay & Avatar Sim,,108,16271969254,14757730,2884730,515724,0.8483,0.9069,0.00090694,0.00360949,2016-02-23,3743,top,True,2016,44
2026-05-25,81762198,[Sides] Vehicle Simulator,Town and City,Simulation,Vehicle Sim,13,665793301,3375045,1098996,133132,0.8919,5.0692,0.00506921,0.01193244,2014-08-08,4308,mid,False,,45
2026-05-25,1344222621,malymal91's Place,All,,,0,0,0,0,0,0.0,0.0,0.0,0.0,2019-09-29,2429,mid,False,,46
2026-05-25,67400893,efrenda's Place,All,,,0,0,0,0,0,0.0,0.0,0.0,0.0,2014-01-26,4501,lower_mid,False,,47
2026-05-25,1090335239,aleor3210's Place,All,,,0,0,0,0,0,0.0,0.0,0.0,0.0,2019-03-31,2612,lower_mid,False,,48
2026-05-25,2755335127,####'s Place,All,,,0,0,0,0,0,0.0,0.0,0.0,0.0,2021-07-19,1771,lower_mid,False,,49
2026-05-25,4494776745,chgcchfhcfvggjgvhc's Place,All,,,0,0,0,0,0,0.0,0.0,0.0,0.0,2023-03-19,1162,mid,False,,50
2026-05-25,4747349896,rgost1's Place,All,,,0,0,0,0,0,0.0,0.0,0.0,0.0,2023-06-07,1083,mid,False,,51
2026-05-25,1557606948,ProPro1052's Place,All,,,0,0,0,0,0,0.0,0.0,0.0,0.0,2020-02-17,2288,mid,False,,52
